cell_id,lat_c,lon_c,cls,wc_mode
r00c04,5.5,72.5,other,80.0
r00c05,5.5,73.5,other,80.0
r00c11,5.5,79.5,other,80.0
r00c12,5.5,80.5,other,80.0
r00c13,5.5,81.5,other,80.0
r00c26,5.5,94.5,other,80.0
r00c27,5.5,95.5,other,80.0
r00c28,5.5,96.5,other,80.0
r00c29,5.5,97.5,other,80.0
r00c30,5.5,98.5,other,80.0
r00c31,5.5,99.5,other,80.0
r00c32,5.5,100.5,modelled,10.0
r00c33,5.5,101.5,modelled,10.0
r01c04,6.5,72.5,other,80.0
r01c05,6.5,73.5,other,80.0
r01c11,6.5,79.5,other,80.0
r01c12,6.5,80.5,modelled,10.0
r01c13,6.5,81.5,modelled,10.0
r01c14,6.5,82.5,other,80.0
r01c25,6.5,93.5,other,80.0
r01c26,6.5,94.5,other,80.0
r01c27,6.5,95.5,other,80.0
r01c30,6.5,98.5,other,80.0
r01c31,6.5,99.5,other,80.0
r01c32,6.5,100.5,modelled,10.0
r01c33,6.5,101.5,modelled,10.0
r02c04,7.5,72.5,other,80.0
r02c05,7.5,73.5,other,80.0
r02c08,7.5,76.5,other,80.0
r02c09,7.5,77.5,other,80.0
r02c10,7.5,78.5,other,80.0
r02c11,7.5,79.5,other,80.0
r02c12,7.5,80.5,modelled,10.0
r02c13,7.5,81.5,modelled,10.0
r02c14,7.5,82.5,other,80.0
r02c24,7.5,92.5,other,80.0
r02c25,7.5,93.5,other,80.0
r02c26,7.5,94.5,other,80.0
r02c29,7.5,97.5,other,80.0
r02c30,7.5,98.5,other,80.0
r02c31,7.5,99.5,modelled,10.0
r02c32,7.5,100.5,other,80.0
r02c33,7.5,101.5,other,80.0
r03c04,8.5,72.5,other,80.0
r03c05,8.5,73.5,other,80.0
r03c08,8.5,76.5,other,80.0
r03c09,8.5,77.5,modelled,10.0
r03c10,8.5,78.5,other,80.0
r03c11,8.5,79.5,other,80.0
r03c12,8.5,80.5,modelled,10.0
r03c13,8.5,81.5,other,80.0
r03c24,8.5,92.5,other,80.0
r03c25,8.5,93.5,other,80.0
r03c29,8.5,97.5,other,80.0
r03c30,8.5,98.5,modelled,10.0
r03c31,8.5,99.5,modelled,10.0
r03c32,8.5,100.5,other,80.0
r03c33,8.5,101.5,other,80.0
r04c05,9.5,73.5,other,80.0
r04c07,9.5,75.5,other,80.0
r04c08,9.5,76.5,modelled,10.0
r04c09,9.5,77.5,modelled,10.0
r04c10,9.5,78.5,cropland,40.0
r04c11,9.5,79.5,other,80.0
r04c12,9.5,80.5,other,80.0
r04c13,9.5,81.5,other,80.0
r04c24,9.5,92.5,other,80.0
r04c25,9.5,93.5,other,80.0
r04c29,9.5,97.5,other,80.0
r04c30,9.5,98.5,modelled,10.0
r04c31,9.5,99.5,other,80.0
r04c32,9.5,100.5,other,80.0
r05c03,10.5,71.5,other,80.0
r05c04,10.5,72.5,other,80.0
r05c05,10.5,73.5,other,80.0
r05c07,10.5,75.5,other,80.0
r05c08,10.5,76.5,modelled,10.0
r05c09,10.5,77.5,modelled,10.0
r05c10,10.5,78.5,cropland,40.0
r05c11,10.5,79.5,cropland,40.0
r05c12,10.5,80.5,other,80.0
r05c23,10.5,91.5,other,80.0
r05c24,10.5,92.5,other,80.0
r05c25,10.5,93.5,other,80.0
r05c29,10.5,97.5,other,80.0
r05c30,10.5,98.5,other,80.0
r05c31,10.5,99.5,other,80.0
r05c32,10.5,100.5,other,80.0
r06c03,11.5,71.5,other,80.0
r06c04,11.5,72.5,other,80.0
r06c05,11.5,73.5,other,80.0
r06c06,11.5,74.5,other,80.0
r06c07,11.5,75.5,other,80.0
r06c08,11.5,76.5,modelled,10.0
r06c09,11.5,77.5,modelled,10.0
r06c10,11.5,78.5,cropland,40.0
r06c11,11.5,79.5,cropland,40.0
r06c12,11.5,80.5,other,80.0
r06c23,11.5,91.5,other,80.0
r06c24,11.5,92.5,other,80.0
r06c25,11.5,93.5,other,80.0
r06c26,11.5,94.5,other,80.0
r06c29,11.5,97.5,other,80.0
r06c30,11.5,98.5,other,80.0
r06c31,11.5,99.5,modelled,10.0
r06c32,11.5,100.5,other,80.0
r06c33,11.5,101.5,other,80.0
r07c06,12.5,74.5,other,80.0
r07c07,12.5,75.5,modelled,10.0
r07c08,12.5,76.5,cropland,40.0
r07c09,12.5,77.5,modelled,10.0
r07c10,12.5,78.5,cropland,40.0
r07c11,12.5,79.5,cropland,40.0
r07c12,12.5,80.5,other,80.0
r07c24,12.5,92.5,other,80.0
r07c25,12.5,93.5,other,80.0
r07c26,12.5,94.5,other,80.0
r07c29,12.5,97.5,other,80.0
r07c30,12.5,98.5,other,80.0
r07c31,12.5,99.5,modelled,10.0
r07c32,12.5,100.5,other,80.0
r07c33,12.5,101.5,other,80.0
r08c06,13.5,74.5,other,80.0
r08c07,13.5,75.5,modelled,10.0
r08c08,13.5,76.5,cropland,40.0
r08c09,13.5,77.5,cropland,40.0
r08c10,13.5,78.5,cropland,40.0
r08c11,13.5,79.5,cropland,40.0
r08c12,13.5,80.5,other,80.0
r08c24,13.5,92.5,other,80.0
r08c25,13.5,93.5,other,80.0
r08c26,13.5,94.5,other,80.0
r08c29,13.5,97.5,other,80.0
r08c30,13.5,98.5,modelled,10.0
r08c31,13.5,99.5,modelled,10.0
r08c32,13.5,100.5,other,80.0
r08c33,13.5,101.5,modelled,10.0
r09c05,14.5,73.5,other,80.0
r09c06,14.5,74.5,modelled,10.0
r09c07,14.5,75.5,cropland,40.0
r09c08,14.5,76.5,cropland,40.0
r09c09,14.5,77.5,cropland,40.0
r09c10,14.5,78.5,cropland,40.0
r09c11,14.5,79.5,cropland,40.0
r09c12,14.5,80.5,other,80.0
r09c25,14.5,93.5,other,80.0
r09c26,14.5,94.5,other,80.0
r09c29,14.5,97.5,other,80.0
r09c30,14.5,98.5,modelled,10.0
r09c31,14.5,99.5,cropland,40.0
r09c32,14.5,100.5,cropland,40.0
r09c33,14.5,101.5,modelled,10.0
r10c05,15.5,73.5,other,80.0
r10c06,15.5,74.5,modelled,10.0
r10c07,15.5,75.5,cropland,40.0
r10c08,15.5,76.5,cropland,40.0
r10c09,15.5,77.5,cropland,40.0
r10c10,15.5,78.5,cropland,40.0
r10c11,15.5,79.5,cropland,40.0
r10c12,15.5,80.5,other,80.0
r10c13,15.5,81.5,other,80.0
r10c25,15.5,93.5,other,80.0
r10c26,15.5,94.5,other,80.0
r10c27,15.5,95.5,other,80.0
r10c28,15.5,96.5,other,80.0
r10c29,15.5,97.5,other,10.0
r10c30,15.5,98.5,modelled,10.0
r10c31,15.5,99.5,modelled,10.0
r10c32,15.5,100.5,cropland,40.0
r10c33,15.5,101.5,cropland,40.0
r11c04,16.5,72.5,other,80.0
r11c05,16.5,73.5,modelled,10.0
r11c06,16.5,74.5,cropland,40.0
r11c07,16.5,75.5,cropland,40.0
r11c08,16.5,76.5,cropland,40.0
r11c09,16.5,77.5,cropland,40.0
r11c10,16.5,78.5,cropland,40.0
r11c11,16.5,79.5,cropland,40.0
r11c12,16.5,80.5,cropland,40.0
r11c13,16.5,81.5,other,80.0
r11c14,16.5,82.5,other,80.0
r11c25,16.5,93.5,other,80.0
r11c26,16.5,94.5,other,80.0
r11c27,16.5,95.5,cropland,40.0
r11c28,16.5,96.5,cropland,40.0
r11c29,16.5,97.5,other,80.0
r11c30,16.5,98.5,modelled,10.0
r11c31,16.5,99.5,cropland,40.0
r11c32,16.5,100.5,cropland,40.0
r11c33,16.5,101.5,modelled,10.0
r12c04,17.5,72.5,other,80.0
r12c05,17.5,73.5,modelled,10.0
r12c06,17.5,74.5,cropland,40.0
r12c07,17.5,75.5,cropland,40.0
r12c08,17.5,76.5,cropland,40.0
r12c09,17.5,77.5,cropland,40.0
r12c10,17.5,78.5,cropland,40.0
r12c11,17.5,79.5,cropland,40.0
r12c12,17.5,80.5,cropland,40.0
r12c13,17.5,81.5,modelled,10.0
r12c14,17.5,82.5,modelled,10.0
r12c15,17.5,83.5,other,80.0
r12c16,17.5,84.5,other,80.0
r12c25,17.5,93.5,other,80.0
r12c26,17.5,94.5,modelled,10.0
r12c27,17.5,95.5,cropland,40.0
r12c28,17.5,96.5,cropland,40.0
r12c29,17.5,97.5,modelled,10.0
r12c30,17.5,98.5,modelled,10.0
r12c31,17.5,99.5,modelled,10.0
r12c32,17.5,100.5,modelled,10.0
r12c33,17.5,101.5,modelled,10.0
r13c04,18.5,72.5,other,80.0
r13c05,18.5,73.5,modelled,10.0
r13c06,18.5,74.5,cropland,40.0
r13c07,18.5,75.5,cropland,40.0
r13c08,18.5,76.5,cropland,40.0
r13c09,18.5,77.5,cropland,40.0
r13c10,18.5,78.5,cropland,40.0
r13c11,18.5,79.5,cropland,40.0
r13c12,18.5,80.5,modelled,10.0
r13c13,18.5,81.5,modelled,10.0
r13c14,18.5,82.5,modelled,10.0
r13c15,18.5,83.5,modelled,10.0
r13c16,18.5,84.5,other,80.0
r13c17,18.5,85.5,other,80.0
r13c25,18.5,93.5,other,80.0
r13c26,18.5,94.5,modelled,10.0
r13c27,18.5,95.5,cropland,40.0
r13c28,18.5,96.5,modelled,10.0
r13c29,18.5,97.5,modelled,10.0
r13c30,18.5,98.5,modelled,10.0
r13c31,18.5,99.5,modelled,10.0
r13c32,18.5,100.5,modelled,10.0
r13c33,18.5,101.5,modelled,10.0
r14c04,19.5,72.5,other,80.0
r14c05,19.5,73.5,cropland,40.0
r14c06,19.5,74.5,cropland,40.0
r14c07,19.5,75.5,cropland,40.0
r14c08,19.5,76.5,cropland,40.0
r14c09,19.5,77.5,cropland,40.0
r14c10,19.5,78.5,cropland,40.0
r14c11,19.5,79.5,cropland,40.0
r14c12,19.5,80.5,modelled,10.0
r14c13,19.5,81.5,modelled,10.0
r14c14,19.5,82.5,cropland,40.0
r14c15,19.5,83.5,modelled,10.0
r14c16,19.5,84.5,modelled,10.0
r14c17,19.5,85.5,other,80.0
r14c18,19.5,86.5,other,80.0
r14c24,19.5,92.5,other,80.0
r14c25,19.5,93.5,other,80.0
r14c26,19.5,94.5,modelled,10.0
r14c27,19.5,95.5,modelled,10.0
r14c28,19.5,96.5,modelled,10.0
r14c29,19.5,97.5,modelled,10.0
r14c30,19.5,98.5,modelled,10.0
r14c31,19.5,99.5,modelled,10.0
r14c32,19.5,100.5,modelled,10.0
r14c33,19.5,101.5,modelled,10.0
r15c01,20.5,69.5,other,80.0
r15c02,20.5,70.5,other,80.0
r15c03,20.5,71.5,other,80.0
r15c04,20.5,72.5,other,80.0
r15c05,20.5,73.5,modelled,10.0
r15c06,20.5,74.5,cropland,40.0
r15c07,20.5,75.5,cropland,40.0
r15c08,20.5,76.5,cropland,40.0
r15c09,20.5,77.5,cropland,40.0
r15c10,20.5,78.5,cropland,40.0
r15c11,20.5,79.5,cropland,40.0
r15c12,20.5,80.5,cropland,40.0
r15c13,20.5,81.5,modelled,10.0
r15c14,20.5,82.5,modelled,10.0
r15c15,20.5,83.5,modelled,10.0
r15c16,20.5,84.5,modelled,10.0
r15c17,20.5,85.5,cropland,40.0
r15c18,20.5,86.5,cropland,40.0
r15c19,20.5,87.5,other,80.0
r15c23,20.5,91.5,other,80.0
r15c24,20.5,92.5,other,80.0
r15c25,20.5,93.5,other,10.0
r15c26,20.5,94.5,modelled,10.0
r15c27,20.5,95.5,cropland,40.0
r15c28,20.5,96.5,cropland,40.0
r15c29,20.5,97.5,modelled,10.0
r15c30,20.5,98.5,other,10.0
r15c31,20.5,99.5,modelled,10.0
r15c32,20.5,100.5,modelled,10.0
r15c33,20.5,101.5,modelled,10.0
r16c00,21.5,68.5,other,80.0
r16c01,21.5,69.5,other,80.0
r16c02,21.5,70.5,cropland,40.0
r16c03,21.5,71.5,cropland,40.0
r16c04,21.5,72.5,other,80.0
r16c05,21.5,73.5,cropland,40.0
r16c06,21.5,74.5,cropland,40.0
r16c07,21.5,75.5,cropland,40.0
r16c08,21.5,76.5,cropland,40.0
r16c09,21.5,77.5,cropland,40.0
r16c10,21.5,78.5,cropland,40.0
r16c11,21.5,79.5,cropland,40.0
r16c12,21.5,80.5,modelled,10.0
r16c13,21.5,81.5,cropland,40.0
r16c14,21.5,82.5,cropland,40.0
r16c15,21.5,83.5,cropland,40.0
r16c16,21.5,84.5,modelled,10.0
r16c17,21.5,85.5,modelled,10.0
r16c18,21.5,86.5,modelled,10.0
r16c19,21.5,87.5,other,80.0
r16c20,21.5,88.5,other,80.0
r16c21,21.5,89.5,other,80.0
r16c22,21.5,90.5,other,80.0
r16c23,21.5,91.5,other,80.0
r16c24,21.5,92.5,modelled,10.0
r16c25,21.5,93.5,modelled,10.0
r16c26,21.5,94.5,modelled,10.0
r16c27,21.5,95.5,cropland,40.0
r16c28,21.5,96.5,modelled,10.0
r16c29,21.5,97.5,other,10.0
r16c30,21.5,98.5,other,10.0
r16c31,21.5,99.5,other,10.0
r16c32,21.5,100.5,modelled,10.0
r16c33,21.5,101.5,modelled,10.0
r17c00,22.5,68.5,other,80.0
r17c01,22.5,69.5,cropland,40.0
r17c02,22.5,70.5,cropland,40.0
r17c03,22.5,71.5,cropland,40.0
r17c04,22.5,72.5,cropland,40.0
r17c05,22.5,73.5,cropland,40.0
r17c06,22.5,74.5,cropland,40.0
r17c07,22.5,75.5,cropland,40.0
r17c08,22.5,76.5,cropland,40.0
r17c09,22.5,77.5,cropland,40.0
r17c10,22.5,78.5,cropland,40.0
r17c11,22.5,79.5,cropland,40.0
r17c12,22.5,80.5,modelled,10.0
r17c13,22.5,81.5,cropland,40.0
r17c14,22.5,82.5,modelled,10.0
r17c15,22.5,83.5,modelled,10.0
r17c16,22.5,84.5,cropland,40.0
r17c17,22.5,85.5,modelled,10.0
r17c18,22.5,86.5,modelled,10.0
r17c19,22.5,87.5,cropland,40.0
r17c20,22.5,88.5,cropland,40.0
r17c21,22.5,89.5,cropland,40.0
r17c22,22.5,90.5,modelled,10.0
r17c23,22.5,91.5,other,80.0
r17c24,22.5,92.5,modelled,10.0
r17c25,22.5,93.5,modelled,10.0
r17c26,22.5,94.5,modelled,10.0
r17c27,22.5,95.5,cropland,40.0
r17c28,22.5,96.5,modelled,10.0
r17c29,22.5,97.5,modelled,10.0
r17c30,22.5,98.5,other,10.0
r17c31,22.5,99.5,other,10.0
r17c32,22.5,100.5,modelled,10.0
r17c33,22.5,101.5,modelled,10.0
r18c00,23.5,68.5,other,80.0
r18c01,23.5,69.5,cropland,40.0
r18c02,23.5,70.5,cropland,40.0
r18c03,23.5,71.5,cropland,40.0
r18c04,23.5,72.5,cropland,40.0
r18c05,23.5,73.5,cropland,40.0
r18c06,23.5,74.5,cropland,40.0
r18c07,23.5,75.5,cropland,40.0
r18c08,23.5,76.5,cropland,40.0
r18c09,23.5,77.5,cropland,40.0
r18c10,23.5,78.5,cropland,40.0
r18c11,23.5,79.5,cropland,40.0
r18c12,23.5,80.5,cropland,40.0
r18c13,23.5,81.5,modelled,10.0
r18c14,23.5,82.5,modelled,10.0
r18c15,23.5,83.5,modelled,10.0
r18c16,23.5,84.5,modelled,10.0
r18c17,23.5,85.5,modelled,10.0
r18c18,23.5,86.5,cropland,40.0
r18c19,23.5,87.5,cropland,40.0
r18c20,23.5,88.5,cropland,40.0
r18c21,23.5,89.5,cropland,40.0
r18c22,23.5,90.5,cropland,40.0
r18c23,23.5,91.5,modelled,10.0
r18c24,23.5,92.5,modelled,10.0
r18c25,23.5,93.5,modelled,10.0
r18c26,23.5,94.5,modelled,10.0
r18c27,23.5,95.5,modelled,10.0
r18c28,23.5,96.5,other,10.0
r18c29,23.5,97.5,modelled,10.0
r18c30,23.5,98.5,other,10.0
r18c31,23.5,99.5,modelled,10.0
r18c32,23.5,100.5,other,10.0
r18c33,23.5,101.5,modelled,10.0
r19c00,24.5,68.5,cropland,40.0
r19c01,24.5,69.5,modelled,20.0
r19c02,24.5,70.5,modelled,20.0
r19c03,24.5,71.5,cropland,40.0
r19c04,24.5,72.5,cropland,40.0
r19c05,24.5,73.5,modelled,30.0
r19c06,24.5,74.5,cropland,40.0
r19c07,24.5,75.5,cropland,40.0
r19c08,24.5,76.5,cropland,40.0
r19c09,24.5,77.5,cropland,40.0
r19c10,24.5,78.5,cropland,40.0
r19c11,24.5,79.5,cropland,40.0
r19c12,24.5,80.5,cropland,40.0
r19c13,24.5,81.5,cropland,40.0
r19c14,24.5,82.5,cropland,40.0
r19c15,24.5,83.5,cropland,40.0
r19c16,24.5,84.5,cropland,40.0
r19c17,24.5,85.5,cropland,40.0
r19c18,24.5,86.5,cropland,40.0
r19c19,24.5,87.5,cropland,40.0
r19c20,24.5,88.5,cropland,40.0
r19c21,24.5,89.5,cropland,40.0
r19c22,24.5,90.5,cropland,40.0
r19c23,24.5,91.5,cropland,40.0
r19c24,24.5,92.5,modelled,10.0
r19c25,24.5,93.5,modelled,10.0
r19c26,24.5,94.5,modelled,10.0
r19c27,24.5,95.5,modelled,10.0
r19c28,24.5,96.5,modelled,10.0
r19c29,24.5,97.5,modelled,10.0
r19c30,24.5,98.5,modelled,10.0
r19c31,24.5,99.5,other,10.0
r19c32,24.5,100.5,modelled,10.0
r19c33,24.5,101.5,modelled,10.0
r20c00,25.5,68.5,cropland,40.0
r20c01,25.5,69.5,cropland,40.0
r20c02,25.5,70.5,other,20.0
r20c03,25.5,71.5,cropland,40.0
r20c04,25.5,72.5,cropland,40.0
r20c05,25.5,73.5,cropland,40.0
r20c06,25.5,74.5,cropland,40.0
r20c07,25.5,75.5,cropland,40.0
r20c08,25.5,76.5,cropland,40.0
r20c09,25.5,77.5,cropland,40.0
r20c10,25.5,78.5,cropland,40.0
r20c11,25.5,79.5,cropland,40.0
r20c12,25.5,80.5,cropland,40.0
r20c13,25.5,81.5,cropland,40.0
r20c14,25.5,82.5,cropland,40.0
r20c15,25.5,83.5,cropland,40.0
r20c16,25.5,84.5,cropland,40.0
r20c17,25.5,85.5,cropland,40.0
r20c18,25.5,86.5,cropland,40.0
r20c19,25.5,87.5,cropland,40.0
r20c20,25.5,88.5,cropland,40.0
r20c21,25.5,89.5,cropland,40.0
r20c22,25.5,90.5,modelled,10.0
r20c23,25.5,91.5,modelled,10.0
r20c24,25.5,92.5,modelled,10.0
r20c25,25.5,93.5,modelled,10.0
r20c26,25.5,94.5,modelled,10.0
r20c27,25.5,95.5,modelled,10.0
r20c28,25.5,96.5,modelled,10.0
r20c29,25.5,97.5,modelled,10.0
r20c30,25.5,98.5,modelled,10.0
r20c31,25.5,99.5,modelled,10.0
r20c32,25.5,100.5,modelled,10.0
r20c33,25.5,101.5,modelled,10.0
r21c00,26.5,68.5,cropland,40.0
r21c01,26.5,69.5,modelled,60.0
r21c02,26.5,70.5,modelled,60.0
r21c03,26.5,71.5,modelled,60.0
r21c04,26.5,72.5,cropland,40.0
r21c05,26.5,73.5,cropland,40.0
r21c06,26.5,74.5,cropland,40.0
r21c07,26.5,75.5,cropland,40.0
r21c08,26.5,76.5,cropland,40.0
r21c09,26.5,77.5,cropland,40.0
r21c10,26.5,78.5,cropland,40.0
r21c11,26.5,79.5,cropland,40.0
r21c12,26.5,80.5,cropland,40.0
r21c13,26.5,81.5,cropland,40.0
r21c14,26.5,82.5,cropland,40.0
r21c15,26.5,83.5,cropland,40.0
r21c16,26.5,84.5,cropland,40.0
r21c17,26.5,85.5,cropland,40.0
r21c18,26.5,86.5,cropland,40.0
r21c19,26.5,87.5,cropland,40.0
r21c20,26.5,88.5,cropland,40.0
r21c21,26.5,89.5,modelled,10.0
r21c22,26.5,90.5,modelled,10.0
r21c23,26.5,91.5,modelled,10.0
r21c24,26.5,92.5,cropland,40.0
r21c25,26.5,93.5,modelled,10.0
r21c26,26.5,94.5,modelled,10.0
r21c27,26.5,95.5,modelled,10.0
r21c28,26.5,96.5,modelled,10.0
r21c29,26.5,97.5,other,10.0
r21c30,26.5,98.5,modelled,10.0
r21c31,26.5,99.5,modelled,10.0
r21c32,26.5,100.5,modelled,10.0
r21c33,26.5,101.5,modelled,10.0
r22c00,27.5,68.5,cropland,40.0
r22c01,27.5,69.5,other,60.0
r22c02,27.5,70.5,modelled,60.0
r22c03,27.5,71.5,modelled,60.0
r22c04,27.5,72.5,cropland,40.0
r22c05,27.5,73.5,cropland,40.0
r22c06,27.5,74.5,cropland,40.0
r22c07,27.5,75.5,cropland,40.0
r22c08,27.5,76.5,cropland,40.0
r22c09,27.5,77.5,cropland,40.0
r22c10,27.5,78.5,cropland,40.0
r22c11,27.5,79.5,cropland,40.0
r22c12,27.5,80.5,cropland,40.0
r22c13,27.5,81.5,cropland,40.0
r22c14,27.5,82.5,cropland,40.0
r22c15,27.5,83.5,cropland,40.0
r22c16,27.5,84.5,modelled,10.0
r22c17,27.5,85.5,modelled,10.0
r22c18,27.5,86.5,modelled,10.0
r22c19,27.5,87.5,modelled,10.0
r22c20,27.5,88.5,modelled,10.0
r22c21,27.5,89.5,modelled,10.0
r22c22,27.5,90.5,modelled,10.0
r22c23,27.5,91.5,modelled,10.0
r22c24,27.5,92.5,modelled,10.0
r22c25,27.5,93.5,modelled,10.0
r22c26,27.5,94.5,modelled,10.0
r22c27,27.5,95.5,modelled,10.0
r22c28,27.5,96.5,modelled,10.0
r22c29,27.5,97.5,modelled,10.0
r22c30,27.5,98.5,modelled,10.0
r22c31,27.5,99.5,modelled,10.0
r22c32,27.5,100.5,modelled,10.0
r22c33,27.5,101.5,other,10.0
r23c00,28.5,68.5,cropland,40.0
r23c01,28.5,69.5,other,60.0
r23c02,28.5,70.5,cropland,40.0
r23c03,28.5,71.5,modelled,60.0
r23c04,28.5,72.5,modelled,60.0
r23c05,28.5,73.5,modelled,60.0
r23c06,28.5,74.5,cropland,40.0
r23c07,28.5,75.5,cropland,40.0
r23c08,28.5,76.5,cropland,40.0
r23c09,28.5,77.5,cropland,40.0
r23c10,28.5,78.5,cropland,40.0
r23c11,28.5,79.5,cropland,40.0
r23c12,28.5,80.5,cropland,40.0
r23c13,28.5,81.5,modelled,10.0
r23c14,28.5,82.5,modelled,10.0
r23c15,28.5,83.5,modelled,10.0
r23c16,28.5,84.5,modelled,10.0
r23c17,28.5,85.5,modelled,60.0
r23c18,28.5,86.5,modelled,60.0
r23c19,28.5,87.5,modelled,60.0
r23c20,28.5,88.5,modelled,60.0
r23c21,28.5,89.5,modelled,30.0
r23c22,28.5,90.5,modelled,30.0
r23c23,28.5,91.5,modelled,30.0
r23c24,28.5,92.5,other,30.0
r23c25,28.5,93.5,modelled,10.0
r23c26,28.5,94.5,modelled,10.0
r23c27,28.5,95.5,modelled,10.0
r23c28,28.5,96.5,modelled,10.0
r23c29,28.5,97.5,modelled,10.0
r23c30,28.5,98.5,modelled,10.0
r23c31,28.5,99.5,modelled,10.0
r23c32,28.5,100.5,modelled,10.0
r23c33,28.5,101.5,other,10.0
r24c00,29.5,68.5,other,60.0
r24c01,29.5,69.5,other,60.0
r24c02,29.5,70.5,cropland,40.0
r24c03,29.5,71.5,cropland,40.0
r24c04,29.5,72.5,cropland,40.0
r24c05,29.5,73.5,cropland,40.0
r24c06,29.5,74.5,cropland,40.0
r24c07,29.5,75.5,cropland,40.0
r24c08,29.5,76.5,cropland,40.0
r24c09,29.5,77.5,cropland,40.0
r24c10,29.5,78.5,modelled,10.0
r24c11,29.5,79.5,modelled,10.0
r24c12,29.5,80.5,modelled,10.0
r24c13,29.5,81.5,modelled,10.0
r24c14,29.5,82.5,modelled,30.0
r24c15,29.5,83.5,modelled,60.0
r24c16,29.5,84.5,other,60.0
r24c17,29.5,85.5,other,30.0
r24c18,29.5,86.5,other,30.0
r24c19,29.5,87.5,other,30.0
r24c20,29.5,88.5,modelled,30.0
r24c21,29.5,89.5,other,30.0
r24c22,29.5,90.5,modelled,30.0
r24c23,29.5,91.5,modelled,30.0
r24c24,29.5,92.5,modelled,30.0
r24c25,29.5,93.5,other,10.0
r24c26,29.5,94.5,modelled,10.0
r24c27,29.5,95.5,modelled,10.0
r24c28,29.5,96.5,modelled,100.0
r24c29,29.5,97.5,other,30.0
r24c30,29.5,98.5,other,30.0
r24c31,29.5,99.5,other,30.0
r24c32,29.5,100.5,modelled,30.0
r24c33,29.5,101.5,modelled,30.0
r25c00,30.5,68.5,other,60.0
r25c01,30.5,69.5,other,60.0
r25c02,30.5,70.5,cropland,40.0
r25c03,30.5,71.5,cropland,40.0
r25c04,30.5,72.5,cropland,40.0
r25c05,30.5,73.5,cropland,40.0
r25c06,30.5,74.5,cropland,40.0
r25c07,30.5,75.5,cropland,40.0
r25c08,30.5,76.5,cropland,40.0
r25c09,30.5,77.5,modelled,10.0
r25c10,30.5,78.5,modelled,10.0
r25c11,30.5,79.5,modelled,10.0
r25c12,30.5,80.5,modelled,60.0
r25c13,30.5,81.5,modelled,60.0
r25c14,30.5,82.5,other,60.0
r25c15,30.5,83.5,other,60.0
r25c16,30.5,84.5,other,60.0
r25c17,30.5,85.5,other,30.0
r25c18,30.5,86.5,other,60.0
r25c19,30.5,87.5,other,30.0
r25c20,30.5,88.5,other,30.0
r25c21,30.5,89.5,other,30.0
r25c22,30.5,90.5,modelled,30.0
r25c23,30.5,91.5,modelled,30.0
r25c24,30.5,92.5,other,30.0
r25c25,30.5,93.5,modelled,60.0
r25c26,30.5,94.5,other,60.0
r25c27,30.5,95.5,modelled,30.0
r25c28,30.5,96.5,other,30.0
r25c29,30.5,97.5,other,30.0
r25c30,30.5,98.5,other,30.0
r25c31,30.5,99.5,modelled,30.0
r25c32,30.5,100.5,other,30.0
r25c33,30.5,101.5,modelled,10.0
