cell_id,lat_c,lon_c,rarefied_250,gpp
r00c32,5.5,100.5,121.2815,2.464689508131907
r00c33,5.5,101.5,127.8284,2.839105474944101
r01c12,6.5,80.5,114.2433,2.6612554926952607
r01c13,6.5,81.5,117.5936,2.300301550905615
r01c32,6.5,100.5,148.3046,2.169057808663017
r01c33,6.5,101.5,125.2091,2.4060047155718136
r02c12,7.5,80.5,103.4781,2.503575677287822
r02c13,7.5,81.5,114.6022,1.8635077567531784
r02c31,7.5,99.5,127.1167,2.190421150853529
r03c09,8.5,77.5,119.2559,1.6645585391115634
r03c12,8.5,80.5,104.0347,2.096648383401367
r03c30,8.5,98.5,116.9846,2.5816617618282534
r03c31,8.5,99.5,129.7401,2.2082783516169013
r04c08,9.5,76.5,89.0954,2.4424659268691404
r04c09,9.5,77.5,113.1778,1.6214065556428523
r04c30,9.5,98.5,123.8278,2.577047748163391
r05c08,10.5,76.5,114.6969,2.0616225195457805
r05c09,10.5,77.5,119.9414,1.4170769433099355
r06c08,11.5,76.5,118.8261,2.0585377351015053
r06c09,11.5,77.5,92.6054,1.3151319021875496
r06c31,11.5,99.5,119.8155,2.6112466998357693
r07c07,12.5,75.5,112.1351,2.413738792757977
r07c09,12.5,77.5,98.9497,1.3557055839239285
r07c31,12.5,99.5,136.9246,2.445245463714321
r08c07,13.5,75.5,119.0406,2.1032168821909143
r08c30,13.5,98.5,136.2955,2.8299063958548207
r08c31,13.5,99.5,108.7208,1.987579232207684
r08c33,13.5,101.5,107.9227,1.5611506740047656
r09c06,14.5,74.5,117.6481,2.2614334913476686
r09c30,14.5,98.5,113.8891,2.7366027967396995
r09c33,14.5,101.5,129.6925,1.7615674556212215
r10c06,15.5,74.5,125.3731,1.690710231354622
r10c30,15.5,98.5,121.305,2.790053114070039
r10c31,15.5,99.5,125.0699,1.8282087444244817
r11c05,16.5,73.5,109.4232,1.526317852166731
r11c30,16.5,98.5,104.6352,2.2960186835075995
r11c33,16.5,101.5,129.5806,1.9782732001376688
r12c05,17.5,73.5,103.2247,1.5158020427210142
r12c13,17.5,81.5,125.9738,1.4141750052929751
r12c14,17.5,82.5,108.1038,1.5944851155551527
r12c26,17.5,94.5,127.3523,2.1210141351714142
r12c29,17.5,97.5,127.6316,2.3137249545467773
r12c30,17.5,98.5,119.1165,2.296159666501622
r12c31,17.5,99.5,89.2267,1.7757607852064037
r12c32,17.5,100.5,136.53,1.9190260429568504
r12c33,17.5,101.5,126.271,1.904429840278148
r13c05,18.5,73.5,94.0752,1.2109436062065986
r13c12,18.5,80.5,113.4703,1.3053732211841618
r13c13,18.5,81.5,97.9661,1.3961354167527082
r13c14,18.5,82.5,109.4345,1.4341997201946712
r13c15,18.5,83.5,93.1013,1.3226312272522298
r13c26,18.5,94.5,112.6587,2.2521059477596923
r13c28,18.5,96.5,119.6489,1.7838311684933168
r13c29,18.5,97.5,96.1485,2.3851556371953726
r13c30,18.5,98.5,143.4966,2.3503969490663
r13c31,18.5,99.5,110.0924,2.060863247063179
r13c32,18.5,100.5,104.2651,2.1159569535869287
r13c33,18.5,101.5,108.381,2.383112658108231
r14c12,19.5,80.5,117.5403,1.3799065507110206
r14c13,19.5,81.5,107.8062,1.3765455896208618
r14c15,19.5,83.5,105.9801,1.4878285364599788
r14c16,19.5,84.5,101.4938,1.440702736438576
r14c26,19.5,94.5,145.3416,1.931198250141864
r14c27,19.5,95.5,137.5112,1.2968797360132156
r14c28,19.5,96.5,94.9225,2.126003951822587
r14c29,19.5,97.5,112.6962,2.0778436750606435
r14c30,19.5,98.5,138.205,2.5461941411470512
r14c31,19.5,99.5,135.3968,2.1487445902850832
r14c32,19.5,100.5,116.9897,2.274524858206798
r14c33,19.5,101.5,124.9969,2.594679987400524
r15c05,20.5,73.5,114.1525,1.082747525895442
r15c13,20.5,81.5,109.8941,1.1754923299568008
r15c14,20.5,82.5,101.7878,1.2367944738639007
r15c15,20.5,83.5,118.1665,1.18125162655237
r15c16,20.5,84.5,106.6441,1.3916836843599432
r15c26,20.5,94.5,122.2158,1.37366542646142
r15c29,20.5,97.5,143.1468,1.9038201221923656
r15c31,20.5,99.5,143.9063,2.6041362240271986
r15c32,20.5,100.5,109.2341,2.640542542198089
r15c33,20.5,101.5,104.437,2.795808138017906
r16c12,21.5,80.5,115.7239,1.126271503260636
r16c16,21.5,84.5,105.2549,1.2524448882879835
r16c17,21.5,85.5,90.1722,1.250093652740467
r16c18,21.5,86.5,113.6081,1.286467814044762
r16c24,21.5,92.5,122.7584,2.3449040689879745
r16c25,21.5,93.5,121.9724,2.443424021848441
r16c26,21.5,94.5,131.6221,1.2671679347510965
r16c28,21.5,96.5,124.7915,1.623115199645053
r16c32,21.5,100.5,108.5488,2.741677657556546
r16c33,21.5,101.5,112.6557,2.9327077913518926
r17c12,22.5,80.5,93.8783,1.1489512863781777
r17c14,22.5,82.5,102.1907,1.0950436997622888
r17c15,22.5,83.5,112.1524,1.1581927250657726
r17c17,22.5,85.5,88.9003,1.212262534255607
r17c18,22.5,86.5,106.8917,1.116756406705656
r17c22,22.5,90.5,82.883,1.3694761568508276
r17c24,22.5,92.5,119.8286,2.295335151695242
r17c25,22.5,93.5,104.8605,2.270639215668621
r17c26,22.5,94.5,137.4221,1.4825272016716584
r17c28,22.5,96.5,124.0142,2.078202451137854
r17c29,22.5,97.5,126.3425,2.1955074524232807
r17c32,22.5,100.5,116.9408,2.536460811882541
r17c33,22.5,101.5,125.5761,2.927133539280161
r18c13,23.5,81.5,105.1252,1.0899699056775785
r18c14,23.5,82.5,104.4289,1.1634504409147275
r18c15,23.5,83.5,121.1381,1.225970160634668
r18c16,23.5,84.5,108.3579,1.198645899993805
r18c17,23.5,85.5,104.4962,1.0377338121112805
r18c23,23.5,91.5,104.2147,1.754809438001042
r18c24,23.5,92.5,123.0082,2.5883918606503085
r18c25,23.5,93.5,123.1313,2.523903568018305
r18c26,23.5,94.5,133.0588,2.131338822239756
r18c27,23.5,95.5,141.6902,1.5552232731010576
r18c29,23.5,97.5,142.2904,2.756575762763281
r18c31,23.5,99.5,130.3286,2.338582950920997
r18c33,23.5,101.5,138.2329,2.223311780859155
r19c01,24.5,69.5,98.2416,0.2886236313910155
r19c02,24.5,70.5,121.1748,0.2394724423654121
r19c05,24.5,73.5,110.9682,0.9488921685167268
r19c24,24.5,92.5,120.5851,1.8820517675914807
r19c25,24.5,93.5,123.9914,2.512315121517937
r19c26,24.5,94.5,126.993,2.275489874671157
r19c27,24.5,95.5,134.1,2.203456050419452
r19c28,24.5,96.5,114.5765,2.256919765928543
r19c29,24.5,97.5,154.2474,2.5872641520820525
r19c30,24.5,98.5,137.9509,2.456026290345884
r19c32,24.5,100.5,139.932,1.977897875638099
r19c33,24.5,101.5,120.4496,1.897946756343495
r20c22,25.5,90.5,110.2308,1.7959922777413824
r20c23,25.5,91.5,134.2806,2.1067234935596155
r20c24,25.5,92.5,121.4334,2.238773720750016
r20c25,25.5,93.5,128.5605,2.5233459444153987
r20c26,25.5,94.5,114.6894,2.3663133080468666
r20c27,25.5,95.5,140.1755,2.510741842218509
r20c28,25.5,96.5,138.0278,2.5511611057280934
r20c29,25.5,97.5,145.3002,2.6914616736746564
r20c30,25.5,98.5,135.2599,2.197409645486424
r20c31,25.5,99.5,128.9212,1.8541096757426083
r20c32,25.5,100.5,124.4504,1.7012556739642926
r20c33,25.5,101.5,97.6359,1.6924420081237406
r21c01,26.5,69.5,90.3444,0.1713363349453631
r21c02,26.5,70.5,89.4245,0.1631948598824268
r21c03,26.5,71.5,98.0781,0.1853715401502437
r21c21,26.5,89.5,138.9808,1.6299404538295714
r21c22,26.5,90.5,145.4835,1.7032126092315385
r21c23,26.5,91.5,133.2607,1.6193690542723391
r21c25,26.5,93.5,131.3155,1.8195087091783
r21c26,26.5,94.5,128.255,2.1569138401745818
r21c27,26.5,95.5,125.1281,2.542150489030115
r21c28,26.5,96.5,140.8338,2.797100096740334
r21c30,26.5,98.5,154.1445,2.0181643195044687
r21c31,26.5,99.5,127.9146,1.543531966846041
r21c32,26.5,100.5,124.377,1.5396823921125258
r21c33,26.5,101.5,117.1602,1.5012150096417096
r22c02,27.5,70.5,103.351,0.1997723833496672
r22c03,27.5,71.5,101.1878,0.1766344818879089
r22c16,27.5,84.5,134.1764,1.278134745224565
r22c17,27.5,85.5,113.3241,1.5140186448452475
r22c18,27.5,86.5,112.4524,1.3672313847933113
r22c19,27.5,87.5,137.845,1.4012196059411195
r22c20,27.5,88.5,137.427,1.2376949136566702
r22c21,27.5,89.5,128.6664,1.1452831637971204
r22c22,27.5,90.5,148.4096,1.376735123011219
r22c23,27.5,91.5,143.975,1.545506971530753
r22c24,27.5,92.5,147.6352,1.6426679128473771
r22c25,27.5,93.5,137.3641,2.182788175114953
r22c26,27.5,94.5,110.4114,1.7998141761081323
r22c27,27.5,95.5,142.2346,1.7945958394437926
r22c28,27.5,96.5,137.829,2.367946750740994
r22c29,27.5,97.5,136.1543,2.321329309383823
r22c30,27.5,98.5,130.5627,1.544639325870023
r22c31,27.5,99.5,124.8992,1.29690083605549
r22c32,27.5,100.5,125.7725,1.307666922621942
r23c03,28.5,71.5,104.3012,0.3992300716329376
r23c04,28.5,72.5,100.2736,0.2376186612571179
r23c05,28.5,73.5,96.7874,0.1791654950021955
r23c13,28.5,81.5,133.7271,1.2492859189014174
r23c14,28.5,82.5,122.414,1.5005252621004188
r23c15,28.5,83.5,140.5836,1.2545127064462644
r23c16,28.5,84.5,129.3674,1.0211326030901744
r23c17,28.5,85.5,126.4614,0.4737988809609565
r23c18,28.5,86.5,80.6974,0.0944249294976876
r23c19,28.5,87.5,67.6393,0.1023448153093936
r23c20,28.5,88.5,51.7681,0.1127041315379689
r23c21,28.5,89.5,97.2731,0.1286336049198496
r23c22,28.5,90.5,100.038,0.1318843019884066
r23c23,28.5,91.5,102.207,0.1666370465581603
r23c25,28.5,93.5,108.3147,0.983273663983058
r23c26,28.5,94.5,124.6081,1.7704203653194868
r23c27,28.5,95.5,149.7992,1.8239647607553988
r23c28,28.5,96.5,120.952,1.0594367660039712
r23c29,28.5,97.5,107.6993,0.5525652136153825
r23c30,28.5,98.5,118.2583,0.6475266065721857
r23c31,28.5,99.5,112.2179,0.7549333189139747
r23c32,28.5,100.5,83.7608,0.8336986870908191
r24c10,29.5,78.5,140.3546,0.9304778364224956
r24c11,29.5,79.5,138.9841,1.314656239531174
r24c12,29.5,80.5,135.8757,1.448190976000742
r24c13,29.5,81.5,126.3908,1.2123798371785903
r24c14,29.5,82.5,122.6042,0.4618842369317587
r24c15,29.5,83.5,65.9248,0.0872697403579315
r24c20,29.5,88.5,74.1749,0.1519196566915829
r24c22,29.5,90.5,76.5074,0.241117165944126
r24c23,29.5,91.5,78.0792,0.3241609886918347
r24c24,29.5,92.5,60.5447,0.2418287912374341
r24c26,29.5,94.5,99.924,0.5640782472420783
r24c27,29.5,95.5,134.0501,0.7900050047755264
r24c28,29.5,96.5,74.6178,0.2347230487109643
r24c32,29.5,100.5,104.2478,0.4883563433572028
r24c33,29.5,101.5,97.0081,0.5508218004328362
r25c09,30.5,77.5,118.4082,1.0680835428676332
r25c10,30.5,78.5,112.4678,1.374453280024713
r25c11,30.5,79.5,121.3705,1.102971869088908
r25c12,30.5,80.5,100.3334,0.3528246460276666
r25c13,30.5,81.5,85.0214,0.1059811952305091
r25c22,30.5,90.5,59.5446,0.1753045866332034
r25c23,30.5,91.5,47.5396,0.2464766237282545
r25c25,30.5,93.5,91.8869,0.1857256555888723
r25c27,30.5,95.5,115.979,0.2802448205491459
r25c31,30.5,99.5,85.7184,0.4249052793926309
r25c33,30.5,101.5,103.1261,0.6375375100907289
