step,beta,se,p,response
Raw richness · no controls,0.44813577548137384,0.10775829125238977,3.200461185631581e-05,GPP
Corrected richness · no controls,0.557115436118408,0.07636909721729992,2.985756711205484e-13,GPP
"Corrected · effort, climate",0.27283244643636423,0.07162464055628406,0.00013941821069581503,GPP
"Corrected · effort, climate, biome",0.18195491235048414,0.07853093406958615,0.02050460710505747,GPP
"Corrected · effort, climate, ecoregion",0.02986245784745164,0.05490831426212078,0.5865375400649038,GPP
"Corrected · effort, climate, spatial error",0.016927492642921014,0.025925368186672813,0.5138003631124144,GPP
Raw richness · no controls,0.4445322400082399,0.10154737734994362,1.2000176128010861e-05,NPP
Corrected richness · no controls,0.5842205073621484,0.07419303746133521,3.4257192702014164e-15,NPP
"Corrected · effort, climate",0.3828778372125396,0.08877784597055761,1.6122668927317837e-05,NPP
"Corrected · effort, climate, biome",0.25662977798157155,0.08721497080349559,0.0032557708464432383,NPP
"Corrected · effort, climate, ecoregion",0.09903036338426849,0.0641440837463236,0.12261893453804744,NPP
"Corrected · effort, climate, spatial error",0.09690745787072838,0.03472624338131282,0.005260855907051498,NPP
