eco_name,rich_adj,gpp_adj,n
Brahmaputra Valley semi-evergreen forests,1.971043781903571,-0.4353635185968429,4
Chhota-Nagpur dry deciduous forests,-7.668772543064229,-0.48122917464012455,6
Chin Hills-Arakan Yoma montane forests,5.792468327712363,0.5600408700611876,4
East Deccan moist deciduous forests,-11.510450035316115,-0.49354360489101723,18
Eastern Himalayan alpine shrub and meadows,-5.946840961042033,-0.2815438817174598,9
Eastern Himalayan broadleaf forests,0.5694071509485029,-0.30042036418943396,7
Eastern Himalayan subalpine conifer forests,-5.3703237116017775,-0.46961991564202665,2
Hengduan Mountains subalpine conifer forests,1.2552703043588664,0.044044346328287465,4
Himalayan subtropical broadleaf forests,14.490784986381335,-0.4650057736065397,2
Himalayan subtropical pine forests,10.30079815163516,-0.10458405658808241,5
Irrawaddy moist deciduous forests,15.412508382905836,-0.2594530947937891,7
Kayah-Karen montane rain forests,-0.15286754557296262,0.5476492720038543,10
Lower Gangetic Plains moist deciduous forests,-4.3837692464973985,-0.15276226473848462,3
Luang Prabang montane rain forests,4.924447032852939,0.3287669010844679,3
Malabar Coast moist forests,-34.734410180850745,-0.36380515195514285,2
Meghalaya subtropical forests,-4.656934563527017,-0.11960071532985128,4
Mizoram-Manipur-Kachin rain forests,10.181031117988208,0.5527713069975471,12
Myanmar coastal rain forests,-7.109891222007501,0.07131796102009202,3
North Deccan dry deciduous forests,-7.75039638122697,-0.638559980841968,2
North Western Ghats moist deciduous forests,-9.266460812013776,-0.34799640686013056,4
North Western Ghats montane rain forests,-16.044694364893914,-0.2245612305943543,2
Northeast Himalayan subalpine conifer forests,-5.055578753994055,-0.45444978060464275,4
Northern Indochina subtropical forests,12.382580525097584,0.8118034297896315,18
Northern Thailand-Laos moist deciduous forests,-2.208950853726563,0.36846623091752556,4
Northern Triangle subtropical forests,5.114543535518654,0.46620443380044013,3
Nujiang Langcang Gorge alpine conifer and mixed forests,16.49364164223942,0.13471385838472721,5
Peninsular Malaysian rain forests,-5.152260851130265,0.2575545147454137,2
Rock and Ice,16.237315633047757,-0.12712058099350473,3
South Deccan Plateau dry deciduous forests,-9.07680312395228,-0.18614758424859898,3
South Western Ghats moist deciduous forests,-4.158959014131394,0.02460527989427863,4
Southeast Tibet shrublands and meadows,-15.572244321613507,-0.06381632180879296,7
Sri Lanka dry-zone dry evergreen forests,-8.509320515308453,0.36314451446104873,4
Tenasserim-South Thailand semi-evergreen rain forests,2.2486391441889957,0.38613899191671014,8
Thar desert,-3.11661886920581,-1.1500727618111413,10
Tibetan Plateau alpine shrublands and meadows,-27.012963924369437,-0.15786802274382655,2
Western Himalayan alpine shrub and meadows,8.446052778323912,0.11546062371801309,3
Western Himalayan broadleaf forests,21.32500361376153,0.28496847333878483,2
Yarlung Zanbo arid steppe,-23.91433424206115,-0.26759247081488113,2
Yunnan Plateau subtropical evergreen forests,10.791754593480023,0.45664953944525105,6
