dist_lo,dist_hi,moranI_corrected,moranI_ecoregion_FE
0.0,1.5,0.6722912327953854,0.14784735762416976
1.5,3.0,0.4125117322156358,0.0410898755311009
3.0,4.5,0.250725775065389,-0.060163863351745665
4.5,6.0,0.15800671216374051,-0.08989675298691371
6.0,7.5,0.15136905051802502,-0.02204381901151174
7.5,9.0,0.19767862228341224,0.019232996969337834
9.0,10.5,0.06086983011058644,0.032023582000714
10.5,12.0,-0.005973698636208073,-0.012681337376917082
12.0,13.5,0.014581320460382494,0.002064854119721818
13.5,15.0,0.006217503756183518,-0.02852090141616181
