cell_id,obs_richness,rarefied_250,log_effort,gpp
r00c32,543,121.2815,5.238146506431035,2.464689508131907
r00c33,431,127.8284,4.884376155280442,2.839105474944101
r01c12,416,114.2433,5.863583358667846,2.6612554926952607
r01c13,384,117.5936,5.605558220975091,2.300301550905615
r01c32,505,148.3046,5.12413889868484,2.169057808663017
r01c33,434,125.2091,4.690515036372128,2.4060047155718136
r02c12,318,103.4781,5.33474318433852,2.503575677287822
r02c13,275,114.6022,4.569163149570084,1.8635077567531784
r02c31,440,127.1167,4.765169164311781,2.190421150853529
r03c09,451,119.2559,5.668243303028469,1.6645585391115634
r03c12,290,104.0347,5.0555732613770585,2.096648383401367
r03c30,514,116.9846,5.263122184828126,2.5816617618282534
r03c31,429,129.7401,4.8284858861449855,2.2082783516169013
r04c08,450,89.0954,6.249041983228589,2.4424659268691404
r04c09,385,113.1778,5.714516684125332,1.6214065556428523
r04c30,419,123.8278,4.601429807335315,2.577047748163391
r05c08,509,114.6969,6.585389544501341,2.0616225195457805
r05c09,419,119.9414,5.794356971724561,1.4170769433099355
r06c08,465,118.8261,6.283010470764974,2.0585377351015053
r06c09,405,92.6054,6.011281099495728,1.3151319021875496
r06c31,434,119.8155,4.180383965589764,2.6112466998357693
r07c07,477,112.1351,6.040709120710908,2.413738792757977
r07c09,427,98.9497,6.48567884650391,1.3557055839239285
r07c31,658,136.9246,5.759564356979699,2.445245463714321
r08c07,398,119.0406,5.458983636326393,2.1032168821909143
r08c30,255,136.2955,3.1728946977521764,2.8299063958548207
r08c31,516,108.7208,5.264336055489533,1.987579232207684
r08c33,370,107.9227,4.803887100083716,1.5611506740047656
r09c06,425,117.6481,5.457298915463836,2.2614334913476686
r09c30,357,113.8891,4.025715383901341,2.7366027967396995
r09c33,507,129.6925,5.5706561685738105,1.7615674556212215
r10c06,465,125.3731,5.8740322149296285,1.690710231354622
r10c30,374,121.305,4.211440935578669,2.790053114070039
r10c31,464,125.0699,4.652536418593026,1.8282087444244817
r11c05,379,109.4232,4.784460376298139,1.526317852166731
r11c30,400,104.6352,4.697578033651113,2.2960186835075995
r11c33,458,129.5806,4.906119457545562,1.9782732001376688
r12c05,385,103.2247,5.389440755221461,1.5158020427210142
r12c13,375,125.9738,4.977412630560722,1.4141750052929751
r12c14,315,108.1038,4.196037940734524,1.5944851155551527
r12c26,249,127.3523,3.2132520521963968,2.1210141351714142
r12c29,295,127.6316,3.4265112613645754,2.3137249545467773
r12c30,412,119.1165,4.545628696992849,2.296159666501622
r12c31,438,89.2267,5.357204695027422,1.7757607852064037
r12c32,456,136.53,4.411215523075143,1.9190260429568504
r12c33,368,126.271,4.125741439128715,1.904429840278148
r13c05,447,94.0752,6.16800339147465,1.2109436062065986
r13c12,271,113.4703,3.8869980456711,1.3053732211841618
r13c13,283,97.9661,4.61067080743203,1.3961354167527082
r13c14,313,109.4345,4.640312456590131,1.4341997201946712
r13c15,254,93.1013,4.246818521210052,1.3226312272522298
r13c26,163,112.6587,2.7558748556724915,2.2521059477596923
r13c28,223,119.6489,3.271841606536499,1.7838311684933168
r13c29,253,96.1485,3.744605875414239,2.3851556371953726
r13c30,648,143.4966,5.694110962676587,2.3503969490663
r13c31,491,110.0924,4.915837602863455,2.060863247063179
r13c32,312,104.2651,4.057780176794582,2.1159569535869287
r13c33,203,108.381,3.1225435240687545,2.383112658108231
r14c12,185,117.5403,3.0195316845312554,1.3799065507110206
r14c13,269,107.8062,4.049566869164652,1.3765455896208618
r14c15,262,105.9801,4.125416197982755,1.4878285364599788
r14c16,267,101.4938,3.912487761332324,1.440702736438576
r14c26,297,145.3416,3.2617385473525378,1.931198250141864
r14c27,152,137.5112,2.5575072019056577,1.2968797360132156
r14c28,283,94.9225,3.732554579851432,2.126003951822587
r14c29,274,112.6962,3.447313108823568,2.0778436750606435
r14c30,566,138.205,5.164884986580876,2.5461941411470512
r14c31,573,135.3968,5.232790343215178,2.1487445902850832
r14c32,411,116.9897,4.265006605660587,2.274524858206798
r14c33,395,124.9969,4.151706857022576,2.594679987400524
r15c05,346,114.1525,5.074439742544226,1.082747525895442
r15c13,316,109.8941,4.73275552117825,1.1754923299568008
r15c14,243,101.7878,3.842172229385616,1.2367944738639007
r15c15,298,118.1665,4.259235402198733,1.18125162655237
r15c16,316,106.6441,4.562780428307687,1.3916836843599432
r15c26,292,122.2158,3.318063334962761,1.37366542646142
r15c29,315,143.1468,3.34908316877959,1.9038201221923656
r15c31,584,143.9063,5.366002468748487,2.6041362240271986
r15c32,506,109.2341,5.041321612973303,2.640542542198089
r15c33,247,104.437,3.232487866352986,2.795808138017906
r16c12,342,115.7239,5.027659416312784,1.126271503260636
r16c16,230,105.2549,3.5459253293558426,1.2524448882879835
r16c17,199,90.1722,3.5079907248196918,1.250093652740467
r16c18,344,113.6081,4.687537878874246,1.286467814044762
r16c24,374,122.7584,4.033423755486949,2.3449040689879745
r16c25,445,121.9724,4.332781719862915,2.443424021848441
r16c26,567,131.6221,4.588742171107468,1.2671679347510965
r16c28,445,124.7915,3.955783928916912,1.623115199645053
r16c32,271,108.5488,3.490660653356137,2.741677657556546
r16c33,452,112.6557,4.593596166627994,2.9327077913518926
r17c12,397,93.8783,6.011525193421533,1.1489512863781777
r17c14,333,102.1907,4.769879281205094,1.0950436997622888
r17c15,266,112.1524,3.735439203251482,1.1581927250657726
r17c17,180,88.9003,3.2538224387080734,1.212262534255607
r17c18,347,106.8917,4.747683642416988,1.116756406705656
r17c22,281,82.883,4.536709914228673,1.3694761568508276
r17c24,333,119.8286,3.9277808493473754,2.295335151695242
r17c25,292,104.8605,4.2296562496672125,2.270639215668621
r17c26,226,137.4221,3.053462604925455,1.4825272016716584
r17c28,299,124.0142,3.27415784926368,2.078202451137854
r17c29,219,126.3425,2.946452265013073,2.1955074524232807
r17c32,383,116.9408,4.024526714387152,2.536460811882541
r17c33,280,125.5761,3.383815365980431,2.927133539280161
r18c13,339,105.1252,5.058008232715403,1.0899699056775785
r18c14,262,104.4289,3.9056340013269546,1.1634504409147275
r18c15,264,121.1381,3.5153438930883807,1.225970160634668
r18c16,234,108.3579,3.5081255360831998,1.198645899993805
r18c17,316,104.4962,4.749264672310713,1.0377338121112805
r18c23,393,104.2147,5.381524803583688,1.754809438001042
r18c24,383,123.0082,4.4935695729787,2.5883918606503085
r18c25,262,123.1313,3.5491259267581112,2.523903568018305
r18c26,232,133.0588,2.9689496809813427,2.131338822239756
r18c27,279,141.6902,3.2234959409623944,1.5552232731010576
r18c29,380,142.2904,3.481299273332856,2.756575762763281
r18c31,186,130.3286,2.7267272090265724,2.338582950920997
r18c33,169,138.2329,2.5634810853944106,2.223311780859155
r19c01,201,98.2416,3.3176455432211585,0.2886236313910155
r19c02,266,121.1748,3.496929648073215,0.2394724423654121
r19c05,350,110.9682,5.18025207186822,0.9488921685167268
r19c24,457,120.5851,4.91638550887557,1.8820517675914807
r19c25,458,123.9914,4.4121075922790505,2.512315121517937
r19c26,340,126.993,3.770483809431108,2.275489874671157
r19c27,214,134.1,2.9628426812012423,2.203456050419452
r19c28,215,114.5765,3.056142262059052,2.256919765928543
r19c29,643,154.2474,5.090571929804192,2.5872641520820525
r19c30,495,137.9509,4.018076063645795,2.456026290345884
r19c32,299,139.932,3.312811826212088,1.977897875638099
r19c33,284,120.4496,3.4523998459114416,1.897946756343495
r20c22,409,110.2308,4.80222623769107,1.7959922777413824
r20c23,505,134.2806,4.824002104221735,2.1067234935596155
r20c24,362,121.4334,3.874191804679071,2.238773720750016
r20c25,438,128.5605,4.345883212931713,2.5233459444153987
r20c26,419,114.6894,4.909117234399623,2.3663133080468666
r20c27,381,140.1755,3.61363043492524,2.510741842218509
r20c28,456,138.0278,4.121920785563038,2.5511611057280934
r20c29,386,145.3002,3.4916417934775863,2.6914616736746564
r20c30,624,135.2599,4.9547392511539305,2.197409645486424
r20c31,386,128.9212,3.621799224002668,1.8541096757426083
r20c32,471,124.4504,4.349432951816721,1.7012556739642926
r20c33,271,97.6359,3.833593293998456,1.6924420081237406
r21c01,96,90.3444,2.4913616938342726,0.1713363349453631
r21c02,305,89.4245,5.05794362902884,0.1631948598824268
r21c03,241,98.0781,4.016197353512439,0.1853715401502437
r21c21,624,138.9808,4.973418825809898,1.6299404538295714
r21c22,667,145.4835,5.1363241321841935,1.7032126092315385
r21c23,694,133.2607,5.778607743416577,1.6193690542723391
r21c25,560,131.3155,5.622750599569882,1.8195087091783
r21c26,512,128.255,4.771013921772672,2.1569138401745818
r21c27,180,125.1281,2.6989700043360187,2.542150489030115
r21c28,395,140.8338,3.5358002908248976,2.797100096740334
r21c30,336,154.1445,3.2038484637462346,2.0181643195044687
r21c31,389,127.9146,3.975891136401793,1.543531966846041
r21c32,421,124.377,4.091772441419683,1.5396823921125258
r21c33,140,117.1602,2.568201724066995,1.5012150096417096
r22c02,256,103.351,4.191059581827398,0.1997723833496672
r22c03,242,101.1878,3.9003671286564714,0.1766344818879089
r22c16,685,134.1764,5.421571024526401,1.278134745224565
r22c17,678,113.3241,5.825987286786528,1.5140186448452475
r22c18,429,112.4524,4.252100248832793,1.3672313847933113
r22c19,420,137.845,4.024977972095625,1.4012196059411195
r22c20,622,137.427,5.663358819104673,1.2376949136566702
r22c21,624,128.6664,5.285638309750678,1.1452831637971204
r22c22,615,148.4096,5.324335966960689,1.376735123011219
r22c23,586,143.975,5.165315564763215,1.545506971530753
r22c24,592,147.6352,5.663750852254083,1.6426679128473771
r22c25,473,137.3641,4.394276526767821,2.182788175114953
r22c26,415,110.4114,4.519972297270452,1.7998141761081323
r22c27,605,142.2346,5.572876247036411,1.7945958394437926
r22c28,587,137.829,5.108023509346088,2.367946750740994
r22c29,499,136.1543,4.196645886787088,2.321329309383823
r22c30,348,130.5627,3.7710727832211943,1.544639325870023
r22c31,420,124.8992,4.056065929431753,1.29690083605549
r22c32,328,125.7725,3.5229655954919865,1.307666922621942
r23c03,123,104.3012,2.591064607026499,0.3992300716329376
r23c04,169,100.2736,3.4055171069763763,0.2376186612571179
r23c05,243,96.7874,3.896085085423285,0.1791654950021955
r23c13,541,133.7271,4.727565654909628,1.2492859189014174
r23c14,357,122.414,3.565257343420213,1.5005252621004188
r23c15,637,140.5836,5.163152426509515,1.2545127064462644
r23c16,533,129.3674,4.561804752622913,1.0211326030901744
r23c17,472,126.4614,4.539790966345741,0.4737988809609565
r23c18,154,80.6974,3.0958664534785427,0.0944249294976876
r23c19,78,67.6393,2.625312450961674,0.1023448153093936
r23c20,149,51.7681,3.678791434366244,0.1127041315379689
r23c21,143,97.2731,2.867467487859052,0.1286336049198496
r23c22,152,100.038,2.9489017609702137,0.1318843019884066
r23c23,171,102.207,2.9854264740830017,0.1666370465581603
r23c25,143,108.3147,2.6580113966571126,0.983273663983058
r23c26,354,124.6081,4.029505525426577,1.7704203653194868
r23c27,600,149.7992,5.320935195468596,1.8239647607553988
r23c28,334,120.952,3.682776646314434,1.0594367660039712
r23c29,332,107.6993,4.452767476702499,0.5525652136153825
r23c30,263,118.2583,3.3546845539547285,0.6475266065721857
r23c31,194,112.2179,3.014520538757924,0.7549333189139747
r23c32,129,83.7608,2.8543060418010806,0.8336986870908191
r24c10,597,140.3546,5.772534400239321,0.9304778364224956
r24c11,659,138.9841,6.080326994626484,1.314656239531174
r24c12,474,135.8757,4.537126189088166,1.448190976000742
r24c13,292,126.3908,3.5375672571526757,1.2123798371785903
r24c14,303,122.6042,3.631139250256811,0.4618842369317587
r24c15,136,65.9248,3.36078268987328,0.0872697403579315
r24c20,106,74.1749,3.009450895798694,0.1519196566915829
r24c22,127,76.5074,3.237292337567459,0.241117165944126
r24c23,203,78.0792,3.915347062324192,0.3241609886918347
r24c24,66,60.5447,2.4899584794248346,0.2418287912374341
r24c26,309,99.924,3.701913211212344,0.5640782472420783
r24c27,431,134.0501,4.40069337512328,0.7900050047755264
r24c28,140,74.6178,3.1699681739968923,0.2347230487109643
r24c32,162,104.2478,2.8615344108590377,0.4883563433572028
r24c33,139,97.0081,2.7965743332104296,0.5508218004328362
r25c09,583,118.4082,5.865114639313287,1.0680835428676332
r25c10,566,112.4678,5.765378680075724,1.374453280024713
r25c11,430,121.3705,5.287322398399114,1.102971869088908
r25c12,343,100.3334,5.168568190572586,0.3528246460276666
r25c13,117,85.0214,2.8407332346118066,0.1059811952305091
r25c22,72,59.5446,2.696356388733332,0.1753045866332034
r25c23,100,47.5396,3.185542154854375,0.2464766237282545
r25c25,105,91.8869,2.546542663478131,0.1857256555888723
r25c27,175,115.979,2.788875115775417,0.2802448205491459
r25c31,90,85.7184,2.45484486000851,0.4249052793926309
r25c33,219,103.1261,3.3246939138617746,0.6375375100907289
