cell_id,richness_adj,gpp_adj
r00c32,-8.761834161528315,0.2196106813930374
r00c33,-2.412824668905735,0.6132127250565516
r01c12,-16.786744959479414,0.44181777504513997
r01c13,-0.4710887016423442,0.5206589992223536
r01c32,24.117004617109508,0.13187135493575308
r01c33,-0.06794545089145743,0.3091017729473635
r02c12,-16.860620562426718,0.6454772185865878
r02c13,-4.659122852464506,-0.0328991491744306
r02c31,2.606873442780355,0.11828717718861403
r03c09,2.3483546669823783,-0.07142029323513843
r03c12,-11.719574126684737,0.36172934314646454
r03c30,-8.743530722404959,0.49343149928525554
r03c31,6.2820258143647445,0.18710287548153248
r04c08,-43.924353861650424,0.14217246544600082
r04c09,-3.059775445149433,-0.06071973636371841
r04c30,-3.2501780642297895,0.41586286994654387
r05c08,-13.521502416085138,-0.029881266592344247
r05c09,4.144133345920061,-0.23853548647319944
r06c08,-2.092983047392508,0.2977579141610185
r06c09,-20.4443146315348,-0.23448946126865655
r06c31,-4.286286822820144,0.5434276825186841
r07c07,-19.860552289475976,0.17813447086253875
r07c09,-12.134184682820486,-0.04949346798081877
r07c31,17.0423111684585,0.6276728236474018
r08c07,-2.931408189008825,0.2416230812746678
r08c30,3.425958584349651,0.3869192236907115
r08c31,-7.022219465809019,0.28326637798949394
r08c33,-10.183536207586375,-0.28208055629392437
r09c06,-10.060613768883416,0.13446520278102092
r09c30,-11.37567474689032,0.6345244306303575
r09c33,12.802623683289717,0.04219777503295363
r10c06,4.324723375340545,-0.1389402488331617
r10c30,-5.889698527772074,0.6456099925456016
r10c31,9.170839975100558,0.09048926659708845
r11c05,-23.58991094087085,-0.8597339928400576
r11c30,-20.337872724780496,0.25282870890426024
r11c33,13.455587308003219,0.2812328424674555
r12c05,-27.844864442361796,-0.7407587368159589
r12c13,6.539457348991316,-0.4626431994322697
r12c14,-8.185886238483466,-0.17451322956808468
r12c26,-3.5371847556705376,-0.2690973915049839
r12c29,-3.8740757404603787,-0.08049922944768495
r12c30,1.4122633923307641,0.5406226095901536
r12c31,-26.293506478223552,0.07567795824255819
r12c32,19.97121667422231,0.15367748949483095
r12c33,12.364768010834759,0.23967655660079767
r13c05,-28.616615737348233,-0.6748803036406728
r13c12,-5.395215954337139,-0.6237146817264878
r13c13,-21.773187298889283,-0.497518594164035
r13c14,-8.689754559177633,-0.32980976818852303
r13c15,-23.891409525157595,-0.4850408969478144
r13c26,-16.773573944315167,-0.08008364087766351
r13c28,-6.864648982354909,-0.4206226258213368
r13c29,-20.983312711856165,0.6116084033987579
r13c30,28.115377794263495,0.7577321777205448
r13c31,-4.976239188458001,0.38453951310129186
r13c32,-10.791163825133165,0.3931686486512609
r13c33,-10.389882695916173,0.4943974276043166
r14c12,-2.9208867610149687,-0.6343297932511074
r14c13,-8.980814424934545,-0.39944554303189106
r14c15,-11.787950023820324,-0.32192115557589496
r14c16,-16.388692064567685,-0.39880264194197523
r14c26,24.56128436591441,-0.04354933145541873
r14c27,23.079735742237197,-0.507338499871079
r14c28,-22.585426894832217,0.3385394118715175
r14c29,-0.8335714666681429,0.4314779578757735
r14c30,25.53380960967925,1.0486317997982584
r14c31,21.271587668375357,0.553891729297485
r14c32,0.8064481854147554,0.5448783844208565
r14c33,8.639419934346817,0.8925951537867822
r15c05,-1.7885642399532644,-0.6157159590878603
r15c13,-6.243754401300306,-0.5624553582315741
r15c14,-15.244599630008072,-0.5888440880207839
r15c15,0.24806030170647508,-0.6677283072702953
r15c16,-11.361235538390154,-0.4254104814434041
r15c26,9.465827284702698,-0.30711736839550663
r15c29,32.4029037740633,0.4066874253179398
r15c31,27.886767608062893,0.9916735823570311
r15c32,-7.113413723560858,0.9698139999613107
r15c33,-9.612302919363167,1.1432477512703598
r16c12,-1.663055087121693,-0.6374443083233887
r16c16,-12.8145462932379,-0.6253651741167563
r16c17,-26.625039262740366,-0.5568711958445041
r16c18,-4.218018045622855,-0.5071970343448791
r16c24,1.6671614678473494,0.40846086170900486
r16c25,0.7855710881260238,0.630670266461351
r16c26,18.494300878165173,-0.3543336708610394
r16c28,11.470647369539059,0.011623559641747772
r16c32,-5.840610344152597,1.1156860982529668
r16c33,-2.177523866041482,1.3440302599106904
r17c12,-21.988265171922517,-0.47465004551067325
r17c14,-14.257729945287668,-0.6304121118586807
r17c15,-3.964353766485863,-0.5965406772784194
r17c17,-25.24542866353048,-0.5042914007685784
r17c18,-7.911402220515182,-0.5615375448469224
r17c22,-36.954849015302024,-0.5230083661768241
r17c24,2.924857133024921,0.5320720045424998
r17c25,-10.496522218873613,0.6847741508980272
r17c26,22.070394749876858,-0.2995156915102979
r17c28,9.998335001484524,0.4284160899495302
r17c29,13.57412904298401,0.5880734577445306
r17c32,5.610240025009165,1.0863666149000912
r17c33,8.93854818737757,1.241075877927111
r18c13,-6.707820399363105,-0.4274936719819955
r18c14,-8.104022909107494,-0.4360049104194077
r18c15,8.140181860833614,-0.3992367608809142
r18c16,-3.8258158252521457,-0.3885152361583908
r18c17,-8.695422533548026,-0.5355185244461413
r18c23,-13.869366119743734,-0.005257462510363409
r18c24,6.911356613760439,0.9140858696507295
r18c25,10.097775925535876,0.9957347895155222
r18c26,15.164296541125882,0.2672309993103368
r18c27,28.889191140691484,-0.1255028250672432
r18c29,25.08811487266744,1.040185418535637
r18c31,17.94810108460598,0.8292616723686148
r18c33,24.06056942099879,0.6163627128089917
r19c01,-6.976063427130503,-1.139623861545179
r19c02,15.357057884108798,-1.2081804167228065
r19c05,2.638187007678577,-0.4202746514997192
r19c24,-1.7835144165240306,-0.05013800574427152
r19c25,9.446008497551363,0.9396417928519396
r19c26,11.112943165742593,0.5790581505956578
r19c27,18.217126397167334,0.4231205878732436
r19c28,-4.060551007076354,0.36701470614603204
r19c29,34.59188608072102,0.8528997664837417
r19c30,24.103338420730758,0.9765053424254664
r19c32,31.18943486304979,0.6647361534592766
r19c33,12.424454567288416,0.5997975068604158
r20c22,-16.209298117247666,-0.2753671334401635
r20c23,0.1521505753530441,-0.19393130536038194
r20c24,-3.194001988964013,0.23480017653855345
r20c25,11.900673068529379,0.8657744387624939
r20c26,-2.3524625138529784,0.7926882123719783
r20c27,12.594942778165898,0.357874623676123
r20c28,11.921433896307322,0.4715866797900272
r20c29,19.501409706234632,0.6283757843569879
r20c30,18.950944780538226,0.7537038498437696
r20c31,21.280266404499383,0.6768447466091314
r20c32,18.80457125034318,0.6069320251417276
r20c33,-9.572556875388596,0.4811240998408268
r21c01,-13.57118243657764,-1.2602581642366268
r21c02,-14.316199891900453,-1.108025683778499
r21c03,-6.030713949507163,-1.1463219319360491
r21c21,1.1372448345469657,-0.8428009084674237
r21c22,8.33798714374197,-0.7438370049012717
r21c23,4.274926549870891,-0.4788094098837383
r21c25,4.236176636944542,-0.22696406135877067
r21c26,6.479686085845406,0.3101901966695071
r21c27,-2.5817705466825345,0.4125047982430341
r21c28,9.663397324603325,0.523053991856115
r21c30,29.910361270106385,0.23153519816561863
r21c31,21.899794227734112,0.5366716254042863
r21c32,16.3478510838072,0.37398001866676234
r21c33,5.538708681942939,0.04204548869139324
r22c02,-0.10726191116127382,-1.111777869155098
r22c03,-2.1464969673978427,-1.145018714624538
r22c16,12.059716131045326,-0.5621703631252766
r22c17,-11.91564457704131,-0.3160248308143272
r22c18,-9.406335615244855,-0.20279000310514306
r22c19,9.052856113816482,-0.398298936997886
r22c20,7.617331045064066,-0.46622988564191226
r22c21,6.056904005775414,-0.31721458725561
r22c22,23.203526979798987,-0.1861012759180105
r22c23,16.105894098334016,-0.1616704282435102
r22c24,1.8959148704188884,-0.7491537443701479
r22c25,-4.66017225591812,-0.3269680485666515
r22c26,-19.29423919555477,-0.3735305720065003
r22c27,18.24951870930396,-0.1293673293163662
r22c28,8.184296310965934,0.37072765162616217
r22c29,-14.86058582534774,-0.5044321756095012
r22c30,-0.21733366390732378,-0.38632095573239433
r22c31,20.00648845295568,0.4199772842303927
r22c32,19.424462212049175,0.27645787704855085
r23c03,0.9858194904376223,-0.986925904139536
r23c04,-3.1184925148842346,-1.1065457455531695
r23c05,-6.831803133490508,-1.1340471258007974
r23c13,17.509890420314402,-0.3539777712254226
r23c14,7.0471013014146,0.058951464043885515
r23c15,26.319470379123754,0.11851052870898782
r23c16,15.006137803664306,-0.06622914784129863
r23c17,26.62297775337942,0.07152257149091751
r23c18,-11.900748781942891,-0.10545744332065227
r23c19,-27.09504334232705,-0.2585710311592163
r23c20,-44.761120904382295,-0.28060285871631707
r23c21,2.2025890981909235,-0.23979484669051898
r23c22,4.817234580845167,-0.19693911736292083
r23c23,5.317285181906069,-0.23449565462347927
r23c25,-12.745198669357368,-0.5285335874522218
r23c26,-20.776550323022352,-0.8141014798349926
r23c27,4.519297965726889,-0.6962041997516062
r23c28,-1.7046206573536669,-0.46808714945701935
r23c29,1.75617516785152,-0.17914475927004514
r23c30,13.9251959834999,-0.1293572331745244
r23c31,11.042462138225659,0.05148484572610823
r23c32,-19.295986403355528,0.031008246886819912
r24c10,30.208737899054135,-0.4175201593828842
r24c11,20.507065337410193,-0.25173778087086207
r24c12,17.154091262532475,-0.1075291852824607
r24c13,16.314724461019768,0.10493519902324566
r24c14,23.88643353964215,0.02836972267490734
r24c15,-24.529212822220348,0.01817781906772027
r24c20,-21.188770029795084,-0.2742407244024896
r24c22,-20.22526290776646,-0.20475942115380094
r24c23,-19.14872700647515,-0.12419554761473406
r24c24,-36.17920930892247,-0.14868779189960332
r24c26,-15.954526658421866,-0.6124155595879351
r24c27,8.20613007376222,-0.7832226305611195
r24c28,-28.023783634723394,-0.32217789909965866
r24c32,4.179731249631224,-0.1300870811607402
r24c33,-5.630279236525903,-0.1774472114776674
r25c09,6.329160052514398,-0.27426704380036315
r25c10,1.6630861754447857,0.25108057622239466
r25c11,16.606467582343107,0.44945332839466023
r25c12,5.855955469090567,0.25095266298403507
r25c13,-5.41716277706535,0.06312627094656292
r25c22,-34.228114109856335,-0.11003021265732074
r25c23,-46.3968113022429,0.01959334336658619
r25c25,-2.4117126195607064,-0.02098868718077046
r25c27,18.205897556115527,-0.11885757639953676
r25c31,-11.462223870471263,-0.03175258907066869
r25c33,1.9194979737194107,-0.014659075022073975
