cell_id,elev_mean,elev_sd,ndvi_cv
r00c00,,,
r00c01,,,
r00c02,,,
r00c03,0,,
r00c04,0.006287946808427317,0.14389227439644284,
r00c05,0.027804800111783736,0.34701823979772367,1.0309898152414143
r00c06,0,0,
r00c07,,,
r00c08,,,
r00c09,,,
r00c10,0,,
r00c11,0,,
r00c12,0.46803272018862835,4.0753831793163515,0.23898596049663215
r00c13,0,0,
r00c14,0,,
r00c15,,,
r00c16,,,
r00c17,,,
r00c18,,,
r00c19,,,
r00c20,,,
r00c21,,,
r00c22,,,
r00c23,,,
r00c24,0,,
r00c25,0,,
r00c26,6.067859129217014e-05,0.010049586391543464,
r00c27,177.2706128585927,350.68645488860756,0.23881827080631723
r00c28,87.90997594783475,277.23419966345654,0.250556496648813
r00c29,4.051641182925862,24.68395438970753,0.3384441598505616
r00c30,0,0,
r00c31,0,,
r00c32,131.9917160227806,256.0397565626935,0.1954490043725181
r00c33,542.4858072673262,378.14802669472226,0.20518714671114152
r01c00,,,
r01c01,,,
r01c02,,,
r01c03,0,,
r01c04,0.009147887096035244,0.2256342958850244,0.7656207333211682
r01c05,0.0342028905134354,0.45516264081511937,0.7746161545329394
r01c06,0,0,
r01c07,,,
r01c08,,,
r01c09,,,
r01c10,0,0,
r01c11,0.7916129944533274,3.733213852059981,0.24402008093793082
r01c12,341.0506652573613,482.9009308491691,0.21450197105873425
r01c13,95.61054474787468,212.9436925506691,0.1899535981807376
r01c14,0,0,
r01c15,,,
r01c16,,,
r01c17,,,
r01c18,,,
r01c19,,,
r01c20,,,
r01c21,,,
r01c22,,,
r01c23,,,
r01c24,0,,
r01c25,2.2856137307185476,15.416488586296897,0.462080910618084
r01c26,0,0,
r01c27,0.0029949048526505422,0.43550550120800297,
r01c28,0,0,
r01c29,,,
r01c30,0,0,
r01c31,9.905666300399098,45.59091272065681,0.37497671499798313
r01c32,97.76413377149923,123.48947364899719,0.22211681826188137
r01c33,111.7654186294722,188.7853396276447,0.24941432610945324
r02c00,,,
r02c01,,,
r02c02,,,
r02c03,0,,
r02c04,0.002599696916973247,0.11733315388689392,0.63109356126628
r02c05,0.00041708893785865876,0.03892170251729291,0.7862299595461946
r02c06,0,0,
r02c07,,,
r02c08,0,0,
r02c09,0,0,
r02c10,0,0,
r02c11,4.804275867209217,11.825838729003115,0.2432776924526109
r02c12,308.55175649865004,349.9600660321986,0.2046283286628911
r02c13,94.73669497004441,161.05672283125796,0.24172939437661126
r02c14,0,0,
r02c15,,,
r02c16,,,
r02c17,,,
r02c18,,,
r02c19,,,
r02c20,,,
r02c21,,,
r02c22,,,
r02c23,,,
r02c24,0,0,
r02c25,8.33860159249135,38.4779236676068,0.4443349920958684
r02c26,0,0,
r02c27,,,
r02c28,0,,
r02c29,0,0,
r02c30,2.650544567185077,21.460571879719208,0.4492887413373887
r02c31,73.65520693715104,138.93623585719772,0.24073789498122963
r02c32,18.69212879286825,68.12260269004778,0.5048277838552377
r02c33,0,0,
r03c00,,,
r03c01,,,
r03c02,,,
r03c03,0,,
r03c04,0,,
r03c05,0.004538659053500478,0.19742796183425398,0.6708063770242174
r03c06,0,0,
r03c07,,,
r03c08,9.483353312393925,27.198161620621445,0.2247083398881916
r03c09,159.21632732050332,285.94232508943753,0.25918728489857623
r03c10,1.5050780488148616,6.01289712860195,0.4301887359103609
r03c11,3.626654799061657,11.747768902654188,0.30468203956262896
r03c12,86.04028838723036,38.02285461751793,0.212256212473771
r03c13,7.4921024496351025,16.076730121410964,0.28598006429058925
r03c14,0,0,
r03c15,,,
r03c16,,,
r03c17,,,
r03c18,,,
r03c19,,,
r03c20,,,
r03c21,,,
r03c22,,,
r03c23,,,
r03c24,0.00430408224153023,0.3444717863231083,0.6366579986415262
r03c25,1.0817200402315217,8.687433536067768,0.5956428581932928
r03c26,0,0,
r03c27,,,
r03c28,0,,
r03c29,0.04648196142617233,2.0283260437071546,0.5969097863231281
r03c30,90.62404145308923,141.76696207823142,0.2275984292137956
r03c31,138.20214555010034,217.06655782993192,0.20616849579800903
r03c32,0.6640271469048262,2.619173022019262,0.31497419206310684
r03c33,0,0,
r04c00,,,
r04c01,,,
r04c02,,,
r04c03,0,,
r04c04,0,0,
r04c05,0,0,
r04c06,0,0,
r04c07,0,0,
r04c08,86.85137484762667,196.28387875097624,0.257921478235875
r04c09,438.54793761386526,399.7242221790047,0.271783744764769
r04c10,46.097080023539675,40.206280997264756,0.3147940156898504
r04c11,0.7106704435459548,2.7250895015044665,0.5755390042839617
r04c12,12.851573842196713,21.39728467336798,0.32591865730033176
r04c13,0,0,
r04c14,,,
r04c15,,,
r04c16,,,
r04c17,,,
r04c18,,,
r04c19,,,
r04c20,,,
r04c21,,,
r04c22,,,
r04c23,,,
r04c24,0.31980238873479505,3.443665542054999,0.3942720817096936
r04c25,0,0,
r04c26,,,
r04c27,,,
r04c28,0,,
r04c29,0.2882828764228561,6.122079225379981,0.6806084283373
r04c30,142.55886908545156,200.2443211365843,0.28872496012629273
r04c31,18.919383730339106,50.35356670993253,0.27514804774620605
r04c32,2.639934517882359,27.720579104826026,0.5397562344229497
r04c33,0,0,
r05c00,,,
r05c01,,,
r05c02,,,
r05c03,0,,
r05c04,0.007463673033690002,0.25474827103955217,0.996822173042397
r05c05,0.01050242874605036,0.3707408183750989,0.7811586342823341
r05c06,0,0,
r05c07,0.5388462740741299,4.373137581712869,0.24761536619829683
r05c08,235.7368496331076,329.6442849003529,0.25434087806147726
r05c09,574.6482064362579,539.6365849648606,0.24943619579454984
r05c10,165.7300742430039,121.31584273729483,0.25142016854274063
r05c11,16.27272622946776,20.227679653122454,0.31863542246287774
r05c12,0,0,
r05c13,,,
r05c14,,,
r05c15,,,
r05c16,,,
r05c17,,,
r05c18,,,
r05c19,,,
r05c20,,,
r05c21,,,
r05c22,,,
r05c23,,,
r05c24,3.200105343313956,16.25070775819697,0.30727835845275825
r05c25,0,0,
r05c26,0,0,
r05c27,,,
r05c28,0,,
r05c29,1.126521531506278,13.632712602459366,0.5966416918048055
r05c30,67.70565000737774,108.31739003693579,0.32003449048074406
r05c31,24.67817615928743,65.11241132782217,0.26610530747555844
r05c32,0,0,
r05c33,0,,
r06c00,,,
r06c01,,,
r06c02,,,
r06c03,0,,
r06c04,0.009589560505407558,0.3099966332287416,0.7910118068239326
r06c05,0.0020672569482142024,0.1412140980047871,1.2266899444416197
r06c06,0,0,
r06c07,89.00897862742448,243.97692541851544,0.2657724401403534
r06c08,823.6937259991028,535.0899098080242,0.26265069284623277
r06c09,434.9961646584906,300.8995123829713,0.25139796077583826
r06c10,342.5772938320783,266.9582410150768,0.23950357763936436
r06c11,39.919691245275516,36.27615807805116,0.2673436597456662
r06c12,0,0,
r06c13,0,0,
r06c14,,,
r06c15,,,
r06c16,,,
r06c17,,,
r06c18,,,
r06c19,,,
r06c20,,,
r06c21,,,
r06c22,,,
r06c23,,,
r06c24,7.74209802149427,31.007572800286884,0.3729528745155304
r06c25,0.14109487320722613,2.5006208240326897,0.5175936803690457
r06c26,0,0,
r06c27,,,
r06c28,0,,
r06c29,0.8663477664896297,13.260381678892067,0.7002610461629846
r06c30,37.57645953546267,77.63625810161884,0.4073736198087478
r06c31,129.96998449362727,166.97370130373486,0.255711735508883
r06c32,0,0,
r06c33,0,0,
r07c00,,,
r07c01,,,
r07c02,,,
r07c03,,,
r07c04,,,
r07c05,0,,
r07c06,2.8615395362794556,13.46401936937564,0.28569040925959716
r07c07,447.79208846275884,409.2569456775497,0.2882824265236539
r07c08,791.2488328591658,83.00742579901343,0.277063451048255
r07c09,724.3562000391956,157.07390988506668,0.26778082840539524
r07c10,509.8057430944915,191.43637515726812,0.2326257076268549
r07c11,116.38724638529693,96.98293921280225,0.2266745043437431
r07c12,2.798741356686734,9.269044023918699,0.34753378792976164
r07c13,0,0,
r07c14,,,
r07c15,,,
r07c16,,,
r07c17,,,
r07c18,,,
r07c19,,,
r07c20,,,
r07c21,,,
r07c22,,,
r07c23,,,
r07c24,12.152499528127993,32.737922695208084,0.34562005319725814
r07c25,0.5146002799078121,6.509370084407517,0.584855703025575
r07c26,0,0,
r07c27,0,0,
r07c28,0,,
r07c29,1.5378938610022086,16.33360647272901,0.6528874053846836
r07c30,52.19396150047113,104.57146747103543,0.38841051695202905
r07c31,274.4457957944538,242.9334341628744,0.25286187638369306
r07c32,2.1870187326810435,12.085742561966784,0.42983477671926473
r07c33,21.22447496597112,52.27851369063143,0.2184488371053508
r08c00,,,
r08c01,,,
r08c02,,,
r08c03,,,
r08c04,,,
r08c05,0,,
r08c06,47.748865697976186,141.86895825579884,0.31366171731909237
r08c07,741.3831504310876,271.00473467170576,0.3112281534123749
r08c08,773.432801415142,93.58904555138434,0.2769331278982175
r08c09,806.1637288482266,101.84927279799285,0.2814494089094003
r08c10,671.3555973609572,150.76628289095652,0.25906533502278567
r08c11,238.8809282227546,200.5175656480568,0.23524102238185463
r08c12,2.953496471076677,7.052033094443696,0.44919660918471205
r08c13,0,0,
r08c14,,,
r08c15,,,
r08c16,,,
r08c17,,,
r08c18,,,
r08c19,,,
r08c20,,,
r08c21,,,
r08c22,,,
r08c23,,,
r08c24,4.847474106592758,24.163277402881885,0.3049477502391276
r08c25,1.6957005070300395,21.267362657685975,0.4427188448273192
r08c26,0.14638134798402136,6.874679718974956,0.7038474773644718
r08c27,0,0,
r08c28,0,,
r08c29,0.1525372639567023,4.407912981369045,0.6959716955406133
r08c30,233.061549566791,293.9977331677937,0.3138866954629883
r08c31,234.26869796626903,251.9651934574972,0.21874856759305025
r08c32,3.664467005156467,7.322908572557308,0.23806432388981516
r08c33,67.45466370208474,69.64593191502614,0.21328193482202462
r09c00,,,
r09c01,,,
r09c02,,,
r09c03,,,
r09c04,,,
r09c05,0,0,
r09c06,253.85718851670762,253.7991011222532,0.33839452108469775
r09c07,598.0080428107932,47.0323929559675,0.31742495965652723
r09c08,622.9593964569592,79.74628938119469,0.325545045248093
r09c09,472.7512406800142,119.61984362574796,0.3137345864088683
r09c10,315.1830017615242,146.4948562952032,0.335216227917113
r09c11,126.83525443772234,124.50370892791705,0.3010149135808383
r09c12,1.0643539138126608,3.0375648754856086,0.46724244324292624
r09c13,0,0,
r09c14,0,0,
r09c15,,,
r09c16,,,
r09c17,,,
r09c18,,,
r09c19,,,
r09c20,,,
r09c21,,,
r09c22,,,
r09c23,,,
r09c24,0,,
r09c25,0.06335779058110856,1.4955232370456566,0.5246605849973772
r09c26,0,0,
r09c27,0,0,
r09c28,0,0,
r09c29,8.095204068180099,46.89761470425078,0.3380039525655356
r09c30,365.6837676122667,256.7027066807875,0.2620641590100206
r09c31,201.29386453860454,213.58051415940238,0.28512427987022115
r09c32,19.35251047755132,37.15841792766811,0.25316084820257007
r09c33,286.9283068766321,235.2067252227671,0.22674244014173198
r10c00,,,
r10c01,,,
r10c02,,,
r10c03,,,
r10c04,,,
r10c05,15.557651719397894,53.241867276551375,0.306748058651459
r10c06,553.3250682055227,237.41157246939778,0.3335258769940084
r10c07,611.0549285481029,45.876939433580354,0.36090825569263774
r10c08,507.4326218375086,96.91602410248495,0.38220437715208644
r10c09,399.81902110353514,60.448853058886286,0.3654172720782211
r10c10,329.2387394643229,137.63640478350723,0.36840071946731107
r10c11,149.11139830580922,120.83732268631162,0.30045217439737887
r10c12,4.4443679595687335,11.167753172218019,0.40400140457078254
r10c13,0.06003915486794035,0.5146073192058549,0.7061457445743078
r10c14,0,0,
r10c15,0,0,
r10c16,,,
r10c17,,,
r10c18,,,
r10c19,,,
r10c20,,,
r10c21,,,
r10c22,,,
r10c23,,,
r10c24,,,
r10c25,0,,
r10c26,0.5264601960203246,1.9047800671823882,0.5085989775801593
r10c27,0.7500236110371638,2.0733533850114028,0.45559762828765876
r10c28,0,0,
r10c29,25.688994222025823,80.09052019917384,0.27963702385142136
r10c30,500.92295220807125,339.1839224904446,0.2539589188544736
r10c31,322.8640871074164,336.29201119186365,0.24916519498552542
r10c32,64.23075058982923,57.844715453706954,0.2998531971899446
r10c33,223.34885988759245,125.39676110303547,0.2702828489668289
r11c00,,,
r11c01,,,
r11c02,,,
r11c03,,,
r11c04,,,
r11c05,166.13246690129986,241.08764536439412,0.3254959620561912
r11c06,621.953539589496,78.77608793377287,0.31205806150543186
r11c07,580.6819149726531,45.73224984909663,0.38598822811787903
r11c08,482.88399002734633,59.37616132980276,0.4000458742204319
r11c09,408.63874341946246,79.72821566573757,0.3632807728327868
r11c10,462.17624997101933,117.11668082829006,0.3339326922216957
r11c11,186.85915928126303,112.07257217356286,0.3393778698136047
r11c12,51.190417472010914,46.997488980489074,0.3054100385768876
r11c13,13.41608672190505,21.70466353656737,0.33312565603657157
r11c14,1.0810488710015194,2.842848362727655,0.44769421984376945
r11c15,0,0,
r11c16,0,,
r11c17,,,
r11c18,,,
r11c19,,,
r11c20,,,
r11c21,,,
r11c22,,,
r11c23,,,
r11c24,,,
r11c25,0,,
r11c26,19.694000799676004,40.03939427594985,0.3736049602205602
r11c27,5.196617823894617,3.149150134607182,0.4105072652061445
r11c28,2.9016379754641553,4.209387023556285,0.46089355435500357
r11c29,15.057790432594647,45.53414204404465,0.390500126605698
r11c30,445.314368617335,369.86316603281614,0.29330836264056936
r11c31,222.26871365193745,313.43022327814776,0.2623911007481098
r11c32,182.09349142920593,250.08259276959612,0.24587491038470932
r11c33,490.3925338778484,309.81789865097664,0.2270455582330399
r12c00,,,
r12c01,,,
r12c02,,,
r12c03,0,,
r12c04,0,0,
r12c05,356.8188771110255,355.83060624370023,0.35893058582321474
r12c06,677.592273152106,97.19098264618627,0.3326202860765789
r12c07,505.9944400867577,55.8810320584459,0.34149388259347835
r12c08,502.6081585365053,73.46388734217325,0.40136758646512977
r12c09,551.6045104810746,74.87730501353492,0.39737657878607135
r12c10,536.7416404985929,78.42437685726598,0.31795834164910564
r12c11,259.07950771040055,78.82405386234575,0.3040597052779924
r12c12,171.46828315565244,84.72222855574326,0.28544735786873277
r12c13,235.91308090209012,228.87933873526802,0.2674698549775947
r12c14,239.18339374578784,320.7640167650722,0.23350778293745642
r12c15,11.66129360604306,35.76570812599737,0.24688811456064036
r12c16,0,0,
r12c17,0,0,
r12c18,,,
r12c19,,,
r12c20,,,
r12c21,,,
r12c22,,,
r12c23,,,
r12c24,0,,
r12c25,0,0,
r12c26,78.54400835260115,146.98067604920536,0.30599093346267714
r12c27,19.81892628115488,29.027102942673306,0.3699993156240971
r12c28,45.1964187522241,56.7404549214596,0.34131656159307366
r12c29,224.20284488871917,256.67175335096425,0.33393649377255785
r12c30,690.6020583693888,333.1287149348551,0.3253339779053011
r12c31,256.1954336620671,204.32549285534733,0.23535233502972094
r12c32,335.7680847503415,280.8096341841299,0.26033877634173164
r12c33,489.14198516053597,244.950086921789,0.21044705970426525
r13c00,,,
r13c01,,,
r13c02,,,
r13c03,0,,
r13c04,3.3831306081344565,22.424099301904644,0.46758326224170194
r13c05,447.1948665951677,317.0654069645492,0.38941827227580156
r13c06,596.9012815564779,70.81874664861695,0.32824842891983197
r13c07,601.1172955497354,86.77836477648287,0.403229684151382
r13c08,595.9522836263823,77.98184916705658,0.4006586353214397
r13c09,457.82807344011746,82.94483810410752,0.40661571856617423
r13c10,422.699736872854,90.14101648753314,0.35071024535398176
r13c11,225.54662682315222,70.21639660937946,0.31996596815735145
r13c12,206.44065862795728,106.66910898176688,0.2884972276984488
r13c13,354.4092077181646,191.23041009221024,0.27529582978769546
r13c14,749.4747526466662,276.40641164787314,0.30729285714774496
r13c15,218.54805386690646,266.2798874938765,0.2300397080648223
r13c16,43.39240377472697,134.81980296392516,0.2672960701397565
r13c17,0,0,
r13c18,0,0,
r13c19,0,0,
r13c20,,,
r13c21,,,
r13c22,,,
r13c23,,,
r13c24,0,0,
r13c25,2.199673146070723,12.537063970625354,0.49445294872741785
r13c26,271.7587180217232,300.36906065899143,0.31008449735052057
r13c27,102.40246415002075,115.25656813838766,0.35370354684900923
r13c28,255.5517681521453,306.7763504058525,0.3038202806113214
r13c29,646.2231428712236,328.4752971577862,0.3370275534401125
r13c30,796.6226212937682,348.39551538578667,0.27757219432356717
r13c31,477.5135520495152,232.33972705931066,0.22766387237206936
r13c32,432.34812881371613,198.8466716810723,0.2300313732576844
r13c33,542.7027317073101,250.42912843616105,0.2269203153371748
r14c00,,,
r14c01,,,
r14c02,0,0,
r14c03,0,0,
r14c04,12.073764097816117,40.764746438465906,0.39984099243851584
r14c05,406.35417484111844,329.34490995290696,0.40950346988752573
r14c06,605.3284562173798,105.81680832945356,0.3424360132529684
r14c07,518.6650848751893,71.3137510981015,0.42439046435433236
r14c08,453.1518470344835,52.31604768594359,0.4175928296852777
r14c09,414.75648906344765,59.39515972099865,0.38350574398503023
r14c10,349.0975646609308,96.82101872599301,0.380937902932186
r14c11,231.49293125991187,96.57755863316531,0.3405233286579078
r14c12,321.802218549761,144.71307704907733,0.27989724913923225
r14c13,590.1501537958176,102.51407672860996,0.2873742794439312
r14c14,536.1685918559641,175.42183731827055,0.31677719014245614
r14c15,514.3838614825062,247.83295401392428,0.24495762029355705
r14c16,303.6578902568517,299.2517679242887,0.22819323932207097
r14c17,16.09115547446688,55.62046881308873,0.3343587032095331
r14c18,0.2996351084757962,1.5142409745600192,0.37427300705962996
r14c19,0,0,
r14c20,0,0,
r14c21,,,
r14c22,,,
r14c23,,,
r14c24,0.1237908444324297,3.584618701431017,0.5267561461737783
r14c25,15.518686256126701,46.17980665865785,0.4576607483794067
r14c26,328.8221631078193,276.8533697884503,0.31777854457128074
r14c27,186.79531474866207,100.9456012415334,0.33886646360085065
r14c28,577.1301583514019,457.14931294477395,0.29839018163909636
r14c29,734.7658931709866,315.90393915000135,0.3398224016638464
r14c30,938.7683369473569,292.8500641423854,0.2795898440193042
r14c31,672.4220801342153,268.26217489180885,0.2319406700984327
r14c32,586.302915925704,238.32166428732995,0.23496484000020554
r14c33,788.0672159794093,313.93289399734704,0.2445278587955863
r15c00,0,,
r15c01,0,0,
r15c02,6.979461640796193,21.98022738573533,0.33631670909497735
r15c03,3.7342951214314404,15.107904275367297,0.43335679792841086
r15c04,6.485636096731694,22.52277330660247,0.33789200970425964
r15c05,379.82344027615864,258.38001110383846,0.377674915813926
r15c06,520.6952913212948,136.33356619128395,0.3923840710474227
r15c07,458.2561341549951,182.32907248237737,0.42875060850657076
r15c08,427.0804109473731,136.98379181100537,0.44980856238599587
r15c09,367.0508706010085,77.35726816312842,0.4526095366388301
r15c10,284.4138161311329,52.866426831326876,0.43223367814100694
r15c11,243.85258775398137,32.70318347600137,0.35889110101681054
r15c12,329.93289251875876,67.85235664246866,0.3126260480477166
r15c13,414.961365444089,115.42224837920399,0.3371517714064784
r15c14,385.928679472562,135.0269932815105,0.29407549864855653
r15c15,270.86124966954605,156.71729745749278,0.265781068919626
r15c16,342.6286294014785,230.260016495651,0.24394623316733527
r15c17,89.77677020224452,83.36789402289483,0.2589959951197666
r15c18,8.759638693505623,12.120051510654507,0.3374818428281938
r15c19,0.008920972270137127,0.2133592722090824,1.0029666645759232
r15c20,0,0,
r15c21,0,0,
r15c22,0,0,
r15c23,0,0,
r15c24,25.971280375330934,69.98814331520872,0.35884712959521914
r15c25,355.243106746809,393.0194798954021,0.3179689575082401
r15c26,288.1490399504067,286.2217560093873,0.35215591340990204
r15c27,271.4128618897105,98.5836902825289,0.3343491296775102
r15c28,804.3990490659619,475.1725399955167,0.31989078785469127
r15c29,1105.5193963174868,306.60548549102214,0.3121724002630405
r15c30,831.9398948414823,266.691577543303,0.26091466192954726
r15c31,907.5528287082246,334.5988950098732,0.24169778744844336
r15c32,683.5690312206167,252.4113467209961,0.2264988280164116
r15c33,872.8695704588565,224.88238850722553,0.2488067851525676
r16c00,0,0,
r16c01,13.007925242469998,35.209424211457,0.47881891251501907
r16c02,111.67276249936079,79.72218352354612,0.40944751225334197
r16c03,111.63803890992693,67.69925130860427,0.41321569364100263
r16c04,10.961268498869385,21.493967872331226,0.4127983231605166
r16c05,145.97490113007288,137.14262081927515,0.42352043432406766
r16c06,325.92351962221306,182.2627025133367,0.41586462734104046
r16c07,347.5088730975497,161.30438083398514,0.41853518510429094
r16c08,361.00674269841835,100.62314869520881,0.4189799504449863
r16c09,521.6941801165304,168.15440410377198,0.4132031975240497
r16c10,496.68910883444,143.1876415875954,0.3937122852144099
r16c11,373.1160135530435,115.78618251700684,0.33615460869738956
r16c12,412.53641354081327,133.449249363403,0.3132553163277891
r16c13,297.1804714864438,46.74537904156333,0.3779350369275275
r16c14,275.1727499041384,42.357314396774804,0.37254323782118587
r16c15,222.16948710447573,62.59963538202893,0.3866094599257137
r16c16,266.81250820799437,114.77879552051458,0.295967809063714
r16c17,357.35280097859834,197.22712373167678,0.27097894028848263
r16c18,205.87336811254394,276.1109354395033,0.2794447535932407
r16c19,4.575346776880892,9.658342061057395,0.32760006281116494
r16c20,1.2784932071045763,2.1554734266578657,0.6185697475913473
r16c21,1.3240157508035841,3.110843364522625,0.6064263508139682
r16c22,0.5632008710197657,2.0602854766563845,0.5915984364893238
r16c23,0.5750831524376134,3.3696974644501987,0.5201703522991131
r16c24,190.58936459295762,187.98528079255712,0.20990511809423973
r16c25,1047.4698678691648,613.1729419257921,0.23196415760719677
r16c26,342.3261933876976,224.79541318130273,0.3137312457071897
r16c27,156.33657494781573,80.07802283599871,0.35728072720504117
r16c28,659.6351356846596,447.7417244396436,0.2981931848001843
r16c29,1059.1744020249414,250.12121213807436,0.2713156133269401
r16c30,890.0038869893478,269.3857087930591,0.26174442150576016
r16c31,1200.3103152534245,301.2764393379704,0.26458683608503214
r16c32,1047.0808814407985,347.00917630317315,0.22932857280214258
r16c33,963.1734416561595,224.16306643775334,0.2414543113655408
r17c00,0.09118794581827801,0.9041798012606855,0.48958909970342857
r17c01,20.737776616048357,30.361295657677594,0.4903626363534904
r17c02,74.98611487890633,60.25489628452319,0.4459290898389887
r17c03,101.90218856910876,65.66408580266544,0.3642606045465539
r17c04,18.576424033290728,13.516169101836487,0.3812708856147183
r17c05,97.62702640821117,61.570367743167374,0.3172954208361458
r17c06,322.71459801890626,99.57486637666601,0.4158570014873844
r17c07,410.3140354879847,163.8191407351314,0.4453281271224381
r17c08,360.3306900358812,121.10900693089391,0.502747893592954
r17c09,393.6129164950419,102.41094610900693,0.4107107442869125
r17c10,553.412395079467,212.127553164549,0.35402629647312645
r17c11,553.41841611949,113.77503172000083,0.4047243272679932
r17c12,566.177441240908,109.01243411303513,0.3354520432402512
r17c13,605.2269624685488,224.9646495553658,0.30423479151505567
r17c14,414.60425675741874,138.81830595035518,0.32053729389112723
r17c15,481.98926326174006,189.22573864031452,0.3021533453269803
r17c16,418.86937278401865,167.12705324879707,0.2870875490036125
r17c17,385.6184190762917,124.13929189448343,0.2539276164623599
r17c18,190.32216305773468,115.0745137275753,0.24805228933056425
r17c19,31.743482780961795,25.80678553967158,0.2820764319696448
r17c20,6.558028187449642,3.7809264019740363,0.3233231482008137
r17c21,5.906969184010434,3.394654675168162,0.4360922285285944
r17c22,5.25420502836714,3.1238193694597243,0.5043477160484243
r17c23,13.945438791584944,30.473964823068158,0.3333191297235013
r17c24,260.47394441881096,255.1117744783704,0.19813870900448008
r17c25,1157.3882260392447,476.4937621798048,0.24932056135614886
r17c26,325.58575988283405,232.34779316335886,0.2961818309552835
r17c27,130.71061169591965,44.649975239544496,0.3531724952906919
r17c28,739.1078920316983,398.10220453119393,0.2958948985513013
r17c29,845.6756160799731,243.13997484441387,0.272149943635855
r17c30,1074.6889515012651,293.87909339916644,0.28145145092167984
r17c31,1312.5845972941518,332.75626509771513,0.2690006935715926
r17c32,1267.7791022552394,313.559717395613,0.2494349694880528
r17c33,1203.6482479133915,268.4301873637082,0.26371214767017165
r18c00,14.314270469073778,27.532885684278483,0.5517852612170281
r18c01,59.951015428704885,63.28281481672212,0.5211643267685026
r18c02,23.318876702579274,32.049978365411526,0.6483272593455679
r18c03,18.98315162093036,15.254993855054137,0.4072881457638701
r18c04,94.56925917930863,46.37172773956931,0.2947617696467232
r18c05,193.92666356155345,83.84350904889429,0.34760277944807155
r18c06,317.24295649431946,117.65574194470817,0.41976026653410525
r18c07,479.62531649556087,25.50013403367235,0.4509999871810515
r18c08,456.9820268302529,34.56545389166119,0.45179803364094245
r18c09,464.35644747466387,37.9747673223961,0.4404575315197073
r18c10,459.49326608532033,77.68199346764943,0.4118754367799082
r18c11,403.64497630175845,54.53428201489886,0.3789895585681118
r18c12,490.4071308717867,116.42258293516772,0.3315456589042174
r18c13,510.7220761125098,117.49005517959652,0.2845732916840464
r18c14,552.8853550168845,124.31867103115226,0.2882951017275244
r18c15,622.359158625345,199.0203417256659,0.2944871518038977
r18c16,615.7376639630389,182.53868863793699,0.28370775874363885
r18c17,463.2150367833942,152.50121837616786,0.3050765829434737
r18c18,209.183312252754,79.50538533381818,0.2964280529910016
r18c19,65.54311196375969,32.43121834036932,0.3206546490401624
r18c20,15.26150917321717,4.049711748938441,0.2453776866796489
r18c21,9.638239065957475,3.3837512697126284,0.30023836110487073
r18c22,7.894786476091303,3.306671320588467,0.34883491308327225
r18c23,61.03863581602132,54.860516891352916,0.214582785270817
r18c24,418.46153126667815,311.0095994246654,0.17020617964117532
r18c25,1163.6647442435512,411.62702568455853,0.25742744551917723
r18c26,320.5617200756739,171.2680552322903,0.2613672546042455
r18c27,240.09047327123315,95.00246885776056,0.3459251987904512
r18c28,281.86540729715625,241.85799614424295,0.26806643077180564
r18c29,991.4044383601183,415.98406475762295,0.252914836327603
r18c30,1176.3629725958758,350.6366594113984,0.25712983302507914
r18c31,1555.0177831055094,465.2929603554101,0.29245090461153106
r18c32,1481.639276705031,367.4770517843849,0.25415971997042786
r18c33,1451.185943541552,392.69427763432765,0.27883536925016467
r19c00,7.196876313170343,4.535610386977356,0.4944711344140168
r19c01,21.48940217292403,20.791679500967444,0.4924242816114784
r19c02,41.82044932648976,38.37663268874081,0.6398492369681039
r19c03,40.95337338659181,32.3527686898677,0.39683206593542053
r19c04,267.4940049748848,149.94409781235092,0.3232686463112525
r19c05,527.6208573292095,175.19395129850295,0.34171743833086
r19c06,441.65921312527735,74.30523014237444,0.35037021531575213
r19c07,423.9891677577433,48.891317629079886,0.5005598234219493
r19c08,347.7122644013576,48.86423691933141,0.41638292286750417
r19c09,464.00708763742995,38.5617826180779,0.43810851242061566
r19c10,394.30472504736827,49.91134469899194,0.4413387839677887
r19c11,348.80667102701335,78.08420228951866,0.37860941281588073
r19c12,364.75111157946884,83.41754196160072,0.369416514837778
r19c13,323.0609582695471,76.56975828139369,0.3592152612128705
r19c14,297.62172341180957,84.53527392096841,0.37538266490587113
r19c15,279.31267515285646,105.94635125519052,0.33232694805574314
r19c16,215.56325681843168,112.90556258026324,0.33172779655923845
r19c17,286.2093378523319,154.60926476103813,0.30497373032186587
r19c18,228.73585155248958,82.3414263049864,0.3100513609256667
r19c19,113.90014448949624,75.3540496488673,0.31035343712423547
r19c20,22.32063667148376,6.395969345431776,0.3233544083953719
r19c21,15.647143058775601,3.5806626970577407,0.3884410018530903
r19c22,14.353616336153904,4.4105952773621135,0.31044357392962346
r19c23,21.402027010188473,27.330591292585797,0.47745922150791265
r19c24,107.59400951274574,150.41660772993913,0.2287005322060148
r19c25,738.3923688926319,393.92835659459263,0.23435840020866852
r19c26,542.2217679639155,414.69970895148754,0.25177151601523456
r19c27,349.43468454444786,193.32357013006833,0.2553335654366017
r19c28,285.8884637284513,216.21366532970515,0.2853856426727887
r19c29,780.2856091858071,637.5505978909121,0.2866346383842582
r19c30,1499.2374760199434,428.621591776936,0.28181872881374975
r19c31,1660.272989724527,442.81020156043405,0.298420832374714
r19c32,1803.4943930713412,403.175120209091,0.3121876543501813
r19c33,1695.9883620397754,430.82079715850074,0.27786869295524763
r20c00,36.121197193351094,30.891394759950057,0.30993711001160845
r20c01,22.376069109139078,14.620890828643534,0.3718688777498902
r20c02,123.58895737947363,47.4184610863644,0.4547414674012994
r20c03,131.65440332198455,63.27192212975958,0.4059196464032911
r20c04,162.34169942084526,63.08318923142459,0.3651856708684953
r20c05,375.4157862921092,194.11956013806375,0.35286832166886806
r20c06,454.4579652699404,66.62725660118431,0.32709161282045934
r20c07,336.99803450693986,71.70905738300989,0.38922783371309994
r20c08,266.4765832342821,53.46519412588343,0.42401077074776133
r20c09,392.53987520316497,64.1829890970392,0.3671242317778609
r20c10,250.7953774297985,58.28444440869451,0.39395714162050066
r20c11,177.75870849866394,38.02072603909226,0.3968428254804249
r20c12,135.56335970005938,38.7297999317046,0.37647176378442393
r20c13,111.81839723058536,27.23245865661123,0.3492780097955549
r20c14,91.8147250952642,15.615603125681437,0.3555929526257821
r20c15,75.90651365242353,8.569285930916806,0.40581693018311166
r20c16,69.33763508956989,12.349079673353833,0.4175201301827969
r20c17,54.133045141218695,10.536386202399369,0.3744750064629213
r20c18,53.61944636097783,41.86150171998802,0.38944777014705706
r20c19,45.2840369322685,32.21267879784162,0.35236600873197427
r20c20,35.042833738505294,7.913817736729979,0.3117922713288397
r20c21,29.327575110394218,11.47432040539649,0.42396817909986095
r20c22,234.7021430619378,230.02769081404375,0.2646037741634684
r20c23,727.1197777584093,586.1610668915407,0.3231959745946672
r20c24,673.7216985363974,403.95155183018073,0.24648588117547185
r20c25,667.5921500969256,543.8256817755831,0.22518364814370664
r20c26,1350.58300074144,483.82254065544987,0.2913889706053224
r20c27,488.6542136018819,589.3320281054846,0.28933304654286357
r20c28,451.2635467512557,298.0734655589464,0.3033817883678343
r20c29,613.039275880056,570.1866493738598,0.29003517366295034
r20c30,1981.9352768357692,601.2551793797179,0.33039004568400887
r20c31,2151.505456673758,418.7985218753594,0.2945357535373519
r20c32,2115.0494184462013,369.8253979653953,0.30565165299507524
r20c33,1955.0423713205023,330.45091541463546,0.24315319378549483
r21c00,38.8560221370391,10.164776843090324,0.30671180531788633
r21c01,53.34935488891107,14.390627366750723,0.24180180607935173
r21c02,162.4129047872266,62.39235583344569,0.4061062246559531
r21c03,243.48016524740808,33.903034826788264,0.4123732919498177
r21c04,241.1593050792743,52.54573075053503,0.3944620450301682
r21c05,281.22402270478307,40.50176605667457,0.39199388933622004
r21c06,402.76211094928215,58.7322856703799,0.38011041759301445
r21c07,339.03051248515635,41.96688495493126,0.37589961847331055
r21c08,285.6346870814113,54.86788351992651,0.38845785475917577
r21c09,233.2437540502443,58.879509519196816,0.3731646816953939
r21c10,169.7477392214552,35.293350418471924,0.3860583208140586
r21c11,138.92641159227713,9.519799578334034,0.36395837178635626
r21c12,124.31717372552762,6.230993761272145,0.3353779207790234
r21c13,111.04312517455615,6.54493646007675,0.328125076456135
r21c14,92.15261060826309,5.938393633497554,0.3465555049147102
r21c15,78.76102183860519,5.505561888622344,0.40291886361146106
r21c16,71.63876360433109,7.290197727676921,0.3539837824910831
r21c17,71.11445837323154,23.827034057230815,0.32886170087258293
r21c18,157.4600343796577,235.19514729793116,0.3084084462987929
r21c19,274.2049501364482,418.8695976058515,0.29971036602810125
r21c20,207.81595008250582,358.88441055079073,0.2965639917249418
r21c21,303.350053313241,544.3279702481663,0.28695629286006674
r21c22,238.28634450041693,409.0666354462743,0.3499895260512189
r21c23,233.24499836704666,392.10652153457096,0.329903521782472
r21c24,136.55956754447345,182.13928602139387,0.3561795080912614
r21c25,245.0201471133916,237.22689294799727,0.31402441681261795
r21c26,560.0742304922352,542.6192679704689,0.25932324284074604
r21c27,1077.6132940918185,598.3039238317739,0.3051084933449396
r21c28,513.9105607372587,397.670842826995,0.28368771968866546
r21c29,828.7515373887684,480.81738643889594,0.29269051225339826
r21c30,2201.1963801275792,786.8639600704648,0.40537352079613603
r21c31,2755.2829430225743,486.06522829802424,0.31014998298280544
r21c32,2362.9364774594674,525.9808083271556,0.2724325898240979
r21c33,1871.460506624932,467.03553121548765,0.2501302691104072
r22c00,58.04594849045188,12.603851248579938,0.3871055700596467
r22c01,66.89773547065354,7.951595063184745,0.28190204878529357
r22c02,132.51811486710216,36.17163208977976,0.350922651379473
r22c03,154.83219423477044,37.1996498862424,0.36605110113492845
r22c04,221.06970940221512,41.3243100344303,0.37700797492325716
r22c05,295.1753747301975,24.246214519141315,0.43095609827494924
r22c06,343.6698088338676,35.635524466377014,0.4320055979122579
r22c07,448.5375262640615,59.34955062125419,0.3541240951837924
r22c08,339.16997567895777,93.668296034539,0.37769728788667634
r22c09,186.96180312254955,14.2651011351509,0.4247481547126241
r22c10,169.79145772136957,8.63065018924181,0.3489269649695259
r22c11,149.8625147598129,8.261118040456621,0.34186843415759244
r22c12,139.9721864147139,8.491631262782942,0.29792587296013917
r22c13,122.47986969283058,17.331932681933974,0.3367712229812108
r22c14,208.4448693600675,217.51404033711597,0.30755284956386114
r22c15,355.9114237895153,415.15919739362766,0.3153386102767324
r22c16,426.58490794424756,378.5041885491272,0.2685995760036569
r22c17,1098.8761970035127,747.6778444059555,0.2765979843908486
r22c18,2574.7211674051655,1609.1390775303348,0.46306688131872425
r22c19,2829.128028674268,1589.23636368615,0.5214541007221475
r22c20,3389.0034392690504,1673.9438753976842,0.638435970600548
r22c21,3373.939618406614,1076.6526210722404,0.4745703316712575
r22c22,3158.223116689797,1202.1272954890314,0.508582524673893
r22c23,2816.68126792801,1114.9401956273032,0.47180254046722997
r22c24,2783.684588677338,1531.267939849531,0.5798618468863542
r22c25,1428.9338730466827,735.6059556814212,0.36701428434880734
r22c26,412.7826759040263,487.26342651256743,0.3648642633951483
r22c27,248.29659889144122,295.2492903098649,0.33116620068001557
r22c28,1362.3011011801063,965.0196239384408,0.3464159700613644
r22c29,1557.935312996241,957.8612381945359,0.4519403514838718
r22c30,2598.5445351044777,774.0610657664075,0.5371560958954037
r22c31,3150.7128632590875,611.5296666901781,0.34892295952088676
r22c32,2966.7120898617814,585.0122611535226,0.28963324131180535
r22c33,2672.7706828870428,575.1324575901932,0.31009012797340263
r23c00,122.1757413649295,146.17624343970823,0.45431790521048604
r23c01,157.75205324029824,143.27718657934076,0.37196270888135696
r23c02,88.5153960535277,8.10858914911657,0.3214468696890993
r23c03,109.72675229793806,7.8579243883165155,0.3573776809172253
r23c04,141.77191547025157,20.164544772429082,0.3451946869329543
r23c05,200.99837576243937,22.410021363913273,0.4002135825510099
r23c06,248.5272643979606,37.710309202867826,0.43871697549539984
r23c07,269.05436330710273,47.959339391661565,0.4274523923495632
r23c08,240.95878207909257,31.619137595897424,0.40074544484530866
r23c09,210.241105936054,17.347035417246186,0.29819693747164316
r23c10,194.39920690058284,12.162719806262734,0.265583260090779
r23c11,180.93957950188792,15.609571871308358,0.2952426658693862
r23c12,241.35718214468162,238.6662311993324,0.2707061940212595
r23c13,674.4246760565889,635.7982997455746,0.25713137831044125
r23c14,1947.5336070140536,1004.3167760458314,0.31091592613528773
r23c15,3131.07109733092,1636.3569865137422,0.49249533599880063
r23c16,3601.893953551797,1823.311588901006,0.5967428897328503
r23c17,4602.003708100151,1004.0969756401628,0.7288455116082067
r23c18,5068.565148558264,542.327037272512,0.48786985396120347
r23c19,4893.94916603346,494.47372228340424,0.4514625586240473
r23c20,4921.771446835636,380.33544763109927,0.4284596737971446
r23c21,4797.0238103243355,365.8830270496219,0.47578866757223015
r23c22,5067.7560282611585,509.3012651605067,0.7301881418531245
r23c23,4849.060644528819,428.94500075059955,0.5911480212607582
r23c24,4706.747958171215,499.3499297357828,0.5775390475036873
r23c25,3373.335206720559,1212.532682259965,0.7951498092730871
r23c26,1865.3085574531335,1041.3042181471417,0.4878756793455857
r23c27,1718.6460020761776,1028.1382769483473,0.41399287540675556
r23c28,3161.6824193555144,1024.6383554672634,0.8764443807422158
r23c29,3959.961498569512,800.1268353668645,1.004496311228943
r23c30,3799.388999385583,795.9598305823517,0.7011947932313886
r23c31,3757.771427493274,621.4525982668229,0.3835828197861294
r23c32,3848.2220100947507,645.9349064294641,0.3362981642015374
r23c33,3416.0117155245853,728.5887326366421,0.32557656207013885
r24c00,643.4842173224296,383.6535087406403,0.24077695102990718
r24c01,904.2941107186487,300.62197081553137,0.23448245408567536
r24c02,157.3258962731978,167.70219900533203,0.37072173656664115
r24c03,114.3148498166143,7.149488644963568,0.32799101215193033
r24c04,138.60268301519133,7.784269398328883,0.34506053660296604
r24c05,166.86430101487966,11.438221980135358,0.43119872275090104
r24c06,191.34688543652487,7.622134384009967,0.4472186399023971
r24c07,213.90103416433163,7.416306498185434,0.4310758573288748
r24c08,233.59221081313686,9.469107317227788,0.4361829434008535
r24c09,245.77448624123198,15.012575209228908,0.2446634107485819
r24c10,444.9149306382395,395.54338863983054,0.24074649803771625
r24c11,1110.2118601010814,598.6180620796869,0.22612891328631946
r24c12,1662.231604685888,845.6118029022903,0.26879252007973076
r24c13,2819.330703908987,1185.97006397249,0.4898363438022993
r24c14,4223.174354897147,929.9121282511668,0.8137480031220554
r24c15,4963.426036117992,461.044200113455,0.6704870106569746
r24c16,4993.747080462119,391.7059573453416,0.5001526360899681
r24c17,5150.301385865851,381.83857014450876,0.4891582273827742
r24c18,5163.018115101599,368.4412952656526,0.39874430509633824
r24c19,4905.699995601917,485.51135842442176,0.3655691942435842
r24c20,4729.572501127209,528.7316887494824,0.3956470428918854
r24c21,4734.512320064588,538.1906376777868,0.4795019856453001
r24c22,4740.587378478355,562.1145840600353,0.5093328294395698
r24c23,4407.977786872586,529.3173236158052,0.48413734008065723
r24c24,4799.281182382582,521.508815301011,0.6633038678904559
r24c25,4545.222671644813,588.4303542293302,0.748227117652168
r24c26,3925.7257213189,775.3447744922832,0.8748609334789634
r24c27,3349.836265736539,985.579395723143,0.9187211292457299
r24c28,4563.1128694441195,679.4682582186596,1.0574409161952927
r24c29,4526.663750860242,665.9315680203067,0.7207345238662544
r24c30,4185.378764821754,566.9363556302803,0.4304352916326803
r24c31,4150.561684511789,574.5010473641485,0.38966345239775113
r24c32,4261.422457208594,362.0414903039539,0.3673716607566366
r24c33,4164.150282882095,592.1460492743935,0.4574275083707455
r25c00,1606.581801984933,346.28955480426714,0.2023313299314688
r25c01,1409.6509176698191,213.0929627155875,0.21915693355685617
r25c02,498.5043424806955,482.37174364514243,0.32062346288317556
r25c03,133.7832274445093,8.548838301410738,0.3296901634631106
r25c04,149.75944811270304,9.438974007700589,0.2636026283124519
r25c05,170.51593347887854,8.82413829956856,0.2861021836122759
r25c06,195.22577932807417,8.783823620514614,0.4114147275161359
r25c07,229.83532608459294,11.948323102869542,0.41870684992070356
r25c08,296.1165508184527,130.73676161908,0.36429649681313214
r25c09,910.1178561084632,690.7590450277071,0.23918479255601496
r25c10,1943.4467843432262,1123.5321841251164,0.3207783290224729
r25c11,3591.622065294039,1508.0097999837246,0.635636639903131
r25c12,4576.74580219472,833.4397934934925,0.9267618864293476
r25c13,4903.713384786737,508.3961310392701,0.9278216058859039
r25c14,5229.320379085472,372.86556878437887,0.8661886502749512
r25c15,5215.924575645341,406.0661077080695,0.5914185913717195
r25c16,5280.774308568278,365.6583789584167,0.5153686676760532
r25c17,5083.605200517925,350.51938121798145,0.6345211281038073
r25c18,5087.1241897183245,343.6329670594781,0.5369825228317604
r25c19,5150.324587427327,266.2979918115268,0.39605291050223956
r25c20,5118.623579339634,268.69080101918007,0.44872023778823655
r25c21,5091.88287948599,253.16609739888992,0.49857441688385573
r25c22,5007.543207414265,399.22807876127973,0.9272944692362775
r25c23,4919.481197682,370.70904388181293,0.7216474851656686
r25c24,5063.9752591299975,270.98830477147465,0.9193053011227998
r25c25,4940.022616487029,469.322220502258,0.9405258567273476
r25c26,4557.69161543362,725.8270934661623,1.0106828940882076
r25c27,4466.92024705387,632.7764841214216,0.9629215508507417
r25c28,4619.909206998985,489.43921293396306,0.8409225091123698
r25c29,4410.382071844808,507.27136814558855,0.5340616138386493
r25c30,4267.857873661148,391.7025391277817,0.4521011260492309
r25c31,4455.764888726971,421.46762950837217,0.6146051114195454
r25c32,4136.616652710648,441.8677142483819,0.3697327760295588
r25c33,3930.956151534483,540.9193474530889,0.4383503388107749
