cell_id,country
r00c27,Indonesia
r00c32,Malaysia
r00c33,Malaysia
r01c12,Sri Lanka
r01c13,Sri Lanka
r01c32,Malaysia
r01c33,Thailand
r02c12,Sri Lanka
r02c13,Sri Lanka
r02c31,Thailand
r03c09,India
r03c12,Sri Lanka
r03c30,Thailand
r03c31,Thailand
r04c08,India
r04c09,India
r04c10,India
r04c12,Sri Lanka
r04c30,Thailand
r05c08,India
r05c09,India
r05c10,India
r05c11,India
r05c30,Burma
r06c08,India
r06c09,India
r06c10,India
r06c11,India
r06c31,Thailand
r07c07,India
r07c08,India
r07c09,India
r07c10,India
r07c11,India
r07c30,Burma
r07c31,Thailand
r08c07,India
r08c08,India
r08c09,India
r08c10,India
r08c11,India
r08c30,Burma
r08c31,Thailand
r08c32,Thailand
r08c33,Thailand
r09c06,India
r09c07,India
r09c08,India
r09c09,India
r09c10,India
r09c11,India
r09c30,Burma
r09c31,Thailand
r09c32,Thailand
r09c33,Thailand
r10c06,India
r10c07,India
r10c08,India
r10c09,India
r10c10,India
r10c11,India
r10c30,Burma
r10c31,Thailand
r10c32,Thailand
r10c33,Thailand
r11c05,India
r11c06,India
r11c07,India
r11c08,India
r11c09,India
r11c10,India
r11c11,India
r11c12,India
r11c13,India
r11c26,Burma
r11c27,Burma
r11c28,Burma
r11c29,Burma
r11c30,Burma
r11c31,Thailand
r11c32,Thailand
r11c33,Thailand
r12c05,India
r12c06,India
r12c07,India
r12c08,India
r12c09,India
r12c10,India
r12c11,India
r12c12,India
r12c13,India
r12c14,India
r12c27,Burma
r12c28,Burma
r12c29,Burma
r12c30,Thailand
r12c31,Thailand
r12c32,Thailand
r12c33,Thailand
r13c05,India
r13c06,India
r13c07,India
r13c08,India
r13c09,India
r13c10,India
r13c11,India
r13c12,India
r13c13,India
r13c14,India
r13c15,India
r13c26,Burma
r13c27,Burma
r13c28,Burma
r13c29,Burma
r13c30,Thailand
r13c31,Thailand
r13c32,Thailand
r13c33,Laos
r14c05,India
r14c06,India
r14c07,India
r14c08,India
r14c09,India
r14c10,India
r14c11,India
r14c12,India
r14c13,India
r14c14,India
r14c15,India
r14c16,India
r14c26,Burma
r14c27,Burma
r14c28,Burma
r14c29,Burma
r14c30,Thailand
r14c31,Thailand
r14c32,Thailand
r14c33,Laos
r15c05,India
r15c06,India
r15c07,India
r15c08,India
r15c09,India
r15c10,India
r15c11,India
r15c12,India
r15c13,India
r15c14,India
r15c15,India
r15c16,India
r15c17,India
r15c18,India
r15c25,Burma
r15c26,Burma
r15c27,Burma
r15c28,Burma
r15c29,Burma
r15c30,Burma
r15c31,Burma
r15c32,Laos
r15c33,Laos
r16c02,India
r16c03,India
r16c05,India
r16c06,India
r16c07,India
r16c08,India
r16c09,India
r16c10,India
r16c11,India
r16c12,India
r16c13,India
r16c14,India
r16c15,India
r16c16,India
r16c17,India
r16c18,India
r16c24,Bangladesh
r16c25,Burma
r16c26,Burma
r16c27,Burma
r16c28,Burma
r16c29,Burma
r16c30,Burma
r16c31,Burma
r16c32,China
r16c33,China
r17c02,India
r17c03,India
r17c04,India
r17c05,India
r17c06,India
r17c07,India
r17c08,India
r17c09,India
r17c10,India
r17c11,India
r17c12,India
r17c13,India
r17c14,India
r17c15,India
r17c16,India
r17c17,India
r17c18,India
r17c19,India
r17c20,India
r17c21,Bangladesh
r17c22,Bangladesh
r17c23,Bangladesh
r17c24,Bangladesh
r17c25,Burma
r17c26,Burma
r17c27,Burma
r17c28,Burma
r17c29,Burma
r17c30,Burma
r17c31,China
r17c32,China
r17c33,China
r18c00,India
r18c01,India
r18c02,India
r18c03,India
r18c04,India
r18c05,India
r18c06,India
r18c07,India
r18c08,India
r18c09,India
r18c10,India
r18c11,India
r18c12,India
r18c13,India
r18c14,India
r18c15,India
r18c16,India
r18c17,India
r18c18,India
r18c19,India
r18c20,India
r18c21,Bangladesh
r18c22,Bangladesh
r18c23,India
r18c24,India
r18c25,Burma
r18c26,Burma
r18c27,Burma
r18c28,Burma
r18c29,Burma
r18c30,Burma
r18c31,China
r18c32,China
r18c33,China
r19c00,Pakistan
r19c01,Pakistan
r19c02,Pakistan
r19c03,India
r19c04,India
r19c05,India
r19c06,India
r19c07,India
r19c08,India
r19c09,India
r19c10,India
r19c11,India
r19c12,India
r19c13,India
r19c14,India
r19c15,India
r19c16,India
r19c17,India
r19c18,India
r19c19,India
r19c20,Bangladesh
r19c21,Bangladesh
r19c22,Bangladesh
r19c23,Bangladesh
r19c24,India
r19c25,India
r19c26,Burma
r19c27,Burma
r19c28,Burma
r19c29,Burma
r19c30,China
r19c31,China
r19c32,China
r19c33,China
r20c00,Pakistan
r20c01,Pakistan
r20c02,Pakistan
r20c03,India
r20c04,India
r20c05,India
r20c06,India
r20c07,India
r20c08,India
r20c09,India
r20c10,India
r20c11,India
r20c12,India
r20c13,India
r20c14,India
r20c15,India
r20c16,India
r20c17,India
r20c18,India
r20c19,India
r20c20,India
r20c21,Bangladesh
r20c22,India
r20c23,India
r20c24,India
r20c25,India
r20c26,India
r20c27,Burma
r20c28,Burma
r20c29,Burma
r20c30,China
r20c31,China
r20c32,China
r20c33,China
r21c00,Pakistan
r21c01,Pakistan
r21c02,India
r21c03,India
r21c04,India
r21c05,India
r21c06,India
r21c07,India
r21c08,India
r21c09,India
r21c10,India
r21c11,India
r21c12,India
r21c13,India
r21c14,India
r21c15,India
r21c16,India
r21c17,India
r21c18,India
r21c19,Nepal
r21c20,Bangladesh
r21c21,India
r21c22,India
r21c23,India
r21c24,India
r21c25,India
r21c26,India
r21c27,Burma
r21c28,Burma
r21c29,Burma
r21c30,Burma
r21c31,China
r21c32,China
r21c33,China
r22c00,Pakistan
r22c01,Pakistan
r22c02,India
r22c03,India
r22c04,India
r22c05,India
r22c06,India
r22c07,India
r22c08,India
r22c09,India
r22c10,India
r22c11,India
r22c12,India
r22c13,India
r22c14,India
r22c15,Nepal
r22c16,Nepal
r22c17,Nepal
r22c18,Nepal
r22c19,Nepal
r22c20,India
r22c21,Bhutan
r22c22,Bhutan
r22c23,Bhutan
r22c24,India
r22c25,India
r22c26,India
r22c27,India
r22c28,India
r22c29,Burma
r22c30,Burma
r22c31,China
r22c32,China
r22c33,China
r23c00,Pakistan
r23c01,Pakistan
r23c02,Pakistan
r23c03,Pakistan
r23c04,India
r23c05,India
r23c06,India
r23c07,India
r23c08,India
r23c09,India
r23c10,India
r23c11,India
r23c12,India
r23c13,Nepal
r23c14,Nepal
r23c15,Nepal
r23c16,Nepal
r23c17,China
r23c18,China
r23c19,China
r23c20,China
r23c21,China
r23c22,China
r23c23,China
r23c24,China
r23c25,India
r23c26,India
r23c27,India
r23c28,China
r23c29,China
r23c30,China
r23c31,China
r23c32,China
r23c33,China
r24c00,Pakistan
r24c01,Pakistan
r24c02,Pakistan
r24c03,Pakistan
r24c04,Pakistan
r24c05,India
r24c06,India
r24c07,India
r24c08,India
r24c09,India
r24c10,India
r24c11,India
r24c12,Nepal
r24c13,Nepal
r24c14,Nepal
r24c15,China
r24c16,China
r24c17,China
r24c18,China
r24c19,China
r24c20,China
r24c21,China
r24c22,China
r24c23,China
r24c24,China
r24c25,China
r24c26,China
r24c27,China
r24c28,China
r24c29,China
r24c30,China
r24c31,China
r24c32,China
r24c33,China
r25c00,Pakistan
r25c01,Pakistan
r25c02,Pakistan
r25c03,Pakistan
r25c04,Pakistan
r25c05,Pakistan
r25c06,India
r25c07,India
r25c08,India
r25c09,India
r25c10,India
r25c11,India
r25c12,China
r25c13,China
r25c14,China
r25c15,China
r25c16,China
r25c17,China
r25c18,China
r25c19,China
r25c20,China
r25c21,China
r25c22,China
r25c23,China
r25c24,China
r25c25,China
r25c26,China
r25c27,China
r25c28,China
r25c29,China
r25c30,China
r25c31,China
r25c32,China
r25c33,China
