cell_id,S_cov90,S_cov95,m_cov90,m_cov95,cov_at_250,coverage_full
r00c32,217.63202437156494,277.04498283908765,859.0,1708.0,0.7306553608020412,0.9997596964726245
r00c33,190.4546652261676,226.69826290202332,640.0,1160.0,0.7336140898449381,0.9995087500974286
r01c12,149.42130213617403,175.73317831916765,493.0,869.0,0.7871965173421083,0.9999326703899396
r01c13,153.9799310448629,181.81806150399413,500.0,899.0,0.7830587339161973,0.999924941682544
r01c32,260.49649330786264,302.8869606998579,856.0,1459.0,0.6472068283585447,0.9997518058307405
r01c33,214.4110855126263,263.0158623452654,800.0,1493.0,0.7227768733391534,0.9994869903975118
r02c12,124.95433377820261,146.98763030950442,412.0,727.0,0.8230633662052051,0.9998620039196822
r02c13,142.39817329112086,162.80747205280517,445.0,736.0,0.7960187146888966,0.9990739189563294
r02c31,196.7511449734582,238.10507086374568,684.0,1277.0,0.731182725449135,0.9993164639413854
r03c09,179.62159993034635,220.37053195707304,643.0,1227.0,0.7541362187809916,0.9999379895385823
r03c12,122.83124162499598,144.56748243518797,395.0,707.0,0.8300382994425178,0.9997248980135911
r03c30,188.34180324299052,238.36900907200194,718.0,1434.0,0.7529500207876317,0.9996661117849394
r03c31,193.50098606990545,233.07605272598394,647.0,1217.0,0.7307594006514966,0.9994344690496344
r04c08,118.43593433256444,161.33194615452334,482.0,1099.0,0.8351958386200129,0.9999843859261035
r04c09,161.2097261289841,196.3437361500151,576.0,1078.0,0.7758242687292595,0.9999626986580611
r04c30,190.37464640612268,232.60354707412216,673.0,1279.0,0.741128538966791,0.9988798949327972
r05c08,170.0789716959649,209.01778637917195,618.0,1176.0,0.7659219839707971,0.9999925505161
r05c09,175.12523461717532,210.4000517151984,610.0,1114.0,0.7572802590297869,0.9999802568528602
r06c08,178.48865199923173,215.4065265811382,637.0,1163.0,0.7544951131826992,0.9999819386305289
r06c09,126.52290426574679,164.2770208790513,506.0,1049.0,0.8204912819918841,0.9999798724193171
r06c31,215.32017048413059,279.2128248904672,861.0,1776.0,0.7348891281356255,0.9968033567488123
r07c07,161.18935282891334,198.8627277535336,584.0,1125.0,0.7768381470859406,0.9999737902880715
r07c09,125.2946575054641,155.64593517180577,451.0,887.0,0.8247851168463878,0.9999922698147371
r07c31,230.73133647563498,280.94479987295523,806.0,1525.0,0.6948665311683205,0.9998551052029053
r08c07,169.0983376394447,204.06569970888026,582.0,1083.0,0.7642677638839614,0.9999040945698598
r08c30,217.6584399362346,243.09230148469987,716.0,1067.0,0.6967974319565531,0.9803262742051211
r08c31,152.06288296123228,196.41234990614987,560.0,1203.0,0.7951672272023276,0.9996767811260188
r08c33,151.63591025768807,191.34532296111485,561.0,1131.0,0.7944784630147761,0.9994058387348288
r09c06,171.64495372732685,211.4539343228018,609.0,1181.0,0.763879636429862,0.9999065085277791
r09c30,170.37276852482682,219.4364856340518,637.0,1345.0,0.7735840546896289,0.9937835082871493
r09c33,200.57647308963226,242.16273675912456,688.0,1284.0,0.7252871307268016,0.9998781183385322
r10c06,182.9012356632096,218.55709997965727,618.0,1128.0,0.7458869974839625,0.9999602808113578
r10c30,189.60905728719914,231.36534635136047,688.0,1284.0,0.7458292458370375,0.9962060774540213
r10c31,214.99523702562604,275.0737494773582,824.0,1683.0,0.731456220616205,0.9992214177475518
r11c05,154.9584717889744,193.3520446626698,566.0,1119.0,0.7854020100185855,0.9994128788969577
r11c30,142.8429086389617,183.47820038500603,531.0,1116.0,0.8070103462546571,0.9987259010012355
r11c33,204.2629168814389,247.33687934327875,709.0,1326.0,0.722251460283588,0.9995241311397052
r12c05,137.73781009485498,173.08077229872399,502.0,1012.0,0.8071776157366923,0.999883605889544
r12c13,185.5487700831876,223.4476525906914,630.0,1173.0,0.7430043726251212,0.9997614722484917
r12c14,156.54376650559118,197.30892796718206,587.0,1172.0,0.7850709923679055,0.9979832655999729
r12c26,193.90934551657264,235.28506459941386,672.0,1261.0,0.7360496589407488,0.9633271785706001
r12c29,208.55387354958177,255.18779676942924,753.0,1418.0,0.7249016608416918,0.9764322178222198
r12c30,189.60957113394602,240.0528816826542,714.0,1437.0,0.7534323837309101,0.9987995506715056
r12c31,111.75387680968369,150.53196044111263,433.0,995.0,0.8448657696154118,0.9997720964412744
r12c32,229.61679557795267,279.1752016475393,804.0,1513.0,0.6971176327329898,0.99767831558113
r12c33,191.72598938498945,234.48453640218725,664.0,1280.0,0.7377534565186042,0.9962153573818704
r13c05,131.35483676995344,175.30499283492955,533.0,1165.0,0.8204056104114442,0.999975742839405
r13c12,163.82858642405307,199.1919807506747,591.0,1094.0,0.7740939233715672,0.9974653149248329
r13c13,122.95498682441479,154.39405487269934,442.0,896.0,0.8267486295155042,0.9996003110082775
r13c14,144.74447585514298,177.22539320589496,502.0,969.0,0.7978786631483548,0.9995295136114837
r13c15,112.35967015430151,140.79520107147073,404.0,814.0,0.8416872810738605,0.9981472877414612
r13c26,,,,,0.7533819096988219,0.8736063862620462
r13c28,162.02290321307558,194.9373083352636,536.0,1009.0,0.7730194897290507,0.977007910476558
r13c29,133.64853338884743,169.728325295745,524.0,1043.0,0.8090495217748751,0.9913382403030021
r13c30,254.38470303517602,307.57575980188557,877.0,1640.0,0.6659873610721118,0.9999127905424611
r13c31,169.49758738249358,219.92908142438125,657.0,1385.0,0.7753093545578806,0.9994293017614366
r13c32,143.81141236993813,184.73384013363886,538.0,1128.0,0.8038341445009439,0.9947167983138444
r13c33,155.63604140951045,,586.0,,0.7917293274732895,0.9476102538372729
r14c12,153.9505135890816,176.69521186323988,496.0,817.0,0.7791871512016897,0.9656169951580765
r14c13,145.05440810487033,177.0029524131496,514.0,972.0,0.7955168355032396,0.997483030333144
r14c15,138.65383940703342,168.54837792476354,486.0,915.0,0.8043515479571607,0.9983534208695461
r14c16,138.64344402989784,173.57885252801503,519.0,1021.0,0.8045464888648912,0.9946015755520494
r14c26,236.4498077552477,280.3612720809093,765.0,1395.0,0.6705369973457445,0.9617560587424326
r14c27,150.58048445511227,,330.0,,0.7694601068851628,0.9233477735332896
r14c28,140.49215894235283,192.80849149854524,588.0,1342.0,0.8097606724125428,0.9875802769233865
r14c29,175.75472484703965,228.02985580655798,680.0,1429.0,0.76916324682445,0.9753186619625464
r14c30,238.599562035917,290.71136272927095,836.0,1583.0,0.6857369104687163,0.9996377089163309
r14c31,237.63164351509346,293.2694092118295,856.0,1653.0,0.6927353937671834,0.9997256139388216
r14c32,187.92360351812493,241.52270849194875,721.0,1490.0,0.7566869889491452,0.9966279126525295
r14c33,195.86687903754944,243.4074908715888,700.0,1385.0,0.7366125088336002,0.9959646599205352
r15c05,159.60973157447262,193.4222040572659,560.0,1044.0,0.7779744185663704,0.9998514177777544
r15c13,147.74286816654123,178.29963526926522,516.0,953.0,0.7930502849829809,0.999668035112749
r15c14,130.84216116843925,163.40244466476184,469.0,937.0,0.819134722608912,0.9953253299628289
r15c15,165.70681482761594,196.78881710357896,565.0,1009.0,0.7668427708393561,0.9990802747724723
r15c16,142.88074122888645,174.7990529317209,509.0,967.0,0.7994786149851189,0.999159238382692
r15c26,212.0326053865994,,837.0,,0.7388889021532447,0.9489915070944411
r15c29,244.97507163222534,286.36849715436915,818.0,1407.0,0.6680063978031859,0.9750793034046499
r15c31,245.92384257843634,295.9846231356625,828.0,1547.0,0.6688628302301538,0.9998021761212845
r15c32,149.20834287776998,192.1620453919956,539.0,1161.0,0.798985457559557,0.9993183104948469
r15c33,186.8764712292507,,817.0,,0.7740622947539233,0.9492855952196994
r16c12,158.18952192450084,187.16088786224032,535.0,949.0,0.7745381066268247,0.9997563421221908
r16c16,141.57194741581276,174.4926809627259,512.0,984.0,0.8025941096560771,0.9883423278196285
r16c17,112.86140693145832,145.27868655302214,429.0,897.0,0.8366189664519387,0.9870472628683342
r16c18,152.43105822496162,183.691359862586,519.0,968.0,0.7860026838929818,0.9992390007426248
r16c24,208.5412299091486,257.0376293169088,786.0,1477.0,0.7300655897610452,0.9954609929483973
r16c25,188.76375121826229,246.80146085487047,692.0,1534.0,0.7522436999766531,0.9968598861528238
r16c26,255.2395476002979,321.8420623640164,985.0,1939.0,0.6929401363633823,0.9982066065929762
r16c28,229.19324279116574,303.0554809909728,911.0,1973.0,0.7223046815793721,0.9897071756251383
r16c32,166.55430265361704,215.8206790455134,649.0,1359.0,0.7775204355907217,0.976465702219235
r16c33,174.12549728029666,226.02878572682496,668.0,1415.0,0.7700469500715021,0.9983083164379633
r17c12,118.05383997420232,149.35823725151423,440.0,889.0,0.8351535824203604,0.9999702446347275
r17c14,135.0442828355438,170.1448978773548,494.0,998.0,0.8131662861731926,0.9993041153276137
r17c15,157.9152050414918,191.10000241251444,562.0,1036.0,0.7794123884194507,0.991585608958935
r17c17,116.04241339932432,150.39581117937132,459.0,957.0,0.8291393005355494,0.9714279273193422
r17c18,145.9074813834309,184.37828494566375,531.0,1085.0,0.7995465334168248,0.9995544754336633
r17c22,100.33417967496959,128.7712373772101,394.0,802.0,0.8519005156012831,0.9988438919728139
r17c24,188.50726396023535,232.89478939622663,692.0,1327.0,0.7461475056646631,0.9941081490111708
r17c25,136.87952629002743,167.74163642723153,484.0,927.0,0.808335500653528,0.9970450150643836
r17c26,200.58865410702154,217.7773611429592,609.0,845.0,0.7034220391373887,0.9856968253344498
r17c28,236.84155569719067,294.77769569575764,936.0,1759.0,0.7126817352137631,0.952902761227749
r17c29,210.44493288367167,,783.0,,0.726618392360271,0.9096045490530784
r17c32,188.5605550795737,242.38847334988853,722.0,1496.0,0.75414405843231,0.9933039985307675
r17c33,191.0243390943389,242.8233250971773,673.0,1425.0,0.7433878183696131,0.96935366619051
r18c13,137.4126984228362,167.87137658566047,486.0,922.0,0.808746758636099,0.9997957379901706
r18c14,143.76386396876734,178.5373781678485,534.0,1030.0,0.8021859181418148,0.9952451575010272
r18c15,180.7421157234727,214.8101348881022,631.0,1115.0,0.7486436267122438,0.987033824524985
r18c16,148.24001352139157,182.17397869031063,533.0,1018.0,0.7948609135336191,0.9872544507421938
r18c17,141.92127862518407,175.6658450885131,519.0,1002.0,0.801383477530871,0.9995917162260591
r18c23,145.51477679493527,183.34945422395512,544.0,1088.0,0.7965486965302314,0.9998934638812751
r18c24,192.45209704530376,232.8923746182547,686.0,1264.0,0.7365945885497847,0.9989959713497928
r18c25,174.13751557415065,207.068319256505,582.0,1053.0,0.7562677536580086,0.9895169701547145
r18c26,217.01429464428028,,747.0,,0.7007648647983847,0.9191281712538036
r18c27,231.31163268234536,262.94527251382516,747.0,1193.0,0.6753379482878343,0.9701477288307622
r18c29,277.6216752376639,340.9400154945521,1010.0,1914.0,0.6564098447972142,0.9718695817448382
r18c31,,,,,0.7244676218902627,0.8470882792346434
r18c33,,,,,0.6784436157343107,0.7658039513582289
r19c01,127.87128413627104,162.57797938957486,472.0,977.0,0.8182416795955345,0.9695085018815639
r19c02,176.77448846871823,214.30440463400947,613.0,1151.0,0.756024850818988,0.9857816448193352
r19c05,153.00110536725754,187.51423826580927,544.0,1038.0,0.7886814982165127,0.9998981658538856
r19c24,175.50198467079923,210.00540921248827,605.0,1099.0,0.7544112321297956,0.9992550334465925
r19c25,217.38259186117452,270.12515516502697,823.0,1579.0,0.7197994268191081,0.997789637803631
r19c26,206.90120864515433,252.45723402863138,743.0,1394.0,0.723381213571543,0.9910870858257294
r19c27,192.54164623047896,213.60367975057756,592.0,887.0,0.7153942761130079,0.9509452368852829
r19c28,182.7847511224266,,706.0,,0.7596031038736553,0.9338793294875146
r19c29,296.28853632742494,351.1007593058342,989.0,1775.0,0.6137021160601315,0.9995636178118847
r19c30,268.37618006600354,340.8159996885892,998.0,2044.0,0.6673316754804737,0.9919158401977766
r19c32,235.27532363947915,275.1565268034408,793.0,1358.0,0.6809212447159866,0.97357977261621
r19c33,187.30398205856162,235.46269365439244,688.0,1379.0,0.7515183286234416,0.9758343552141824
r20c22,166.34187214939965,208.0710277695543,630.0,1228.0,0.7732373522506837,0.9993472285758082
r20c23,248.73183150698418,299.9491349882352,905.0,1635.0,0.6799687058451549,0.999379097183051
r20c24,196.37923885100372,244.29979658606737,722.0,1411.0,0.7353116755800683,0.9897129017858326
r20c25,222.30661931802268,270.8116192966797,810.0,1504.0,0.7062518839379576,0.9975881952997234
r20c26,171.6419695520612,212.20901831342053,630.0,1211.0,0.7655800132236232,0.9994191808110386
r20c27,258.06354618684134,315.50983212523397,925.0,1745.0,0.6700854138040279,0.9835930984681908
r20c28,240.3885646010325,296.0812238620945,855.0,1655.0,0.6894608538148428,0.9946433393713702
r20c29,282.9956333411418,342.69604050382725,1018.0,1869.0,0.6515337586167862,0.9735249297438319
r20c30,249.08203513448439,317.15406013637744,936.0,1914.0,0.693905838733643,0.9992845809734421
r20c31,240.85115024261736,313.0384283480906,940.0,1979.0,0.7077641617481526,0.9765594847605947
r20c32,209.75865256338304,269.10962418767684,793.0,1646.0,0.731188358198374,0.996867247911414
r20c33,124.87003267186819,165.14667524981598,462.0,1047.0,0.8293768077604893,0.9910054510488113
r21c01,,,,,0.8706817973348375,0.8930226668355071
r21c02,107.21397381743724,137.423357597209,396.0,832.0,0.849350321425144,0.9997963162112069
r21c03,127.06027238150149,155.0463219413334,466.0,865.0,0.8178048031394725,0.9970532960767148
r21c21,266.5947299277173,334.4330449886423,991.0,1963.0,0.6728623113403627,0.9993928946998253
r21c22,290.23951445289913,354.7239595264475,1040.0,1965.0,0.6389780129632879,0.9996135557331769
r21c23,263.763614754418,332.67618552717005,1018.0,2003.0,0.6834885539033065,0.9999007625179206
r21c25,201.8981450131565,246.73668978491514,687.0,1334.0,0.7237610873207392,0.999873510272379
r21c26,218.77873778935947,272.1415442076723,803.0,1570.0,0.7149137214959644,0.9990947087335439
r21c27,,,,,0.7007842337441204,0.8302873662587901
r21c28,280.3291826799798,343.8798816956132,1037.0,1945.0,0.6603241374083929,0.9739275088356762
r21c30,291.9208540421717,334.52449316798237,964.0,1561.0,0.6173415143214411,0.9516564674302186
r21c31,207.80718944042016,257.6292422770055,745.0,1462.0,0.7229533009335074,0.9924964933428666
r21c32,201.90582477125125,262.53583781236574,747.0,1625.0,0.7350607698499156,0.9941827321832772
r21c33,,,,,0.7680288430640861,0.837370112733088
r22c02,127.10559087683602,153.46032709788656,430.0,809.0,0.822775984713786,0.9984839887522801
r22c03,132.81602334407853,163.03994173605093,484.0,915.0,0.8133157930191222,0.9958747603781606
r22c16,230.91539140997892,294.4769533103556,840.0,1759.0,0.7038560507805078,0.9997400150488998
r22c17,200.7584228997686,260.3660721439151,819.0,1673.0,0.7481725230284779,0.9999173801506437
r22c18,183.851815736289,243.15526845036524,729.0,1586.0,0.7626712919691029,0.9964047721188806
r22c19,243.0844598617835,294.3316971664629,862.0,1594.0,0.6843404304931711,0.9950670977524148
r22c20,242.76596585737727,290.8961463660645,853.0,1541.0,0.6806161290392905,0.9998629933890605
r22c21,231.2158668622443,289.46639710058713,870.0,1707.0,0.7076274367827697,0.9997917044744847
r22c22,271.09527002320254,320.4670798675969,912.0,1618.0,0.6410541127588094,0.9997955741866752
r22c23,248.960634509438,293.3665315648272,830.0,1465.0,0.6616233590935047,0.9996435189531067
r22c24,264.2598097575961,310.25873763022184,882.0,1538.0,0.6465955826154921,0.9999281087376144
r22c25,245.77165448897065,300.33339332876034,880.0,1661.0,0.6827894149665877,0.9979645042137282
r22c26,174.350321662716,224.62231222051236,683.0,1404.0,0.7694264733233762,0.9984578833910583
r22c27,257.3882950784154,303.93379929871685,889.0,1551.0,0.6618661154634704,0.9998437656733236
r22c28,239.0773928016028,290.7558432292285,838.0,1580.0,0.6849495885451193,0.9996708481147248
r22c29,240.60487391718263,303.5534816900019,867.0,1777.0,0.6889092520808517,0.9939328343167988
r22c30,207.92159858794653,255.4384331147343,729.0,1411.0,0.7217432800729003,0.9899216842082532
r22c31,211.2620109931567,266.47451164920625,788.0,1583.0,0.7247835042529249,0.9934438320376765
r22c32,218.2047660042671,272.18211885131365,820.0,1592.0,0.71864602935701,0.9779990690341441
r23c03,,,,,0.8202901593439968,0.8815728279532994
r23c04,116.48703346392588,136.7474510445516,378.0,667.0,0.838532190586873,0.9939794512794331
r23c05,129.98070789165112,161.20033841723088,494.0,940.0,0.8118223426963389,0.995824089853202
r23c13,230.357801157357,290.2762185122619,840.0,1701.0,0.7051883541793917,0.9989917940150285
r23c14,226.94317019277318,296.0397504368358,907.0,1900.0,0.7226237550843624,0.9746911164634501
r23c15,276.233928270191,338.18818757895036,1013.0,1900.0,0.6608776144471433,0.9996300233484606
r23c16,237.35197705403786,301.22276034563686,908.0,1825.0,0.7072180696591754,0.9979785407136116
r23c17,198.27064277024638,247.21993289321765,705.0,1410.0,0.7338340002093067,0.9980607312128331
r23c18,100.81951587562948,147.78172917590481,417.0,1119.0,0.8520579005202203,0.9527044613907568
r23c19,63.71200376545692,76.78358023657907,206.0,397.0,0.9200825922032635,0.9527077349251692
r23c20,47.01905666399384,72.01396040675476,199.0,561.0,0.9130543166499931,0.9903477724559656
r23c21,120.63241426815209,,427.0,,0.8241767721610336,0.9471711106027005
r23c22,122.03321408209544,146.65398222267285,419.0,771.0,0.8283086215600644,0.9583992475637086
r23c23,139.00597973344367,,517.0,,0.8047719538901775,0.9482488017235511
r23c25,,,,,0.7697997216754997,0.8794972992513714
r23c26,185.89794937782187,226.19431897066067,643.0,1223.0,0.7455115987269649,0.9950328813512327
r23c27,282.7652729275944,335.465772538754,968.0,1719.0,0.6360026021346963,0.999798686808034
r23c28,203.13389836633885,255.45498734495473,774.0,1522.0,0.7375080058627924,0.9881187474699357
r23c29,149.72790505491227,186.5322096426845,548.0,1075.0,0.7939431329777866,0.9986579601384334
r23c30,186.18657778351567,230.9277831313599,698.0,1334.0,0.7560197087427676,0.9744784210642395
r23c31,162.6770842617603,,598.0,,0.7803762933870538,0.9428105784020853
r23c32,107.21296156048753,,438.0,,0.8424554891814182,0.9369808062890166
r24c10,254.88431401003373,306.16536777438193,898.0,1630.0,0.6706201885654556,0.9999433120416001
r24c11,253.36945100572848,312.4984955068854,914.0,1762.0,0.6783474144349814,0.9999631527763546
r24c12,232.70598958836308,282.50456053077096,818.0,1531.0,0.6917707144985137,0.9984235792762439
r24c13,204.0699628473877,240.67895143859923,719.0,1238.0,0.7197973285753042,0.9886485776630918
r24c14,187.1814589906194,228.5884251903599,662.0,1256.0,0.7432037524127187,0.9854659302986394
r24c15,65.92484462870306,90.97414380680414,250.0,617.0,0.9000953615463912,0.9851810108888097
r24c20,74.88706119081618,89.35659636063004,257.0,463.0,0.8969190674407965,0.9803323998812581
r24c22,81.60909701878096,100.72318950686696,297.0,569.0,0.8822456484742918,0.9895860168704501
r24c23,86.10412110330475,112.47064752101004,322.0,703.0,0.8754837122783979,0.9957416484886483
r24c24,60.94781658047186,,254.0,,0.8987441049536959,0.9161299106628544
r24c26,148.55505793398152,210.44541967952887,609.0,1508.0,0.8044824143848555,0.9826688074142005
r24c27,215.635263722956,261.8369549009755,740.0,1405.0,0.7072740763039824,0.9984023038804848
r24c28,84.82753063532925,113.83292589858658,340.0,761.0,0.8705069177829956,0.9722020227067676
r24c32,148.21483741381854,,571.0,,0.8015922474342759,0.9186075068732521
r24c33,125.09311593882306,,459.0,,0.8185493092198852,0.9297330812854442
r25c09,193.0802741112523,243.4516538359802,734.0,1456.0,0.7472538997372259,0.9999460969476698
r25c10,176.78421313117764,229.57877934311125,685.0,1445.0,0.7676272174399614,0.9999462313581295
r25c11,169.99095474146228,202.6206733589148,569.0,1037.0,0.7609066804290214,0.999772609979375
r25c12,129.7894995671592,159.41441222436535,469.0,893.0,0.8159089153863611,0.9997692058284756
r25c13,92.09264578650668,115.38502373735145,313.0,655.0,0.8734870109915097,0.9520940503474694
r25c22,53.46148958132156,66.41283519873176,177.0,367.0,0.929661979762412,0.9593992074989912
r25c23,52.68926405538885,74.05096818291372,298.0,601.0,0.8851165213462774,0.9830508546697593
r25c25,,,,,0.8454343410636764,0.8923682368610609
r25c27,,,,,0.7626962321263081,0.8749189981072698
r25c31,,,,,0.8639963100987522,0.8843723502442465
r25c33,145.06693995357182,184.53872446162657,551.0,1118.0,0.7989757094574899,0.9752878884336906
