cell_id,n_sp_resolved,coverage_full,m_cov90,S_cov90,m_cov95,S_cov95
r00c00,0,,,,,
r00c01,0,,,,,
r00c02,0,,,,,
r00c03,0,,,,,
r00c04,439,0.9727170562520385,63.0,17.224525527768268,166.0,24.139811604131392
r00c05,1465,0.9815802177224147,109.0,26.663615273309073,301.0,39.48281724038992
r00c06,0,,,,,
r00c07,2,0.6666666666666667,,,,
r00c08,1,,,,,
r00c09,0,,,,,
r00c10,0,,,,,
r00c11,4,0.18181818181818177,,,,
r00c12,122426,0.9997876293466291,310.0,93.45150819663029,604.0,113.77951495652533
r00c13,0,,,,,
r00c14,1,,,,,
r00c15,0,,,,,
r00c16,0,,,,,
r00c17,0,,,,,
r00c18,0,,,,,
r00c19,0,,,,,
r00c20,0,,,,,
r00c21,0,,,,,
r00c22,0,,,,,
r00c23,0,,,,,
r00c24,1,,,,,
r00c25,1,,,,,
r00c26,0,,,,,
r00c27,2000,0.9655165003587034,634.0,158.04246129677452,1365.0,208.7762859962866
r00c28,57,0.8439628482972137,,,,
r00c29,130,0.8093475844782331,,,,
r00c30,4,0.18181818181818177,,,,
r00c31,47,0.6516612514411487,,,,
r00c32,166455,0.9997596964726245,859.0,217.63202437156494,1708.0,277.04498283908765
r00c33,75317,0.9995087500974286,640.0,190.4546652261676,1160.0,226.69826290202332
r01c00,0,,,,,
r01c01,0,,,,,
r01c02,0,,,,,
r01c03,0,,,,,
r01c04,68,0.9420415224913494,40.0,10.880439499547222,,
r01c05,114,0.9038182866950858,104.0,25.019989055254868,,
r01c06,0,,,,,
r01c07,0,,,,,
r01c08,0,,,,,
r01c09,1,,,,,
r01c10,0,,,,,
r01c11,372542,0.9999194723398229,218.0,64.27428619543278,434.0,79.16845083122618
r01c12,712910,0.9999326703899396,493.0,149.42130213617403,869.0,175.73317831916765
r01c13,386365,0.999924941682544,500.0,153.9799310448629,899.0,181.81806150399413
r01c14,0,,,,,
r01c15,0,,,,,
r01c16,0,,,,,
r01c17,0,,,,,
r01c18,0,,,,,
r01c19,0,,,,,
r01c20,2,0.6666666666666667,,,,
r01c21,0,,,,,
r01c22,2,0.6666666666666667,,,,
r01c23,0,,,,,
r01c24,0,,,,,
r01c25,9084,0.9977985933304644,171.0,51.3401854010512,340.0,62.97376530320725
r01c26,3,0.33333333333333337,,,,
r01c27,1,,,,,
r01c28,0,,,,,
r01c29,0,,,,,
r01c30,0,,,,,
r01c31,36681,0.998391577987383,555.0,141.67103501353438,1191.0,185.92024636532264
r01c32,128930,0.9997518058307405,856.0,260.49649330786264,1459.0,302.8869606998579
r01c33,46781,0.9994869903975118,800.0,214.4110855126263,1493.0,263.0158623452654
r02c00,0,,,,,
r02c01,1,,,,,
r02c02,0,,,,,
r02c03,0,,,,,
r02c04,26,0.8520710059171598,,,,
r02c05,0,,,,,
r02c06,0,,,,,
r02c07,2,0.6666666666666667,,,,
r02c08,0,,,,,
r02c09,18,1.0,,,,
r02c10,0,,,,,
r02c11,250443,0.9999121563297925,365.0,98.65333041215857,785.0,127.75146717426168
r02c12,210150,0.9998620039196822,412.0,124.95433377820261,727.0,146.98763030950442
r02c13,35633,0.9990739189563294,445.0,142.39817329112086,736.0,162.80747205280517
r02c14,1,,,,,
r02c15,0,,,,,
r02c16,0,,,,,
r02c17,0,,,,,
r02c18,0,,,,,
r02c19,0,,,,,
r02c20,0,,,,,
r02c21,0,,,,,
r02c22,0,,,,,
r02c23,0,,,,,
r02c24,0,,,,,
r02c25,12540,0.9995216328347295,181.0,53.445328449212134,364.0,66.04788308486728
r02c26,0,,,,,
r02c27,6,0.39393939393939403,,,,
r02c28,20,0.9095238095238095,18.0,7.800000000000001,,
r02c29,1,,,,,
r02c30,36465,0.9984369008793509,400.0,101.16582914907347,964.0,139.95153869871217
r02c31,55592,0.9993164639413854,684.0,196.7511449734582,1277.0,238.10507086374568
r02c32,53725,0.999274102447882,550.0,144.1816902759547,1257.0,192.90454179677383
r02c33,0,,,,,
r03c00,0,,,,,
r03c01,0,,,,,
r03c02,0,,,,,
r03c03,0,,,,,
r03c04,0,,,,,
r03c05,35,0.8935420743639921,,,,
r03c06,1,,,,,
r03c07,0,,,,,
r03c08,368408,0.9998995681651193,316.0,77.98938165064334,686.0,103.63871898102019
r03c09,451536,0.9999379895385823,643.0,179.62159993034635,1227.0,220.37053195707304
r03c10,22363,0.9991951470368589,413.0,124.66789164513452,746.0,147.86985650773323
r03c11,56786,0.9994541001003685,460.0,141.5152275537359,822.0,166.8349593897249
r03c12,109050,0.9997248980135911,395.0,122.83124162499598,707.0,144.56748243518797
r03c13,17659,0.9980747451930368,354.0,88.3666592617128,726.0,114.28825555713983
r03c14,0,,,,,
r03c15,0,,,,,
r03c16,3,0.33333333333333337,,,,
r03c17,0,,,,,
r03c18,0,,,,,
r03c19,0,,,,,
r03c20,1,,,,,
r03c21,0,,,,,
r03c22,0,,,,,
r03c23,0,,,,,
r03c24,0,,,,,
r03c25,3102,0.9909754362914542,158.0,44.88477379992504,328.0,56.5967256797147
r03c26,0,,,,,
r03c27,0,,,,,
r03c28,0,,,,,
r03c29,2603,0.98771092026124,230.0,50.38844685531536,587.0,75.14006643971717
r03c30,176705,0.9996661117849394,718.0,188.34180324299052,1434.0,238.36900907200194
r03c31,65424,0.9994344690496344,647.0,193.50098606990545,1217.0,233.07605272598394
r03c32,3265,0.9938791139060991,335.0,99.09659952895247,674.0,122.47679989759037
r03c33,3,0.33333333333333337,,,,
r04c00,0,,,,,
r04c01,1,,,,,
r04c02,0,,,,,
r04c03,0,,,,,
r04c04,1,,,,,
r04c05,0,,,,,
r04c06,1,,,,,
r04c07,1683,0.9946531128363438,39.0,10.651886752454086,79.0,13.466849393209577
r04c08,1729208,0.9999843859261035,482.0,118.43593433256444,1099.0,161.33194615452334
r04c09,509364,0.9999626986580611,576.0,161.2097261289841,1078.0,196.3437361500151
r04c10,136212,0.9997797574591428,336.0,92.9935388486225,664.0,115.78325351139809
r04c11,91892,0.9996517686683327,415.0,126.66174222449662,769.0,151.22295345717237
r04c12,25575,0.9989443029294188,407.0,124.92963499661805,752.0,148.85796491851144
r04c13,2,0.6666666666666667,,,,
r04c14,1,,,,,
r04c15,0,,,,,
r04c16,0,,,,,
r04c17,0,,,,,
r04c18,0,,,,,
r04c19,0,,,,,
r04c20,0,,,,,
r04c21,0,,,,,
r04c22,0,,,,,
r04c23,0,,,,,
r04c24,440,0.972881704931535,176.0,49.544861056431635,312.0,59.14596959372832
r04c25,0,,,,,
r04c26,0,,,,,
r04c27,0,,,,,
r04c28,0,,,,,
r04c29,2634,0.9867179898273619,231.0,61.054204490511104,554.0,83.12136694331478
r04c30,38388,0.9988798949327972,673.0,190.37464640612268,1279.0,232.60354707412216
r04c31,20311,0.9971938037471189,376.0,97.47388287216474,950.0,136.83031298011852
r04c32,10180,0.9935173362770716,274.0,68.29561571313444,809.0,104.45155252211488
r04c33,3,0.8333333333333334,,,,
r05c00,0,,,,,
r05c01,1,,,,,
r05c02,0,,,,,
r05c03,0,,,,,
r05c04,2659,0.9936108609226048,152.0,35.48304625782421,426.0,54.20837071348926
r05c05,102,0.8737032926378099,,,,
r05c06,0,,,,,
r05c07,109622,0.9998449226384063,442.0,116.12085671740527,876.0,146.42162530374515
r05c08,3758648,0.9999925505161,618.0,170.0789716959649,1176.0,209.01778637917195
r05c09,607804,0.9999802568528602,610.0,175.12523461717532,1114.0,210.4000517151984
r05c10,199470,0.9998596287682283,363.0,101.11580139624144,729.0,126.41970184732396
r05c11,222040,0.999887408161091,409.0,114.78432711995512,773.0,140.1878616477398
r05c12,7,0.3303571428571428,,,,
r05c13,0,,,,,
r05c14,0,,,,,
r05c15,0,,,,,
r05c16,0,,,,,
r05c17,2,1.0,,,,
r05c18,0,,,,,
r05c19,0,,,,,
r05c20,0,,,,,
r05c21,0,,,,,
r05c22,0,,,,,
r05c23,0,,,,,
r05c24,28069,0.9997862613555889,316.0,96.91504431064139,562.0,114.07555948805489
r05c25,1,,,,,
r05c26,0,,,,,
r05c27,0,,,,,
r05c28,1,,,,,
r05c29,92,0.7209298105538215,,,,
r05c30,5404,0.9913046562411388,670.0,188.01487824160225,1259.0,229.10826678662306
r05c31,61151,0.9992477781730055,587.0,154.44898596918566,1206.0,197.58017506089826
r05c32,2,0.6666666666666667,,,,
r05c33,5,0.48571428571428577,,,,
r06c00,0,,,,,
r06c01,0,,,,,
r06c02,0,,,,,
r06c03,0,,,,,
r06c04,266,0.936400809844359,182.0,48.28864005354841,,
r06c05,18,0.7017543859649122,,,,
r06c06,100,0.9102267002518891,51.0,12.457589878277561,,
r06c07,882349,0.9999727999221776,632.0,163.59070816986963,1242.0,206.23032088636407
r06c08,1882470,0.9999819386305289,637.0,178.48865199923173,1163.0,215.4065265811382
r06c09,993660,0.9999798724193171,506.0,126.52290426574679,1049.0,164.2770208790513
r06c10,820069,0.9999621983623042,396.0,95.88429507228746,865.0,128.47909616060795
r06c11,346942,0.9999423537095683,303.0,83.12171314286559,607.0,104.21299388644262
r06c12,4,0.18181818181818177,,,,
r06c13,0,,,,,
r06c14,0,,,,,
r06c15,0,,,,,
r06c16,0,,,,,
r06c17,0,,,,,
r06c18,0,,,,,
r06c19,0,,,,,
r06c20,0,,,,,
r06c21,1,,,,,
r06c22,2,0.6666666666666667,,,,
r06c23,2,0.6666666666666667,,,,
r06c24,484577,0.9999504723271868,320.0,99.53515043628279,556.0,116.04238382123526
r06c25,7445,0.9973143188018492,240.0,71.17546621950392,441.0,85.17222650540961
r06c26,1,,,,,
r06c27,0,,,,,
r06c28,0,,,,,
r06c29,2,0.6666666666666667,,,,
r06c30,361,0.9200504899799044,315.0,100.87132054740438,,
r06c31,14075,0.9968033567488123,861.0,215.32017048413059,1776.0,279.2128248904672
r06c32,3,0.33333333333333337,,,,
r06c33,4,0.18181818181818177,,,,
r07c00,0,,,,,
r07c01,0,,,,,
r07c02,0,,,,,
r07c03,7,0.6493506493506493,,,,
r07c04,0,,,,,
r07c05,2,0.6666666666666667,,,,
r07c06,335651,0.9999255181405046,513.0,139.80193511225067,1003.0,173.90089160035959
r07c07,1068305,0.9999737902880715,584.0,161.18935282891334,1125.0,198.8627277535336
r07c08,1565915,0.9999878665254612,493.0,140.80498549764584,983.0,174.787566742193
r07c09,2975348,0.9999922698147371,451.0,125.2946575054641,887.0,155.64593517180577
r07c10,112632,0.9998579465057796,440.0,119.12260685173209,877.0,149.59127951593544
r07c11,337990,0.9999201161898519,419.0,118.44903364770201,840.0,147.5297034040481
r07c12,780626,0.9999513212045373,389.0,110.64163188879778,764.0,136.71576878814432
r07c13,0,,,,,
r07c14,0,,,,,
r07c15,0,,,,,
r07c16,0,,,,,
r07c17,0,,,,,
r07c18,0,,,,,
r07c19,0,,,,,
r07c20,0,,,,,
r07c21,0,,,,,
r07c22,1,,,,,
r07c23,1,,,,,
r07c24,25907,0.9989578344695802,269.0,83.82572341898667,473.0,98.05100684972949
r07c25,3458,0.9924830428982226,229.0,67.54878926022462,434.0,81.81347475221764
r07c26,0,,,,,
r07c27,1,,,,,
r07c28,1,,,,,
r07c29,0,,,,,
r07c30,836,0.9366887069355047,553.0,162.61926384705905,,
r07c31,552124,0.9998551052029053,806.0,230.73133647563498,1525.0,280.94479987295523
r07c32,29282,0.9982583623399007,508.0,133.4048338022279,1064.0,172.16914239155506
r07c33,76994,0.999649331083509,585.0,167.25402218043274,1105.0,203.53248410787455
r08c00,0,,,,,
r08c01,0,,,,,
r08c02,1,,,,,
r08c03,1,,,,,
r08c04,0,,,,,
r08c05,0,,,,,
r08c06,694077,0.9999740662904038,524.0,141.69816360314564,1074.0,179.9285947786409
r08c07,281526,0.9999040945698598,582.0,169.0983376394447,1083.0,204.06569970888026
r08c08,64028,0.9997344965264899,427.0,117.68440364813449,840.0,146.56410296298583
r08c09,2169010,0.9999907792089419,478.0,126.83305507882382,952.0,159.893830780205
r08c10,187598,0.9999200424166129,408.0,115.92668634281539,796.0,142.9777499782306
r08c11,234099,0.9998932079395214,484.0,133.09942292842928,925.0,163.9198015717069
r08c12,402193,0.9999328682240076,410.0,100.12542090249954,818.0,128.6068248893088
r08c13,0,,,,,
r08c14,0,,,,,
r08c15,0,,,,,
r08c16,0,,,,,
r08c17,0,,,,,
r08c18,0,,,,,
r08c19,0,,,,,
r08c20,0,,,,,
r08c21,0,,,,,
r08c22,0,,,,,
r08c23,0,,,,,
r08c24,7298,0.9976709701850613,278.0,89.54038021812055,465.0,102.67709590788152
r08c25,7793,0.9976905970699121,249.0,76.58151150592789,451.0,90.66887786460101
r08c26,2507,0.990030786078294,120.0,28.037085981469705,353.0,44.03045592631601
r08c27,0,,,,,
r08c28,0,,,,,
r08c29,3,0.8333333333333334,,,,
r08c30,1418,0.9803262742051211,716.0,217.6584399362346,1067.0,243.09230148469987
r08c31,176350,0.9996767811260188,560.0,152.06288296123228,1203.0,196.41234990614987
r08c32,1321083,0.9999515549363356,504.0,139.5484253533922,1024.0,175.51717884979558
r08c33,60589,0.9994058387348288,561.0,151.63591025768807,1131.0,191.34532296111485
r09c00,0,,,,,
r09c01,0,,,,,
r09c02,0,,,,,
r09c03,0,,,,,
r09c04,1,,,,,
r09c05,46,0.8759951010410287,,,,
r09c06,278099,0.9999065085277791,609.0,171.64495372732685,1181.0,211.4539343228018
r09c07,53809,0.9994982383280905,533.0,153.86634372971378,1056.0,190.1395449388491
r09c08,20446,0.9986306250959108,464.0,129.97313386889695,896.0,160.15830563707297
r09c09,30033,0.9993673803066664,448.0,126.15626602567062,829.0,152.8349857633251
r09c10,23882,0.9990788497059606,467.0,128.33670637677926,919.0,159.831198110654
r09c11,31730,0.9992436458380397,374.0,97.1495932542673,772.0,124.87626172452023
r09c12,343,0.8895358226589262,,,,
r09c13,0,,,,,
r09c14,0,,,,,
r09c15,0,,,,,
r09c16,0,,,,,
r09c17,0,,,,,
r09c18,0,,,,,
r09c19,0,,,,,
r09c20,0,,,,,
r09c21,0,,,,,
r09c22,0,,,,,
r09c23,2,0.6666666666666667,,,,
r09c24,0,,,,,
r09c25,1,,,,,
r09c26,0,,,,,
r09c27,0,,,,,
r09c28,0,,,,,
r09c29,17,0.30139478471801084,,,,
r09c30,10133,0.9937835082871493,637.0,170.37276852482682,1345.0,219.4364856340518
r09c31,79275,0.9992557629200713,505.0,140.23892042303748,1064.0,178.97596695500826
r09c32,172681,0.9997799421875885,424.0,116.7867412287085,842.0,145.84565815892566
r09c33,361005,0.9998781183385322,688.0,200.57647308963226,1284.0,242.16273675912456
r10c00,0,,,,,
r10c01,0,,,,,
r10c02,0,,,,,
r10c03,0,,,,,
r10c04,1,,,,,
r10c05,726542,0.9999504502754751,669.0,183.70361945363533,1283.0,226.6350796305559
r10c06,730125,0.9999602808113578,618.0,182.9012356632096,1128.0,218.55709997965727
r10c07,106765,0.999784577631703,500.0,143.12954632088417,969.0,175.71235482780384
r10c08,192369,0.9998804384406025,458.0,140.48908132242107,797.0,164.2552701259346
r10c09,5903,0.9964429460605665,435.0,125.70860849637562,795.0,150.9709083834836
r10c10,32396,0.9993517965971823,526.0,159.9202476805778,930.0,188.17795132359186
r10c11,4331,0.9939990062691593,509.0,136.95628281746437,954.0,168.20129240451473
r10c12,7085,0.9964718567684294,459.0,129.90626787756858,811.0,154.5832310399616
r10c13,837,0.9856687966331957,268.0,94.13026536622503,395.0,103.16821498019914
r10c14,0,,,,,
r10c15,0,,,,,
r10c16,0,,,,,
r10c17,0,,,,,
r10c18,0,,,,,
r10c19,0,,,,,
r10c20,1,,,,,
r10c21,0,,,,,
r10c22,0,,,,,
r10c23,0,,,,,
r10c24,0,,,,,
r10c25,0,,,,,
r10c26,62,0.0005372011818426392,,,,
r10c27,984,0.9482182445382117,448.0,133.52651606238126,,
r10c28,0,,,,,
r10c29,113,0.649770161668595,,,,
r10c30,15814,0.9962060774540213,688.0,189.60905728719914,1284.0,231.36534635136047
r10c31,43668,0.9992214177475518,824.0,214.99523702562604,1683.0,275.0737494773582
r10c32,80499,0.9994161516917894,416.0,124.94606173946488,818.0,152.73755577684196
r10c33,17901,0.9970952654188506,528.0,152.89376086259878,992.0,185.30316001410702
r11c00,0,,,,,
r11c01,0,,,,,
r11c02,0,,,,,
r11c03,0,,,,,
r11c04,2,0.6666666666666667,,,,
r11c05,59612,0.9994128788969577,566.0,154.9584717889744,1119.0,193.3520446626698
r11c06,219850,0.9998453496809627,429.0,120.98206121006747,879.0,152.0986836171827
r11c07,113590,0.999850340488349,410.0,122.34341225714927,725.0,144.43930308283853
r11c08,11315,0.9982326691321797,381.0,110.39880768335433,720.0,134.0446107678564
r11c09,49704,0.9997384564910196,478.0,140.44507507591516,883.0,168.7822870204972
r11c10,87328,0.9998969426314251,535.0,159.64195460907058,994.0,191.71459548689097
r11c11,2690,0.9851359156478414,476.0,136.9424411016469,903.0,166.65192649429272
r11c12,46563,0.9995275347664949,435.0,127.3716821136206,818.0,153.9651281403655
r11c13,46861,0.9994025018712838,346.0,98.39358891101737,749.0,126.19390699214046
r11c14,21868,0.9986739366299118,379.0,112.68071164246419,732.0,137.21230806715158
r11c15,0,,,,,
r11c16,0,,,,,
r11c17,0,,,,,
r11c18,0,,,,,
r11c19,0,,,,,
r11c20,0,,,,,
r11c21,0,,,,,
r11c22,0,,,,,
r11c23,0,,,,,
r11c24,0,,,,,
r11c25,0,,,,,
r11c26,1282,0.9516636267987717,554.0,158.7768364799106,1222.0,204.05100844129882
r11c27,8646,0.9949118243287486,367.0,114.92242120463592,689.0,137.12108628333144
r11c28,32462,0.9981209234505637,493.0,117.4166139572445,1191.0,165.57350615415302
r11c29,2480,0.9705801228871861,746.0,198.64503081548352,1567.0,255.90009753734026
r11c30,48661,0.9987259010012355,531.0,142.8429086389617,1116.0,183.47820038500603
r11c31,218432,0.9998260339055631,727.0,172.3869300772422,1586.0,232.42522430978445
r11c32,44177,0.9986871283162945,659.0,170.17564769367257,1446.0,224.81048160385572
r11c33,77751,0.9995241311397052,709.0,204.2629168814389,1326.0,247.33687934327875
r12c00,0,,,,,
r12c01,1,,,,,
r12c02,0,,,,,
r12c03,0,,,,,
r12c04,23,0.5443341321465252,,,,
r12c05,240561,0.999883605889544,502.0,137.73781009485498,1012.0,173.08077229872399
r12c06,54137,0.9993719739577528,410.0,118.47659298618149,804.0,145.83836883669056
r12c07,35770,0.9992451962805534,449.0,132.07614152765646,801.0,156.76056418324129
r12c08,16197,0.9985183508487625,441.0,120.67139698864798,825.0,147.59943150619918
r12c09,170638,0.9999120947470173,570.0,167.61420419200695,1007.0,198.35490251534517
r12c10,838649,0.9999737673528419,482.0,142.10572634640812,891.0,170.63975298701487
r12c11,32894,0.9996960042805969,540.0,161.07297422830817,977.0,191.7450059127502
r12c12,11637,0.9985393934402482,547.0,160.6443418362112,995.0,192.06579987508414
r12c13,92232,0.9997614722484917,630.0,185.5487700831876,1173.0,223.4476525906914
r12c14,14874,0.9979832655999729,587.0,156.54376650559118,1172.0,197.30892796718206
r12c15,241938,0.9998884020148294,297.0,69.58870308343839,671.0,95.45626266294147
r12c16,0,,,,,
r12c17,0,,,,,
r12c18,0,,,,,
r12c19,0,,,,,
r12c20,0,,,,,
r12c21,0,,,,,
r12c22,0,,,,,
r12c23,0,,,,,
r12c24,0,,,,,
r12c25,0,,,,,
r12c26,1580,0.9633271785706001,672.0,193.90934551657264,1261.0,235.28506459941386
r12c27,2265,0.9717567941151541,524.0,145.907164279517,1200.0,192.26803236002715
r12c28,13574,0.9958748240881586,639.0,181.93863400679078,1236.0,223.4240811102887
r12c29,2587,0.9764322178222198,753.0,208.55387354958177,1418.0,255.18779676942924
r12c30,34153,0.9987995506715056,714.0,189.60957113394602,1437.0,240.0528816826542
r12c31,215002,0.9997720964412744,433.0,111.75387680968369,995.0,150.53196044111263
r12c32,24981,0.99767831558113,804.0,229.61679557795267,1513.0,279.1752016475393
r12c33,12946,0.9962153573818704,664.0,191.72598938498945,1280.0,234.48453640218725
r13c00,0,,,,,
r13c01,0,,,,,
r13c02,0,,,,,
r13c03,0,,,,,
r13c04,204459,0.9998679449498944,642.0,178.16013742795144,1212.0,218.0086854773897
r13c05,1442872,0.999975742839405,533.0,131.35483676995344,1165.0,175.30499283492955
r13c06,391773,0.9999336352992672,524.0,160.50956808249109,932.0,189.0324044560546
r13c07,13523,0.9988169290137756,460.0,136.11619001521314,832.0,162.15810053095953
r13c08,22620,0.9994695390165693,435.0,130.19905249694153,778.0,154.19969652728741
r13c09,11882,0.9978961471022366,484.0,143.24288741221645,836.0,168.02286928280455
r13c10,34975,0.999685517428587,516.0,163.49959546414775,888.0,189.5800560374954
r13c11,13381,0.9983560787873809,408.0,121.10539720415602,793.0,147.70749716561838
r13c12,7494,0.9974653149248329,591.0,163.82858642405307,1094.0,199.1919807506747
r13c13,40030,0.9996003110082775,442.0,122.95498682441479,896.0,154.39405487269934
r13c14,42508,0.9995295136114837,502.0,144.74447585514298,969.0,177.22539320589496
r13c15,16731,0.9981472877414612,404.0,112.35967015430151,814.0,140.79520107147073
r13c16,8007,0.9962537463121791,423.0,122.111221765377,794.0,148.04806808249666
r13c17,0,,,,,
r13c18,0,,,,,
r13c19,0,,,,,
r13c20,0,,,,,
r13c21,0,,,,,
r13c22,0,,,,,
r13c23,1,,,,,
r13c24,0,,,,,
r13c25,0,,,,,
r13c26,537,0.8736063862620462,,,,
r13c27,1117,0.9562157681902911,655.0,194.48386875256185,1046.0,222.67192786604144
r13c28,1825,0.977007910476558,536.0,162.02290321307558,1009.0,194.9373083352636
r13c29,5425,0.9913382403030021,524.0,133.64853338884743,1043.0,169.728325295745
r13c30,481598,0.9999127905424611,877.0,254.38470303517602,1640.0,307.57575980188557
r13c31,78849,0.9994293017614366,657.0,169.49758738249358,1385.0,219.92908142438125
r13c32,10788,0.9947167983138444,538.0,143.81141236993813,1128.0,184.73384013363886
r13c33,1259,0.9476102538372729,586.0,155.63604140951045,,
r14c00,2,0.6666666666666667,,,,
r14c01,0,,,,,
r14c02,1,,,,,
r14c03,0,,,,,
r14c04,1122195,0.999976831151326,600.0,154.32238248637225,1182.0,194.96525232946877
r14c05,604747,0.9999570068855128,673.0,182.65007469536076,1268.0,224.32827854657
r14c06,108477,0.9998525055051372,366.0,99.65602004532664,799.0,129.68833431683223
r14c07,33029,0.9991522656351347,466.0,133.56024807868752,860.0,161.09784672435896
r14c08,11493,0.9984339049968232,447.0,130.5085384959563,788.0,154.4669021707197
r14c09,9086,0.9960381269437756,472.0,139.2969038550626,853.0,165.93551596679495
r14c10,28851,0.999410799295756,525.0,152.68525829073215,946.0,182.15256130090182
r14c11,28695,0.9993030436095771,583.0,168.79665579410695,1042.0,200.99354622669378
r14c12,1016,0.9656169951580765,496.0,153.9505135890816,817.0,176.69521186323988
r14c13,10726,0.997483030333144,514.0,145.05440810487033,972.0,177.0029524131496
r14c14,43887,0.9995670772438987,589.0,168.5646271943004,1063.0,201.77704525265668
r14c15,12752,0.9983534208695461,486.0,138.65383940703342,915.0,168.54837792476354
r14c16,7779,0.9946015755520494,519.0,138.64344402989784,1021.0,173.57885252801503
r14c17,108293,0.9996768047946,446.0,126.94579844654763,896.0,158.26213489210744
r14c18,1972,0.9853074840605519,412.0,110.35121948406062,824.0,139.26353447650715
r14c19,0,,,,,
r14c20,0,,,,,
r14c21,0,,,,,
r14c22,0,,,,,
r14c23,1,,,,,
r14c24,0,,,,,
r14c25,0,,,,,
r14c26,1777,0.9617560587424326,765.0,236.4498077552477,1395.0,280.3612720809093
r14c27,346,0.9233477735332896,330.0,150.58048445511227,,
r14c28,5152,0.9875802769233865,588.0,140.49215894235283,1342.0,192.80849149854524
r14c29,2754,0.9753186619625464,680.0,175.75472484703965,1429.0,228.02985580655798
r14c30,140770,0.9996377089163309,836.0,238.599562035917,1583.0,290.71136272927095
r14c31,167646,0.9997256139388216,856.0,237.63164351509346,1653.0,293.2694092118295
r14c32,17792,0.9966279126525295,721.0,187.92360351812493,1490.0,241.52270849194875
r14c33,13876,0.9959646599205352,700.0,195.86687903754944,1385.0,243.4074908715888
r15c00,0,,,,,
r15c01,0,,,,,
r15c02,20977,0.9989036519418016,607.0,182.84482165262122,1055.0,214.2676590200373
r15c03,6022,0.9933582400251639,512.0,160.25001023003094,885.0,186.37636493480807
r15c04,58888,0.9996264175294911,503.0,142.35603652408923,956.0,173.9799667255253
r15c05,114413,0.9998514177777544,560.0,159.60973157447262,1044.0,193.4222040572659
r15c06,65752,0.9997262505450627,488.0,152.7943317066253,865.0,179.07742318543626
r15c07,69334,0.9998269268213247,464.0,132.10000720835197,871.0,160.47118144532385
r15c08,31369,0.9995537157721118,499.0,141.0612625032143,894.0,168.75366430881772
r15c09,166542,0.9998679017669538,529.0,158.4619252698294,946.0,187.57354777858308
r15c10,94045,0.9996810073928694,524.0,141.83575579391282,1023.0,176.64230975637705
r15c11,242782,0.9998970273357016,508.0,149.84257694196194,928.0,179.21771770665686
r15c12,13257,0.9987932611304268,489.0,145.29886600132522,881.0,172.6407052842286
r15c13,51208,0.999668035112749,516.0,147.74286816654123,953.0,178.29963526926522
r15c14,6630,0.9953253299628289,469.0,130.84216116843925,937.0,163.40244466476184
r15c15,17395,0.9990802747724723,565.0,165.70681482761594,1009.0,196.78881710357896
r15c16,35681,0.999159238382692,509.0,142.88074122888645,967.0,174.7990529317209
r15c17,290243,0.999875966428248,418.0,109.70682915877207,856.0,140.28299672820765
r15c18,63502,0.9996063205396263,430.0,122.0020253705589,851.0,151.2461352852187
r15c19,411,0.9466022578601831,275.0,93.32449317840555,,
r15c20,0,,,,,
r15c21,0,,,,,
r15c22,0,,,,,
r15c23,0,,,,,
r15c24,1851,0.9778614858051464,451.0,123.14565236184704,847.0,150.83275028488413
r15c25,69,0.17561456141136433,,,,
r15c26,1999,0.9489915070944411,837.0,212.0326053865994,,
r15c27,2319,0.9767271158121964,585.0,147.96776135587746,1200.0,191.097835709155
r15c28,37765,0.9976433906512853,945.0,266.10259384237867,1877.0,330.74843549520244
r15c29,2205,0.9750793034046499,818.0,244.97507163222534,1407.0,286.36849715436915
r15c30,18,0.0068728522336769515,,,,
r15c31,227474,0.9998021761212845,828.0,245.92384257843634,1547.0,295.9846231356625
r15c32,107086,0.9993183104948469,539.0,149.20834287776998,1161.0,192.1620453919956
r15c33,1655,0.9492855952196994,817.0,186.8764712292507,,
r16c00,8,0.825,,,,
r16c01,76906,0.9997269427620458,534.0,163.84345301804734,1002.0,196.3604073934424
r16c02,141225,0.999822979323148,534.0,150.6367135591125,1023.0,184.7582189140598
r16c03,75545,0.999669076320596,630.0,196.05569904727707,1085.0,227.96509628282735
r16c04,182481,0.9998904003292417,605.0,176.9752151164036,1100.0,211.60629634452098
r16c05,82428,0.9997452351462627,548.0,158.26142011299572,1030.0,191.87679156285176
r16c06,14487,0.9984815019398692,543.0,165.95918923765873,965.0,195.508564585547
r16c07,379012,0.9999762542449206,424.0,109.69607242149705,838.0,138.67710151715798
r16c08,45161,0.9997121498321693,545.0,164.3222989165006,939.0,191.98321588592913
r16c09,92199,0.999880696848764,635.0,188.46844102135094,1117.0,222.2884440644558
r16c10,34778,0.9994537007618527,562.0,164.76169826914395,1010.0,196.13590676340849
r16c11,448279,0.9999308467673025,546.0,156.03802639947665,977.0,186.24267519204528
r16c12,102602,0.9997563421221908,535.0,158.18952192450084,949.0,187.16088786224032
r16c13,560550,0.9999714566878655,381.0,107.6827129973444,742.0,132.74883596334908
r16c14,38558,0.9995591232506763,490.0,139.8363388485515,922.0,169.99298997927923
r16c15,49716,0.9994971567232348,526.0,140.49339109689933,1010.0,174.39183669690598
r16c16,3344,0.9883423278196285,512.0,141.57194741581276,984.0,174.4926809627259
r16c17,3087,0.9870472628683342,429.0,112.86140693145832,897.0,145.27868655302214
r16c18,47305,0.9992390007426248,519.0,152.43105822496162,968.0,183.691359862586
r16c19,22210,0.9981990945986409,414.0,115.67860034667201,865.0,146.80770089336744
r16c20,91777,0.9997276055833989,414.0,122.64576399310728,815.0,150.40190491683117
r16c21,9877,0.9952417981122657,499.0,135.47323796511094,1045.0,173.3501107033897
r16c22,3200,0.9878173823821619,489.0,136.51502292461382,954.0,169.01804413819914
r16c23,9391,0.9945699261032703,404.0,113.1629764171985,899.0,147.20368814860794
r16c24,10574,0.9954609929483973,786.0,208.5412299091486,1477.0,257.0376293169088
r16c25,21336,0.9968598861528238,692.0,188.76375121826229,1534.0,246.80146085487047
r16c26,37358,0.9982066065929762,985.0,255.2395476002979,1939.0,321.8420623640164
r16c27,3750,0.986936888869539,488.0,141.61258765886035,957.0,174.00561420530101
r16c28,8743,0.9897071756251383,911.0,229.19324279116574,1973.0,303.0554809909728
r16c29,206,0.996272862804989,148.0,58.131417587063055,176.0,60.201186617763256
r16c30,178,0.5624316342601547,,,,
r16c31,4,0.18181818181818177,,,,
r16c32,3016,0.976465702219235,649.0,166.55430265361704,1359.0,215.8206790455134
r16c33,38422,0.9983083164379633,668.0,174.12549728029666,1415.0,226.02878572682496
r17c00,9360,0.9974363311512884,421.0,132.25841837610253,739.0,154.43401545328172
r17c01,104278,0.9998273874342596,511.0,156.7366559347518,929.0,185.8533319655512
r17c02,343958,0.9999127801839683,539.0,168.17716578534902,930.0,195.55991181328665
r17c03,96857,0.999803836011268,550.0,170.4725628771078,971.0,199.95329485062075
r17c04,608788,0.9999622201038184,587.0,178.16448137021172,1043.0,210.12088748351164
r17c05,244380,0.9998977006711833,528.0,152.73514602225282,933.0,181.1599262483892
r17c06,26351,0.9993548919957268,555.0,171.99130321037487,947.0,199.52731409708534
r17c07,230199,0.9999391835075622,476.0,133.669793418027,882.0,162.06742763492377
r17c08,50190,0.9996015221854105,500.0,150.86788140133197,881.0,177.57288374668715
r17c09,29649,0.9992242912687822,541.0,156.93476193246596,972.0,187.11029301338402
r17c10,355248,0.9999549611680825,542.0,157.2099443375719,983.0,188.0893359054433
r17c11,14577,0.9989710946258861,636.0,179.76600938676245,1124.0,214.11677432918003
r17c12,1008221,0.9999702446347275,440.0,118.05383997420232,889.0,149.35823725151423
r17c13,39091,0.9991814090319817,517.0,146.68501285337544,964.0,177.91103186539368
r17c14,56043,0.9993041153276137,494.0,135.0442828355438,998.0,170.1448978773548
r17c15,5228,0.991585608958935,562.0,157.9152050414918,1036.0,191.10000241251444
r17c16,7725,0.9963759072439142,424.0,109.85487927556501,829.0,138.21946104810357
r17c17,1749,0.9714279273193422,459.0,116.04241339932432,957.0,150.39581117937132
r17c18,53868,0.9995544754336633,531.0,145.9074813834309,1085.0,184.37828494566375
r17c19,78363,0.9994895602306831,502.0,134.27477018933223,1030.0,170.97356765407386
r17c20,995890,0.9999598349517757,497.0,127.07090698059073,1071.0,166.82939044113144
r17c21,34953,0.9986839912146047,414.0,119.40494542577449,811.0,146.91155973862837
r17c22,33733,0.9988438919728139,394.0,100.33417967496959,802.0,128.7712373772101
r17c23,26135,0.9987373576351172,742.0,209.62982075288517,1352.0,252.46286944972013
r17c24,8316,0.9941081490111708,692.0,188.50726396023535,1327.0,232.89478939622663
r17c25,16920,0.9970450150643836,484.0,136.87952629002743,927.0,167.74163642723153
r17c26,1110,0.9856968253344498,609.0,200.58865410702154,845.0,217.7773611429592
r17c27,1654,0.9685764183430716,442.0,129.11160149941625,909.0,160.86940361601216
r17c28,1846,0.952902761227749,936.0,236.84155569719067,1759.0,294.77769569575764
r17c29,873,0.9096045490530784,783.0,210.44493288367167,,
r17c30,154,0.9197022489705416,150.0,75.63630319202048,,
r17c31,163,0.7193730444478282,,,,
r17c32,10453,0.9933039985307675,722.0,188.5605550795737,1496.0,242.38847334988853
r17c33,2381,0.96935366619051,673.0,191.0243390943389,1425.0,242.8233250971773
r18c00,52265,0.999655607120116,542.0,155.15665190964845,991.0,186.58059350137768
r18c01,322780,0.9999256462579423,548.0,164.3730546291967,955.0,192.92257361248272
r18c02,52071,0.9996735330168549,519.0,150.4703296006734,935.0,179.57628760601233
r18c03,187266,0.999893200731365,500.0,157.34919602517368,894.0,184.78350970891535
r18c04,637897,0.9999576734469857,518.0,140.84837523795525,917.0,168.94620628235253
r18c05,50576,0.9997429649976894,501.0,153.9976323169563,872.0,179.97447959501454
r18c06,7020,0.996724377178385,539.0,163.0062594839064,929.0,190.41102404901244
r18c07,11486,0.9978237100931857,430.0,124.9909647198189,803.0,150.9744916695836
r18c08,7689,0.9975292419069655,472.0,134.69433300602608,867.0,162.4303731558671
r18c09,132819,0.9997741299485713,514.0,147.87601287911383,964.0,179.27514226286266
r18c10,4262,0.9896788507925712,537.0,142.87180380585468,1038.0,177.91808468243565
r18c11,110897,0.9998106367200881,612.0,179.2029493404846,1092.0,212.80849370617693
r18c12,79182,0.9998105665156132,607.0,180.67513732925926,1072.0,213.24733049987879
r18c13,112599,0.9997957379901706,486.0,137.4126984228362,922.0,167.87137658566047
r18c14,7781,0.9952451575010272,534.0,143.76386396876734,1030.0,178.5373781678485
r18c15,3161,0.987033824524985,631.0,180.7421157234727,1115.0,214.8101348881022
r18c16,3137,0.9872544507421938,533.0,148.24001352139157,1018.0,182.17397869031063
r18c17,53883,0.9995917162260591,519.0,141.92127862518407,1002.0,175.6658450885131
r18c18,104417,0.9996360773371206,543.0,149.93126664702564,1060.0,186.0721988287665
r18c19,147171,0.9997893619684245,502.0,142.98982736034208,942.0,173.7305571608632
r18c20,131575,0.9997263934091335,473.0,135.85088262718273,870.0,163.62384209140274
r18c21,19089,0.9979570044158372,473.0,125.77664867420822,899.0,155.69645316643488
r18c22,245136,0.9998449849075024,403.0,99.88173101779081,897.0,134.05818738433678
r18c23,234661,0.9998934638812751,544.0,145.51477679493527,1088.0,183.34945422395512
r18c24,30874,0.9989959713497928,686.0,192.45209704530376,1264.0,232.8923746182547
r18c25,3528,0.9895169701547145,582.0,174.13751557415065,1053.0,207.068319256505
r18c26,914,0.9191281712538036,747.0,217.01429464428028,,
r18c27,1606,0.9701477288307622,747.0,231.31163268234536,1193.0,262.94527251382516
r18c28,249,0.8881622163244787,,,,
r18c29,2949,0.9718695817448382,1010.0,277.6216752376639,1914.0,340.9400154945521
r18c30,194,0.7592184286116078,,,,
r18c31,529,0.8470882792346434,,,,
r18c32,11,0.5629370629370629,,,,
r18c33,362,0.7658039513582289,,,,
r19c00,683,0.9254708505257554,537.0,156.37922361209044,,
r19c01,2000,0.9695085018815639,472.0,127.87128413627104,977.0,162.57797938957486
r19c02,3093,0.9857816448193352,613.0,176.77448846871823,1151.0,214.30440463400947
r19c03,20487,0.9991214178808514,492.0,146.21257852217863,898.0,174.62876244741992
r19c04,173055,0.9998844301394658,514.0,136.10646060329222,968.0,167.99991476084293
r19c05,147297,0.9998981658538856,544.0,153.00110536725754,1038.0,187.51423826580927
r19c06,102092,0.9999608209960413,553.0,169.7596036891015,995.0,200.55992474558462
r19c07,77107,0.9997924984964552,521.0,149.93700837114247,954.0,180.27024627581247
r19c08,5173,0.9940090646614819,560.0,159.4359335851977,1010.0,191.015504874232
r19c09,1466,0.9700133389174006,507.0,143.87081901115457,958.0,175.34515438730574
r19c10,3793,0.9913024039163901,532.0,142.75034867982595,1006.0,176.05107611929583
r19c11,84447,0.9998105354151153,510.0,142.1952745866314,929.0,171.56772453001093
r19c12,64970,0.9997845211422941,507.0,141.89049352663304,929.0,171.4488366896056
r19c13,17143,0.9989500904136448,519.0,140.4282413718267,999.0,173.99231155724738
r19c14,6293,0.9969819335863551,508.0,142.19537432741674,966.0,174.11462589430414
r19c15,1474,0.9769565199975186,457.0,132.02358030548757,829.0,158.14284161675445
r19c16,4801,0.9916698775420152,460.0,115.76373216190778,938.0,149.23652285269665
r19c17,12313,0.9975637749759835,475.0,128.13809355178856,929.0,159.81505480927925
r19c18,21938,0.9985870265261021,372.0,110.08870970417162,723.0,134.33720111585217
r19c19,21924,0.9985404872298286,505.0,153.3474227318102,939.0,183.52751983457804
r19c20,134274,0.9997542353220595,571.0,158.68558189625733,1089.0,194.89513134891683
r19c21,9217,0.9953353196941337,379.0,101.47085469728712,788.0,129.73843905189113
r19c22,17462,0.9966786789853103,273.0,74.45737041518508,583.0,95.78792827513627
r19c23,73223,0.9994400733601412,698.0,191.5497828575277,1338.0,236.30440149594418
r19c24,79197,0.9992550334465925,605.0,175.50198467079923,1099.0,210.00540921248827
r19c25,25334,0.997789637803631,823.0,217.38259186117452,1579.0,270.12515516502697
r19c26,5833,0.9910870858257294,743.0,206.90120864515433,1394.0,252.45723402863138
r19c27,895,0.9509452368852829,592.0,192.54164623047896,887.0,213.60367975057756
r19c28,1103,0.9338793294875146,706.0,182.7847511224266,,
r19c29,121452,0.9995636178118847,989.0,296.28853632742494,1775.0,351.1007593058342
r19c30,10142,0.9919158401977766,998.0,268.37618006600354,2044.0,340.8159996885892
r19c31,223,0.7315061056156613,,,,
r19c32,2004,0.97357977261621,793.0,235.27532363947915,1358.0,275.1565268034408
r19c33,2813,0.9758343552141824,688.0,187.30398205856162,1379.0,235.46269365439244
r20c00,2823,0.9854807101145409,440.0,127.72134350802247,847.0,156.07828449847904
r20c01,122,0.6910776672937382,,,,
r20c02,185,0.8498725140234574,,,,
r20c03,2383,0.9815457394464989,583.0,154.73335015115327,1092.0,190.49489227545882
r20c04,7269,0.9962860505905333,447.0,126.51961206525411,871.0,156.0435598229028
r20c05,58587,0.9996927681025614,553.0,149.39906431363138,1048.0,184.04473695458748
r20c06,36299,0.9990358073604055,466.0,115.33159136776767,919.0,147.07345095448738
r20c07,80263,0.9996885258401687,557.0,148.93064441525001,1082.0,185.5868656759991
r20c08,33136,0.9990644852923986,562.0,163.99940081883176,1023.0,196.2813791022874
r20c09,21168,0.9992441911983276,504.0,133.49738278422922,968.0,166.07420968033233
r20c10,11101,0.9969375536764924,470.0,127.58328307105805,938.0,160.09560493136937
r20c11,3170,0.9918020871146779,420.0,123.02768851140395,762.0,146.89580347934586
r20c12,1057,0.9489567710548165,505.0,133.15283858049523,,
r20c13,74279,0.9996499734374017,450.0,125.01925054907714,872.0,154.51672589025307
r20c14,13225,0.997051256964197,383.0,96.09588907448088,864.0,129.47734667417024
r20c15,13036,0.9967784117256948,330.0,83.3669913663735,784.0,114.62663724046926
r20c16,5713,0.9936995013713835,334.0,82.30312386619241,739.0,110.36529689842108
r20c17,23304,0.9979832230470196,364.0,94.36809143019792,811.0,125.38385098093151
r20c18,20766,0.9987961878678293,437.0,120.2258256473725,833.0,147.94961346633482
r20c19,46323,0.9993955672882573,494.0,143.45370299942823,913.0,172.68846908387303
r20c20,19916,0.9978912234769809,429.0,116.38731121112313,864.0,146.64684585237225
r20c21,4585,0.988879340759944,503.0,133.0943017337719,1002.0,167.74362397650955
r20c22,62808,0.9993472285758082,630.0,166.34187214939965,1228.0,208.0710277695543
r20c23,66032,0.999379097183051,905.0,248.73183150698418,1635.0,299.9491349882352
r20c24,7387,0.9897129017858326,722.0,196.37923885100372,1411.0,244.29979658606737
r20c25,21974,0.9975881952997234,810.0,222.30661931802268,1504.0,270.8116192966797
r20c26,80919,0.9994191808110386,630.0,171.6419695520612,1211.0,212.20901831342053
r20c27,4021,0.9835930984681908,925.0,258.06354618684134,1745.0,315.50983212523397
r20c28,12880,0.9946433393713702,855.0,240.3885646010325,1655.0,296.0812238620945
r20c29,3058,0.9735249297438319,1018.0,282.9956333411418,1869.0,342.69604050382725
r20c30,89457,0.9992845809734421,936.0,249.08203513448439,1914.0,317.15406013637744
r20c31,4137,0.9765594847605947,940.0,240.85115024261736,1979.0,313.0384283480906
r20c32,22024,0.996867247911414,793.0,209.75865256338304,1646.0,269.10962418767684
r20c33,6781,0.9910054510488113,462.0,124.87003267186819,1047.0,165.14667524981598
r21c00,27,0.3417721518987342,,,,
r21c01,298,0.8930226668355071,,,,
r21c02,112919,0.9997963162112069,396.0,107.21397381743724,832.0,137.423357597209
r21c03,10180,0.9970532960767148,466.0,127.06027238150149,865.0,155.0463219413334
r21c04,17119,0.9980723923796261,521.0,145.36556029185203,972.0,176.9892638533417
r21c05,32570,0.9992938569568445,490.0,130.00920698320468,988.0,164.80031157206966
r21c06,81689,0.9997551716920048,498.0,143.38455132941502,923.0,173.1016299280917
r21c07,207147,0.9998986236959917,547.0,153.6932283013414,1015.0,186.3999754451771
r21c08,232902,0.9998668974331869,541.0,161.31689160684036,978.0,191.8155840391421
r21c09,85166,0.999636008287384,546.0,164.98899148880594,977.0,195.12485111243717
r21c10,92383,0.9997402168648497,549.0,164.8500026022316,1005.0,196.68067312243156
r21c11,9108,0.9968165404238045,501.0,145.55550337174253,943.0,176.3867289932107
r21c12,138571,0.9997762901551763,491.0,121.04894565308331,1011.0,157.45001143441692
r21c13,33183,0.9992164953241873,425.0,124.7964232455662,816.0,152.0107627329381
r21c14,41331,0.9994193314248808,542.0,161.05111398890963,983.0,191.89156239314406
r21c15,3645,0.98710908644749,425.0,112.03928137927751,933.0,147.1196200277983
r21c16,2325,0.9853900266064114,593.0,171.2216155999236,1052.0,203.47940027657373
r21c17,19233,0.9978163614497945,316.0,77.20771986074907,745.0,106.94888827005298
r21c18,24126,0.9981349057276377,767.0,206.40429027443582,1494.0,257.0814027242206
r21c19,108859,0.9996601144984969,905.0,250.17885725452447,1833.0,314.5462695454508
r21c20,364979,0.9998575263647366,1101.0,319.63891422013165,1937.0,378.3430403973291
r21c21,92240,0.9993928946998253,991.0,266.5947299277173,1963.0,334.4330449886423
r21c22,134559,0.9996135557331769,1040.0,290.23951445289913,1965.0,354.7239595264475
r21c23,584456,0.9999007625179206,1018.0,263.763614754418,2003.0,332.67618552717005
r21c24,274458,0.9997741010231537,862.0,245.01754209957764,1620.0,297.75558227780556
r21c25,411100,0.999873510272379,687.0,201.8981450131565,1334.0,246.73668978491514
r21c26,57439,0.9990947087335439,803.0,218.77873778935947,1570.0,272.1415442076723
r21c27,494,0.8302873662587901,,,,
r21c28,3374,0.9739275088356762,1037.0,280.3291826799798,1945.0,343.8798816956132
r21c29,41,0.1975536069560091,,,,
r21c30,1591,0.9516564674302186,964.0,291.9208540421717,1561.0,334.52449316798237
r21c31,9328,0.9924964933428666,745.0,207.80718944042016,1462.0,257.6292422770055
r21c32,12204,0.9941827321832772,747.0,201.90582477125125,1625.0,262.53583781236574
r21c33,368,0.837370112733088,,,,
r22c00,6257,0.9944073888181293,448.0,139.3911291345186,806.0,164.29958685891123
r22c01,78,0.8478010212485587,,,,
r22c02,15170,0.9984839887522801,430.0,127.10559087683602,809.0,153.46032709788656
r22c03,7756,0.9958747603781606,484.0,132.81602334407853,915.0,163.03994173605093
r22c04,14450,0.9989620430755836,511.0,137.33042304831952,908.0,165.42351284802754
r22c05,48081,0.9996256473185028,447.0,122.61483762446575,893.0,153.71725849999433
r22c06,115229,0.9998611484756915,473.0,141.94127459512217,902.0,171.753170594323
r22c07,73062,0.9997810112830976,495.0,133.3435308245044,973.0,166.82312959184893
r22c08,129255,0.9997446925233028,357.0,98.89302777345563,778.0,128.05564878508247
r22c09,689925,0.9999478204614813,503.0,160.09896891508168,895.0,187.3424101524155
r22c10,99408,0.999657980070583,483.0,140.38100125022243,891.0,168.85667032139514
r22c11,5260,0.9939172895707196,478.0,149.13184359317077,850.0,175.1119299578208
r22c12,7082,0.9953411765944344,488.0,140.55629289751136,907.0,169.7886683429684
r22c13,6344,0.9940109827711687,552.0,159.0315724059174,998.0,190.3091336773444
r22c14,8354,0.9947338643951156,734.0,199.95982222709824,1383.0,245.32775764212423
r22c15,45468,0.9987904035223852,721.0,197.66507542303796,1433.0,247.10772006287777
r22c16,257706,0.9997400150488998,840.0,230.91539140997892,1759.0,294.4769533103556
r22c17,653595,0.9999173801506437,819.0,200.7584228997686,1673.0,260.3660721439151
r22c18,17800,0.9964047721188806,729.0,183.851815736289,1586.0,243.15526845036524
r22c19,10540,0.9950670977524148,862.0,243.0844598617835,1594.0,294.3316971664629
r22c20,459831,0.9998629933890605,853.0,242.76596585737727,1541.0,290.8961463660645
r22c21,192033,0.9997917044744847,870.0,231.2158668622443,1707.0,289.46639710058713
r22c22,210344,0.9997955741866752,912.0,271.09527002320254,1618.0,320.4670798675969
r22c23,145869,0.9996435189531067,830.0,248.960634509438,1465.0,293.3665315648272
r22c24,459025,0.9999281087376144,882.0,264.2598097575961,1538.0,310.25873763022184
r22c25,24563,0.9979645042137282,880.0,245.77165448897065,1661.0,300.33339332876034
r22c26,31773,0.9984578833910583,683.0,174.350321662716,1404.0,224.62231222051236
r22c27,364836,0.9998437656733236,889.0,257.3882950784154,1551.0,303.93379929871685
r22c28,127599,0.9996708481147248,838.0,239.0773928016028,1580.0,290.7558432292285
r22c29,15657,0.9939328343167988,867.0,240.60487391718263,1777.0,303.5534816900019
r22c30,5853,0.9899216842082532,729.0,207.92159858794653,1411.0,255.4384331147343
r22c31,11286,0.9934438320376765,788.0,211.2620109931567,1583.0,266.47451164920625
r22c32,3317,0.9779990690341441,820.0,218.2047660042671,1592.0,272.18211885131365
r22c33,104,0.4635844293875382,,,,
r23c00,16,0.13325471698113212,,,,
r23c01,53,0.4977210091159635,,,,
r23c02,556,0.9156099744185668,463.0,113.46289349166614,,
r23c03,379,0.8815728279532994,,,,
r23c04,2490,0.9939794512794331,378.0,116.48703346392588,667.0,136.7474510445516
r23c05,7662,0.995824089853202,494.0,129.98070789165112,940.0,161.20033841723088
r23c06,1243,0.9598045129706371,519.0,138.6246163261144,999.0,172.10522614033857
r23c07,5135,0.993185472263139,380.0,101.07704434433127,850.0,133.50767300827022
r23c08,762434,0.9999685219033451,557.0,174.27861515721466,984.0,204.0872555202943
r23c09,1231596,0.9999634620588757,559.0,145.82413853695218,1068.0,181.51615710770727
r23c10,13079,0.9974005999450446,482.0,139.2865849912195,885.0,167.4031621497315
r23c11,48868,0.9989359357789208,505.0,135.51365556608445,1062.0,174.12872846774755
r23c12,88417,0.9995702247927445,746.0,213.26054542938815,1459.0,262.7946742806715
r23c13,52567,0.9989917940150285,840.0,230.357801157357,1701.0,290.2762185122619
r23c14,3634,0.9746911164634501,907.0,226.94317019277318,1900.0,296.0397504368358
r23c15,143251,0.9996300233484606,1013.0,276.233928270191,1900.0,338.18818757895036
r23c16,35617,0.9979785407136116,908.0,237.35197705403786,1825.0,301.22276034563686
r23c17,34548,0.9980607312128331,705.0,198.27064277024638,1410.0,247.21993289321765
r23c18,1247,0.9527044613907568,417.0,100.81951587562948,1119.0,147.78172917590481
r23c19,422,0.9527077349251692,206.0,63.71200376545692,397.0,76.78358023657907
r23c20,4765,0.9903477724559656,199.0,47.01905666399384,561.0,72.01396040675476
r23c21,737,0.9471711106027005,427.0,120.63241426815209,,
r23c22,888,0.9583992475637086,419.0,122.03321408209544,771.0,146.65398222267285
r23c23,965,0.9482488017235511,517.0,139.00597973344367,,
r23c24,23,0.7070652173913043,,,,
r23c25,455,0.8794972992513714,,,,
r23c26,10669,0.9950328813512327,643.0,185.89794937782187,1223.0,226.19431897066067
r23c27,208629,0.999798686808034,968.0,282.7652729275944,1719.0,335.465772538754
r23c28,4796,0.9881187474699357,774.0,203.13389836633885,1522.0,255.45498734495473
r23c29,28314,0.9986579601384334,548.0,149.72790505491227,1075.0,186.5322096426845
r23c30,2232,0.9744784210642395,698.0,186.18657778351567,1334.0,230.9277831313599
r23c31,1013,0.9428105784020853,598.0,162.6770842617603,,
r23c32,713,0.9369808062890166,438.0,107.21296156048753,,
r23c33,214,0.7251738205076693,,,,
r24c00,0,,,,,
r24c01,54,0.4870123456790124,,,,
r24c02,94,0.5998212050777758,,,,
r24c03,413,0.9420994229265908,274.0,77.3771806157895,,
r24c04,45,0.5210076473234369,,,,
r24c05,630,0.9208413121263559,545.0,176.4324045628718,,
r24c06,4833,0.9919322760430761,465.0,143.1771079596733,814.0,167.60321846431322
r24c07,9329,0.9962487177231588,459.0,142.03681509113215,794.0,165.49140414740182
r24c08,23744,0.9985681302486353,438.0,131.7333083905563,794.0,156.564924326153
r24c09,26768,0.9984310237504039,448.0,131.26778109104373,884.0,161.3184874353649
r24c10,582133,0.9999433120416001,898.0,254.88431401003373,1630.0,306.16536777438193
r24c11,1194119,0.9999631527763546,914.0,253.36945100572848,1762.0,312.4984955068854
r24c12,34254,0.9984235792762439,818.0,232.70598958836308,1531.0,282.50456053077096
r24c13,3434,0.9886485776630918,719.0,204.0699628473877,1238.0,240.67895143859923
r24c14,4265,0.9854659302986394,662.0,187.1814589906194,1256.0,228.5884251903599
r24c15,2293,0.9851810108888097,250.0,65.92484462870306,617.0,90.97414380680414
r24c16,109,0.8176953655798722,,,,
r24c17,92,0.7639353400222966,,,,
r24c18,36,0.33806146572104023,,,,
r24c19,209,0.9285046471979321,156.0,52.5931632479395,,
r24c20,1016,0.9803323998812581,257.0,74.88706119081618,463.0,89.35659636063004
r24c21,185,0.9898510755653612,115.0,44.69599918383752,145.0,46.88121701941675
r24c22,1727,0.9895860168704501,297.0,81.60909701878096,569.0,100.72318950686696
r24c23,8218,0.9957416484886483,322.0,86.10412110330475,703.0,112.47064752101004
r24c24,309,0.9161299106628544,254.0,60.94781658047186,,
r24c25,60,0.6361365953109073,,,,
r24c26,5019,0.9826688074142005,609.0,148.55505793398152,1508.0,210.44541967952887
r24c27,25035,0.9984023038804848,740.0,215.635263722956,1405.0,261.8369549009755
r24c28,1474,0.9722020227067676,340.0,84.82753063532925,761.0,113.83292589858658
r24c29,172,0.9835822487732024,118.0,48.09247264238651,146.0,50.15441128902368
r24c30,164,0.9330090267814443,127.0,54.13709270078159,,
r24c31,216,0.8431076972800453,,,,
r24c32,724,0.9186075068732521,571.0,148.21483741381854,,
r24c33,625,0.9297330812854442,459.0,125.09311593882306,,
r25c00,0,,,,,
r25c01,8,0.039215686274509776,,,,
r25c02,92,0.7098285364360073,,,,
r25c03,329,0.8639408960235591,,,,
r25c04,16,0.6409574468085106,,,,
r25c05,5038,0.9938481829027342,292.0,78.36011723030266,605.0,100.09093190372403
r25c06,22562,0.9983601687546731,406.0,105.26866019297063,790.0,132.1199883063561
r25c07,78607,0.9997964616124162,418.0,103.32016331675477,914.0,137.7566038459049
r25c08,201397,0.9998113189303348,574.0,148.63879332520457,1216.0,193.09753202354585
r25c09,723520,0.9999460969476698,734.0,193.0802741112523,1456.0,243.4516538359802
r25c10,576543,0.9999462313581295,685.0,176.78421313117764,1445.0,229.57877934311125
r25c11,193499,0.999772609979375,569.0,169.99095474146228,1037.0,202.6206733589148
r25c12,147317,0.9997692058284756,469.0,129.7894995671592,893.0,159.41441222436535
r25c13,688,0.9520940503474694,313.0,92.09264578650668,655.0,115.38502373735145
r25c14,39,0.465556831228473,,,,
r25c15,29,0.17486953852450626,,,,
r25c16,1,,,,,
r25c17,1,,,,,
r25c18,1,,,,,
r25c19,0,,,,,
r25c20,19,0.006134969325153339,,,,
r25c21,3,0.33333333333333337,,,,
r25c22,492,0.9593992074989912,177.0,53.46148958132156,367.0,66.41283519873176
r25c23,1533,0.9830508546697593,298.0,52.68926405538885,601.0,74.05096818291372
r25c24,45,0.8502777777777778,,,,
r25c25,352,0.8923682368610609,,,,
r25c26,79,0.4579587480080579,,,,
r25c27,607,0.8749189981072698,,,,
r25c28,3,0.33333333333333337,,,,
r25c29,4,0.18181818181818177,,,,
r25c30,0,,,,,
r25c31,284,0.8843723502442465,,,,
r25c32,80,0.7784279778393352,,,,
r25c33,2103,0.9752878884336906,551.0,145.06693995357182,1118.0,184.53872446162657
