cell_id,lat_c,lon_c,lat_min,lat_max,lon_min,lon_max,total_records,sp_resolved_records,obs_richness,facet_truncated,below_min_records,rarefied_50,rarefied_100,rarefied_250
r00c00,5.5,68.5,5.0,6.0,68.0,69.0,0,0,0,0,1,,,
r00c01,5.5,69.5,5.0,6.0,69.0,70.0,0,0,0,0,1,,,
r00c02,5.5,70.5,5.0,6.0,70.0,71.0,0,0,0,0,1,,,
r00c03,5.5,71.5,5.0,6.0,71.0,72.0,0,0,0,0,1,,,
r00c04,5.5,72.5,5.0,6.0,72.0,73.0,443,439,34,0,0,15.8073,20.2852,27.8236
r00c05,5.5,73.5,5.0,6.0,73.0,74.0,1557,1465,73,0,0,18.9699,25.7344,36.7968
r00c06,5.5,74.5,5.0,6.0,74.0,75.0,0,0,0,0,1,,,
r00c07,5.5,75.5,5.0,6.0,75.0,76.0,3,2,2,0,1,,,
r00c08,5.5,76.5,5.0,6.0,76.0,77.0,1,1,1,0,1,,,
r00c09,5.5,77.5,5.0,6.0,77.0,78.0,0,0,0,0,1,,,
r00c10,5.5,78.5,5.0,6.0,78.0,79.0,0,0,0,0,1,,,
r00c11,5.5,79.5,5.0,6.0,79.0,80.0,5,4,4,0,1,,,
r00c12,5.5,80.5,5.0,6.0,80.0,81.0,126363,122426,290,0,0,36.6576,57.2038,86.7318
r00c13,5.5,81.5,5.0,6.0,81.0,82.0,0,0,0,0,1,,,
r00c14,5.5,82.5,5.0,6.0,82.0,83.0,1,1,1,0,1,,,
r00c15,5.5,83.5,5.0,6.0,83.0,84.0,0,0,0,0,1,,,
r00c16,5.5,84.5,5.0,6.0,84.0,85.0,0,0,0,0,1,,,
r00c17,5.5,85.5,5.0,6.0,85.0,86.0,0,0,0,0,1,,,
r00c18,5.5,86.5,5.0,6.0,86.0,87.0,0,0,0,0,1,,,
r00c19,5.5,87.5,5.0,6.0,87.0,88.0,0,0,0,0,1,,,
r00c20,5.5,88.5,5.0,6.0,88.0,89.0,0,0,0,0,1,,,
r00c21,5.5,89.5,5.0,6.0,89.0,90.0,0,0,0,0,1,,,
r00c22,5.5,90.5,5.0,6.0,90.0,91.0,0,0,0,0,1,,,
r00c23,5.5,91.5,5.0,6.0,91.0,92.0,0,0,0,0,1,,,
r00c24,5.5,92.5,5.0,6.0,92.0,93.0,1,1,1,0,1,,,
r00c25,5.5,93.5,5.0,6.0,93.0,94.0,1,1,1,0,1,,,
r00c26,5.5,94.5,5.0,6.0,94.0,95.0,0,0,0,0,1,,,
r00c27,5.5,95.5,5.0,6.0,95.0,96.0,2166,2000,235,0,0,37.029,60.4776,103.3673
r00c28,5.5,96.5,5.0,6.0,96.0,97.0,62,57,19,0,0,17.8517,,
r00c29,5.5,97.5,5.0,6.0,97.0,98.0,136,130,57,0,0,33.4066,50.383,
r00c30,5.5,98.5,5.0,6.0,98.0,99.0,4,4,4,0,1,,,
r00c31,5.5,99.5,5.0,6.0,99.0,100.0,48,47,32,0,0,,,
r00c32,5.5,100.5,5.0,6.0,100.0,101.0,173040,166455,543,0,0,40.4139,68.3094,121.2815
r00c33,5.5,101.5,5.0,6.0,101.0,102.0,76626,75317,431,0,0,41.9932,72.2101,127.8284
r01c00,6.5,68.5,6.0,7.0,68.0,69.0,0,0,0,0,1,,,
r01c01,6.5,69.5,6.0,7.0,69.0,70.0,0,0,0,0,1,,,
r01c02,6.5,70.5,6.0,7.0,70.0,71.0,0,0,0,0,1,,,
r01c03,6.5,71.5,6.0,7.0,71.0,72.0,0,0,0,0,1,,,
r01c04,6.5,72.5,6.0,7.0,72.0,73.0,73,68,13,0,0,11.7735,,
r01c05,6.5,73.5,6.0,7.0,73.0,74.0,117,114,26,0,0,18.3739,24.6172,
r01c06,6.5,74.5,6.0,7.0,74.0,75.0,0,0,0,0,1,,,
r01c07,6.5,75.5,6.0,7.0,75.0,76.0,0,0,0,0,1,,,
r01c08,6.5,76.5,6.0,7.0,76.0,77.0,0,0,0,0,1,,,
r01c09,6.5,77.5,6.0,7.0,77.0,78.0,1,1,1,0,1,,,
r01c10,6.5,78.5,6.0,7.0,78.0,79.0,1,0,0,0,1,,,
r01c11,6.5,79.5,6.0,7.0,79.0,80.0,384402,372542,312,0,0,32.0862,47.0187,67.2528
r01c12,6.5,80.5,6.0,7.0,80.0,81.0,730438,712910,416,0,0,40.4114,67.6515,114.2433
r01c13,6.5,81.5,6.0,7.0,81.0,82.0,403235,386365,384,0,0,41.1956,69.5061,117.5936
r01c14,6.5,82.5,6.0,7.0,82.0,83.0,0,0,0,0,1,,,
r01c15,6.5,83.5,6.0,7.0,83.0,84.0,0,0,0,0,1,,,
r01c16,6.5,84.5,6.0,7.0,84.0,85.0,0,0,0,0,1,,,
r01c17,6.5,85.5,6.0,7.0,85.0,86.0,0,0,0,0,1,,,
r01c18,6.5,86.5,6.0,7.0,86.0,87.0,0,0,0,0,1,,,
r01c19,6.5,87.5,6.0,7.0,87.0,88.0,0,0,0,0,1,,,
r01c20,6.5,88.5,6.0,7.0,88.0,89.0,2,2,2,0,1,,,
r01c21,6.5,89.5,6.0,7.0,89.0,90.0,0,0,0,0,1,,,
r01c22,6.5,90.5,6.0,7.0,90.0,91.0,2,2,2,0,1,,,
r01c23,6.5,91.5,6.0,7.0,91.0,92.0,0,0,0,0,1,,,
r01c24,6.5,92.5,6.0,7.0,92.0,93.0,0,0,0,0,1,,,
r01c25,6.5,93.5,6.0,7.0,93.0,94.0,10054,9084,129,0,0,29.7267,41.9863,57.7785
r01c26,6.5,94.5,6.0,7.0,94.0,95.0,3,3,3,0,1,,,
r01c27,6.5,95.5,6.0,7.0,95.0,96.0,1,1,1,0,1,,,
r01c28,6.5,96.5,6.0,7.0,96.0,97.0,0,0,0,0,1,,,
r01c29,6.5,97.5,6.0,7.0,97.0,98.0,0,0,0,0,1,,,
r01c30,6.5,98.5,6.0,7.0,98.0,99.0,0,0,0,0,1,,,
r01c31,6.5,99.5,6.0,7.0,99.0,100.0,38199,36681,385,0,0,37.4069,60.448,100.268
r01c32,6.5,100.5,6.0,7.0,100.0,101.0,133088,128930,505,0,0,44.0516,78.5341,148.3046
r01c33,6.5,101.5,6.0,7.0,101.0,102.0,49036,46781,434,0,0,41.089,70.0846,125.2091
r02c00,7.5,68.5,7.0,8.0,68.0,69.0,0,0,0,0,1,,,
r02c01,7.5,69.5,7.0,8.0,69.0,70.0,1,1,1,0,1,,,
r02c02,7.5,70.5,7.0,8.0,70.0,71.0,0,0,0,0,1,,,
r02c03,7.5,71.5,7.0,8.0,71.0,72.0,0,0,0,0,1,,,
r02c04,7.5,72.5,7.0,8.0,72.0,73.0,28,26,10,0,0,,,
r02c05,7.5,73.5,7.0,8.0,73.0,74.0,0,0,0,0,1,,,
r02c06,7.5,74.5,7.0,8.0,74.0,75.0,0,0,0,0,1,,,
r02c07,7.5,75.5,7.0,8.0,75.0,76.0,2,2,2,0,1,,,
r02c08,7.5,76.5,7.0,8.0,76.0,77.0,0,0,0,0,1,,,
r02c09,7.5,77.5,7.0,8.0,77.0,78.0,18,18,6,0,1,,,
r02c10,7.5,78.5,7.0,8.0,78.0,79.0,0,0,0,0,1,,,
r02c11,7.5,79.5,7.0,8.0,79.0,80.0,259215,250443,343,0,0,35.5671,55.0772,85.1593
r02c12,7.5,80.5,7.0,8.0,80.0,81.0,216144,210150,318,0,0,38.9128,63.568,103.4781
r02c13,7.5,81.5,7.0,8.0,81.0,82.0,37082,35633,275,0,0,40.787,68.4314,114.6022
r02c14,7.5,82.5,7.0,8.0,82.0,83.0,1,1,1,0,1,,,
r02c15,7.5,83.5,7.0,8.0,83.0,84.0,0,0,0,0,1,,,
r02c16,7.5,84.5,7.0,8.0,84.0,85.0,0,0,0,0,1,,,
r02c17,7.5,85.5,7.0,8.0,85.0,86.0,0,0,0,0,1,,,
r02c18,7.5,86.5,7.0,8.0,86.0,87.0,0,0,0,0,1,,,
r02c19,7.5,87.5,7.0,8.0,87.0,88.0,0,0,0,0,1,,,
r02c20,7.5,88.5,7.0,8.0,88.0,89.0,0,0,0,0,1,,,
r02c21,7.5,89.5,7.0,8.0,89.0,90.0,0,0,0,0,1,,,
r02c22,7.5,90.5,7.0,8.0,90.0,91.0,0,0,0,0,1,,,
r02c23,7.5,91.5,7.0,8.0,91.0,92.0,0,0,0,0,1,,,
r02c24,7.5,92.5,7.0,8.0,92.0,93.0,0,0,0,0,1,,,
r02c25,7.5,93.5,7.0,8.0,93.0,94.0,13882,12540,125,0,0,29.8279,42.5446,59.2655
r02c26,7.5,94.5,7.0,8.0,94.0,95.0,0,0,0,0,1,,,
r02c27,7.5,95.5,7.0,8.0,95.0,96.0,6,6,5,0,1,,,
r02c28,7.5,96.5,7.0,8.0,96.0,97.0,20,20,8,0,0,,,
r02c29,7.5,97.5,7.0,8.0,97.0,98.0,1,1,1,0,1,,,
r02c30,7.5,98.5,7.0,8.0,98.0,99.0,38066,36465,344,0,0,34.1194,52.8282,83.2613
r02c31,7.5,99.5,7.0,8.0,99.0,100.0,58233,55592,440,0,0,41.7916,71.7033,127.1167
r02c32,7.5,100.5,7.0,8.0,100.0,101.0,56735,53725,425,0,0,38.7679,63.1313,103.7349
r02c33,7.5,101.5,7.0,8.0,101.0,102.0,0,0,0,0,1,,,
r03c00,8.5,68.5,8.0,9.0,68.0,69.0,0,0,0,0,1,,,
r03c01,8.5,69.5,8.0,9.0,69.0,70.0,0,0,0,0,1,,,
r03c02,8.5,70.5,8.0,9.0,70.0,71.0,0,0,0,0,1,,,
r03c03,8.5,71.5,8.0,9.0,71.0,72.0,0,0,0,0,1,,,
r03c04,8.5,72.5,8.0,9.0,72.0,73.0,0,0,0,0,1,,,
r03c05,8.5,73.5,8.0,9.0,73.0,74.0,38,35,15,0,0,,,
r03c06,8.5,74.5,8.0,9.0,74.0,75.0,1,1,1,0,1,,,
r03c07,8.5,75.5,8.0,9.0,75.0,76.0,0,0,0,0,1,,,
r03c08,8.5,76.5,8.0,9.0,76.0,77.0,380200,368408,359,0,0,30.8143,45.8127,70.7211
r03c09,8.5,77.5,8.0,9.0,77.0,78.0,465847,451536,451,0,0,40.5704,68.4879,119.2559
r03c10,8.5,78.5,8.0,9.0,78.0,79.0,23178,22363,251,0,0,38.9337,63.5672,103.2034
r03c11,8.5,79.5,8.0,9.0,79.0,80.0,59403,56786,299,0,0,40.4994,67.5167,112.1468
r03c12,8.5,80.5,8.0,9.0,80.0,81.0,113651,109050,290,0,0,39.4843,64.6267,104.0347
r03c13,8.5,81.5,8.0,9.0,81.0,82.0,18189,17659,225,0,0,31.7575,48.416,76.3126
r03c14,8.5,82.5,8.0,9.0,82.0,83.0,0,0,0,0,1,,,
r03c15,8.5,83.5,8.0,9.0,83.0,84.0,0,0,0,0,1,,,
r03c16,8.5,84.5,8.0,9.0,84.0,85.0,3,3,3,0,1,,,
r03c17,8.5,85.5,8.0,9.0,85.0,86.0,0,0,0,0,1,,,
r03c18,8.5,86.5,8.0,9.0,86.0,87.0,0,0,0,0,1,,,
r03c19,8.5,87.5,8.0,9.0,87.0,88.0,0,0,0,0,1,,,
r03c20,8.5,88.5,8.0,9.0,88.0,89.0,1,1,1,0,1,,,
r03c21,8.5,89.5,8.0,9.0,89.0,90.0,0,0,0,0,1,,,
r03c22,8.5,90.5,8.0,9.0,90.0,91.0,0,0,0,0,1,,,
r03c23,8.5,91.5,8.0,9.0,91.0,92.0,0,0,0,0,1,,,
r03c24,8.5,92.5,8.0,9.0,92.0,93.0,0,0,0,0,1,,,
r03c25,8.5,93.5,8.0,9.0,93.0,94.0,3372,3102,104,0,0,27.2069,37.7263,52.1898
r03c26,8.5,94.5,8.0,9.0,94.0,95.0,0,0,0,0,1,,,
r03c27,8.5,95.5,8.0,9.0,95.0,96.0,0,0,0,0,1,,,
r03c28,8.5,96.5,8.0,9.0,96.0,97.0,0,0,0,0,1,,,
r03c29,8.5,97.5,8.0,9.0,97.0,98.0,2697,2603,121,0,0,23.4043,33.7848,52.3337
r03c30,8.5,98.5,8.0,9.0,98.0,99.0,183283,176705,514,0,0,39.9484,67.0464,116.9846
r03c31,8.5,99.5,8.0,9.0,99.0,100.0,67373,65424,429,0,0,42.3633,73.1598,129.7401
r03c32,8.5,100.5,8.0,9.0,100.0,101.0,3430,3265,171,0,0,36.9637,58.083,89.253
r03c33,8.5,101.5,8.0,9.0,101.0,102.0,3,3,3,0,1,,,
r04c00,9.5,68.5,9.0,10.0,68.0,69.0,0,0,0,0,1,,,
r04c01,9.5,69.5,9.0,10.0,69.0,70.0,1,1,1,0,1,,,
r04c02,9.5,70.5,9.0,10.0,70.0,71.0,0,0,0,0,1,,,
r04c03,9.5,71.5,9.0,10.0,71.0,72.0,0,0,0,0,1,,,
r04c04,9.5,72.5,9.0,10.0,72.0,73.0,1,1,1,0,1,,,
r04c05,9.5,73.5,9.0,10.0,73.0,74.0,0,0,0,0,1,,,
r04c06,9.5,74.5,9.0,10.0,74.0,75.0,1,1,1,0,1,,,
r04c07,9.5,75.5,9.0,10.0,75.0,76.0,1705,1683,27,0,0,11.6376,14.3735,17.3807
r04c08,9.5,76.5,9.0,10.0,76.0,77.0,1774361,1729208,450,0,0,35.2579,55.3061,89.0954
r04c09,9.5,77.5,9.0,10.0,77.0,78.0,518223,509364,385,0,0,39.6868,66.1992,113.1778
r04c10,9.5,78.5,9.0,10.0,78.0,79.0,141908,136212,293,0,0,34.7961,53.7175,83.0717
r04c11,9.5,79.5,9.0,10.0,79.0,80.0,95737,91892,316,0,0,39.3293,64.5042,104.8585
r04c12,9.5,80.5,9.0,10.0,80.0,81.0,26582,25575,255,0,0,39.4405,64.5909,104.4023
r04c13,9.5,81.5,9.0,10.0,81.0,82.0,2,2,2,0,1,,,
r04c14,9.5,82.5,9.0,10.0,82.0,83.0,1,1,1,0,1,,,
r04c15,9.5,83.5,9.0,10.0,83.0,84.0,0,0,0,0,1,,,
r04c16,9.5,84.5,9.0,10.0,84.0,85.0,0,0,0,0,1,,,
r04c17,9.5,85.5,9.0,10.0,85.0,86.0,0,0,0,0,1,,,
r04c18,9.5,86.5,9.0,10.0,86.0,87.0,0,0,0,0,1,,,
r04c19,9.5,87.5,9.0,10.0,87.0,88.0,0,0,0,0,1,,,
r04c20,9.5,88.5,9.0,10.0,88.0,89.0,0,0,0,0,1,,,
r04c21,9.5,89.5,9.0,10.0,89.0,90.0,0,0,0,0,1,,,
r04c22,9.5,90.5,9.0,10.0,90.0,91.0,0,0,0,0,1,,,
r04c23,9.5,91.5,9.0,10.0,91.0,92.0,0,0,0,0,1,,,
r04c24,9.5,92.5,9.0,10.0,92.0,93.0,499,440,64,0,0,27.6048,39.417,55.5685
r04c25,9.5,93.5,9.0,10.0,93.0,94.0,0,0,0,0,1,,,
r04c26,9.5,94.5,9.0,10.0,94.0,95.0,0,0,0,0,1,,,
r04c27,9.5,95.5,9.0,10.0,95.0,96.0,0,0,0,0,1,,,
r04c28,9.5,96.5,9.0,10.0,96.0,97.0,0,0,0,0,1,,,
r04c29,9.5,97.5,9.0,10.0,97.0,98.0,2713,2634,133,0,0,29.4347,42.7907,62.8929
r04c30,9.5,98.5,9.0,10.0,98.0,99.0,39942,38388,419,0,0,41.3322,70.431,123.8278
r04c31,9.5,99.5,9.0,10.0,99.0,100.0,21486,20311,306,0,0,34.6636,53.4865,82.8203
r04c32,9.5,100.5,9.0,10.0,100.0,101.0,10922,10180,246,0,0,30.2067,44.1221,65.8206
r04c33,9.5,101.5,9.0,10.0,101.0,102.0,3,3,2,0,1,,,
r05c00,10.5,68.5,10.0,11.0,68.0,69.0,0,0,0,0,1,,,
r05c01,10.5,69.5,10.0,11.0,69.0,70.0,1,1,1,0,1,,,
r05c02,10.5,70.5,10.0,11.0,70.0,71.0,0,0,0,0,1,,,
r05c03,10.5,71.5,10.0,11.0,71.0,72.0,0,0,0,0,1,,,
r05c04,10.5,72.5,10.0,11.0,72.0,73.0,2869,2659,95,0,0,21.2907,29.5372,43.7236
r05c05,10.5,73.5,10.0,11.0,73.0,74.0,113,102,31,0,0,22.4341,30.7439,
r05c06,10.5,74.5,10.0,11.0,74.0,75.0,0,0,0,0,1,,,
r05c07,10.5,75.5,10.0,11.0,75.0,76.0,113750,109622,286,0,0,35.6165,56.3391,91.4554
r05c08,10.5,76.5,10.0,11.0,76.0,77.0,3849369,3758648,509,0,0,39.8434,66.5506,114.6969
r05c09,10.5,77.5,10.0,11.0,77.0,78.0,622812,607804,419,0,0,40.897,69.1641,119.9414
r05c10,10.5,78.5,10.0,11.0,78.0,79.0,207906,199470,317,0,0,35.843,56.0146,87.6036
r05c11,10.5,79.5,10.0,11.0,79.0,80.0,230600,222040,297,0,0,37.0555,59.045,94.5882
r05c12,10.5,80.5,10.0,11.0,80.0,81.0,8,7,6,0,1,,,
r05c13,10.5,81.5,10.0,11.0,81.0,82.0,0,0,0,0,1,,,
r05c14,10.5,82.5,10.0,11.0,82.0,83.0,0,0,0,0,1,,,
r05c15,10.5,83.5,10.0,11.0,83.0,84.0,0,0,0,0,1,,,
r05c16,10.5,84.5,10.0,11.0,84.0,85.0,0,0,0,0,1,,,
r05c17,10.5,85.5,10.0,11.0,85.0,86.0,2,2,1,0,1,,,
r05c18,10.5,86.5,10.0,11.0,86.0,87.0,0,0,0,0,1,,,
r05c19,10.5,87.5,10.0,11.0,87.0,88.0,0,0,0,0,1,,,
r05c20,10.5,88.5,10.0,11.0,88.0,89.0,0,0,0,0,1,,,
r05c21,10.5,89.5,10.0,11.0,89.0,90.0,0,0,0,0,1,,,
r05c22,10.5,90.5,10.0,11.0,90.0,91.0,0,0,0,0,1,,,
r05c23,10.5,91.5,10.0,11.0,91.0,92.0,0,0,0,0,1,,,
r05c24,10.5,92.5,10.0,11.0,92.0,93.0,30248,28069,185,0,0,36.9242,58.1688,89.3567
r05c25,10.5,93.5,10.0,11.0,93.0,94.0,1,1,1,0,1,,,
r05c26,10.5,94.5,10.0,11.0,94.0,95.0,0,0,0,0,1,,,
r05c27,10.5,95.5,10.0,11.0,95.0,96.0,0,0,0,0,1,,,
r05c28,10.5,96.5,10.0,11.0,96.0,97.0,1,1,1,0,1,,,
r05c29,10.5,97.5,10.0,11.0,97.0,98.0,100,92,51,0,0,35.3819,,
r05c30,10.5,98.5,10.0,11.0,98.0,99.0,5588,5404,310,0,0,40.9952,69.5868,122.1564
r05c31,10.5,99.5,10.0,11.0,99.0,100.0,68357,61151,403,0,0,38.7266,63.5495,106.8664
r05c32,10.5,100.5,10.0,11.0,100.0,101.0,2,2,2,0,1,,,
r05c33,10.5,101.5,10.0,11.0,101.0,102.0,5,5,4,0,1,,,
r06c00,11.5,68.5,11.0,12.0,68.0,69.0,0,0,0,0,1,,,
r06c01,11.5,69.5,11.0,12.0,69.0,70.0,0,0,0,0,1,,,
r06c02,11.5,70.5,11.0,12.0,70.0,71.0,0,0,0,0,1,,,
r06c03,11.5,71.5,11.0,12.0,71.0,72.0,0,0,0,0,1,,,
r06c04,11.5,72.5,11.0,12.0,72.0,73.0,283,266,55,0,0,25.9252,37.3511,53.9388
r06c05,11.5,73.5,11.0,12.0,73.0,74.0,19,18,12,0,1,,,
r06c06,11.5,74.5,11.0,12.0,74.0,75.0,100,100,17,0,0,12.3575,17.0,
r06c07,11.5,75.5,11.0,12.0,75.0,76.0,904308,882349,466,0,0,38.3985,63.0793,107.7959
r06c08,11.5,76.5,11.0,12.0,76.0,77.0,1918715,1882470,465,0,0,40.4963,68.2726,118.8261
r06c09,11.5,77.5,11.0,12.0,77.0,78.0,1026316,993660,405,0,0,35.4427,56.2141,92.6054
r06c10,11.5,78.5,11.0,12.0,78.0,79.0,845747,820069,362,0,0,32.164,49.1945,78.4411
r06c11,11.5,79.5,11.0,12.0,79.0,80.0,358683,346942,286,0,0,33.4708,50.783,77.3048
r06c12,11.5,80.5,11.0,12.0,80.0,81.0,4,4,4,0,1,,,
r06c13,11.5,81.5,11.0,12.0,81.0,82.0,0,0,0,0,1,,,
r06c14,11.5,82.5,11.0,12.0,82.0,83.0,0,0,0,0,1,,,
r06c15,11.5,83.5,11.0,12.0,83.0,84.0,0,0,0,0,1,,,
r06c16,11.5,84.5,11.0,12.0,84.0,85.0,0,0,0,0,1,,,
r06c17,11.5,85.5,11.0,12.0,85.0,86.0,0,0,0,0,1,,,
r06c18,11.5,86.5,11.0,12.0,86.0,87.0,0,0,0,0,1,,,
r06c19,11.5,87.5,11.0,12.0,87.0,88.0,0,0,0,0,1,,,
r06c20,11.5,88.5,11.0,12.0,88.0,89.0,0,0,0,0,1,,,
r06c21,11.5,89.5,11.0,12.0,89.0,90.0,1,1,1,0,1,,,
r06c22,11.5,90.5,11.0,12.0,90.0,91.0,2,2,2,0,1,,,
r06c23,11.5,91.5,11.0,12.0,91.0,92.0,2,2,2,0,1,,,
r06c24,11.5,92.5,11.0,12.0,92.0,93.0,515319,484577,288,0,0,37.2984,59.134,91.3989
r06c25,11.5,93.5,11.0,12.0,93.0,94.0,7940,7445,148,0,0,33.221,49.5752,72.1506
r06c26,11.5,94.5,11.0,12.0,94.0,95.0,1,1,1,0,1,,,
r06c27,11.5,95.5,11.0,12.0,95.0,96.0,0,0,0,0,1,,,
r06c28,11.5,96.5,11.0,12.0,96.0,97.0,0,0,0,0,1,,,
r06c29,11.5,97.5,11.0,12.0,97.0,98.0,2,2,2,0,1,,,
r06c30,11.5,98.5,11.0,12.0,98.0,99.0,371,361,105,0,0,37.5529,59.7755,93.1649
r06c31,11.5,99.5,11.0,12.0,99.0,100.0,15149,14075,434,0,0,40.1645,67.6822,119.8155
r06c32,11.5,100.5,11.0,12.0,100.0,101.0,3,3,3,0,1,,,
r06c33,11.5,101.5,11.0,12.0,101.0,102.0,5,4,4,0,1,,,
r07c00,12.5,68.5,12.0,13.0,68.0,69.0,0,0,0,0,1,,,
r07c01,12.5,69.5,12.0,13.0,69.0,70.0,0,0,0,0,1,,,
r07c02,12.5,70.5,12.0,13.0,70.0,71.0,0,0,0,0,1,,,
r07c03,12.5,71.5,12.0,13.0,71.0,72.0,7,7,5,0,1,,,
r07c04,12.5,72.5,12.0,13.0,72.0,73.0,0,0,0,0,1,,,
r07c05,12.5,73.5,12.0,13.0,73.0,74.0,2,2,2,0,1,,,
r07c06,12.5,74.5,12.0,13.0,74.0,75.0,346114,335651,375,0,0,38.0101,61.9244,103.3135
r07c07,12.5,75.5,12.0,13.0,75.0,76.0,1098270,1068305,477,0,0,39.5331,65.7033,112.1351
r07c08,12.5,76.5,12.0,13.0,76.0,77.0,1612262,1565915,428,0,0,39.5853,65.1639,107.506
r07c09,12.5,77.5,12.0,13.0,77.0,78.0,3059700,2975348,427,0,0,37.9521,61.1111,98.9497
r07c10,12.5,78.5,12.0,13.0,78.0,79.0,116592,112632,310,0,0,36.9894,58.8995,94.7253
r07c11,12.5,79.5,12.0,13.0,79.0,80.0,351332,337990,358,0,0,37.6135,60.2976,96.826
r07c12,12.5,80.5,12.0,13.0,80.0,81.0,810172,780626,385,0,0,37.0608,58.9489,93.4427
r07c13,12.5,81.5,12.0,13.0,81.0,82.0,0,0,0,0,1,,,
r07c14,12.5,82.5,12.0,13.0,82.0,83.0,0,0,0,0,1,,,
r07c15,12.5,83.5,12.0,13.0,83.0,84.0,0,0,0,0,1,,,
r07c16,12.5,84.5,12.0,13.0,84.0,85.0,0,0,0,0,1,,,
r07c17,12.5,85.5,12.0,13.0,85.0,86.0,0,0,0,0,1,,,
r07c18,12.5,86.5,12.0,13.0,86.0,87.0,0,0,0,0,1,,,
r07c19,12.5,87.5,12.0,13.0,87.0,88.0,0,0,0,0,1,,,
r07c20,12.5,88.5,12.0,13.0,88.0,89.0,0,0,0,0,1,,,
r07c21,12.5,89.5,12.0,13.0,89.0,90.0,0,0,0,0,1,,,
r07c22,12.5,90.5,12.0,13.0,90.0,91.0,1,1,1,0,1,,,
r07c23,12.5,91.5,12.0,13.0,91.0,92.0,1,1,1,0,1,,,
r07c24,12.5,92.5,12.0,13.0,92.0,93.0,27555,25907,191,0,0,35.768,55.125,81.8416
r07c25,12.5,93.5,12.0,13.0,93.0,94.0,3639,3458,128,0,0,32.6524,48.246,69.5505
r07c26,12.5,94.5,12.0,13.0,94.0,95.0,0,0,0,0,1,,,
r07c27,12.5,95.5,12.0,13.0,95.0,96.0,1,1,1,0,1,,,
r07c28,12.5,96.5,12.0,13.0,96.0,97.0,1,1,1,0,1,,,
r07c29,12.5,97.5,12.0,13.0,97.0,98.0,0,0,0,0,1,,,
r07c30,12.5,98.5,12.0,13.0,98.0,99.0,892,836,185,0,0,40.6895,68.5215,117.466
r07c31,12.5,99.5,12.0,13.0,99.0,100.0,574863,552124,658,0,0,42.9499,75.083,136.9246
r07c32,12.5,100.5,12.0,13.0,100.0,101.0,30944,29282,341,0,0,37.8017,60.8732,99.2327
r07c33,12.5,101.5,12.0,13.0,101.0,102.0,81367,76994,387,0,0,40.5235,68.1359,117.0856
r08c00,13.5,68.5,13.0,14.0,68.0,69.0,0,0,0,0,1,,,
r08c01,13.5,69.5,13.0,14.0,69.0,70.0,0,0,0,0,1,,,
r08c02,13.5,70.5,13.0,14.0,70.0,71.0,1,1,1,0,1,,,
r08c03,13.5,71.5,13.0,14.0,71.0,72.0,1,1,1,0,1,,,
r08c04,13.5,72.5,13.0,14.0,72.0,73.0,0,0,0,0,1,,,
r08c05,13.5,73.5,13.0,14.0,73.0,74.0,0,0,0,0,1,,,
r08c06,13.5,74.5,13.0,14.0,74.0,75.0,716650,694077,399,0,0,38.6685,63.0175,104.1139
r08c07,13.5,75.5,13.0,14.0,75.0,76.0,287729,281526,398,0,0,40.8461,69.0208,119.0406
r08c08,13.5,76.5,13.0,14.0,76.0,77.0,65523,64028,279,0,0,37.3942,59.5992,95.1693
r08c09,13.5,77.5,13.0,14.0,77.0,78.0,2229103,2169010,398,0,0,37.0513,59.2723,96.712
r08c10,13.5,78.5,13.0,14.0,78.0,79.0,193242,187598,289,0,0,37.9021,60.587,96.0791
r08c11,13.5,79.5,13.0,14.0,79.0,80.0,244015,234099,335,0,0,38.0236,61.6014,101.3632
r08c12,13.5,80.5,13.0,14.0,80.0,81.0,418846,402193,333,0,0,31.1702,48.7419,80.3469
r08c13,13.5,81.5,13.0,14.0,81.0,82.0,0,0,0,0,1,,,
r08c14,13.5,82.5,13.0,14.0,82.0,83.0,0,0,0,0,1,,,
r08c15,13.5,83.5,13.0,14.0,83.0,84.0,0,0,0,0,1,,,
r08c16,13.5,84.5,13.0,14.0,84.0,85.0,0,0,0,0,1,,,
r08c17,13.5,85.5,13.0,14.0,85.0,86.0,0,0,0,0,1,,,
r08c18,13.5,86.5,13.0,14.0,86.0,87.0,0,0,0,0,1,,,
r08c19,13.5,87.5,13.0,14.0,87.0,88.0,0,0,0,0,1,,,
r08c20,13.5,88.5,13.0,14.0,88.0,89.0,0,0,0,0,1,,,
r08c21,13.5,89.5,13.0,14.0,89.0,90.0,0,0,0,0,1,,,
r08c22,13.5,90.5,13.0,14.0,90.0,91.0,0,0,0,0,1,,,
r08c23,13.5,91.5,13.0,14.0,91.0,92.0,0,0,0,0,1,,,
r08c24,13.5,92.5,13.0,14.0,92.0,93.0,7754,7298,151,0,0,36.9242,57.7521,86.5354
r08c25,13.5,93.5,13.0,14.0,93.0,94.0,8329,7793,146,0,0,34.8004,52.6488,76.6811
r08c26,13.5,94.5,13.0,14.0,94.0,95.0,2766,2507,86,0,0,19.0606,25.9283,38.2401
r08c27,13.5,95.5,13.0,14.0,95.0,96.0,0,0,0,0,1,,,
r08c28,13.5,96.5,13.0,14.0,96.0,97.0,0,0,0,0,1,,,
r08c29,13.5,97.5,13.0,14.0,97.0,98.0,3,3,2,0,1,,,
r08c30,13.5,98.5,13.0,14.0,98.0,99.0,1489,1418,255,0,0,42.8718,74.8455,136.2955
r08c31,13.5,99.5,13.0,14.0,99.0,100.0,183796,176350,516,0,0,39.5687,65.2287,108.7208
r08c32,13.5,100.5,13.0,14.0,100.0,101.0,1377173,1321083,556,0,0,38.5707,63.0018,104.5573
r08c33,13.5,101.5,13.0,14.0,101.0,102.0,63663,60589,370,0,0,39.3,64.642,107.9227
r09c00,14.5,68.5,14.0,15.0,68.0,69.0,0,0,0,0,1,,,
r09c01,14.5,69.5,14.0,15.0,69.0,70.0,0,0,0,0,1,,,
r09c02,14.5,70.5,14.0,15.0,70.0,71.0,0,0,0,0,1,,,
r09c03,14.5,71.5,14.0,15.0,71.0,72.0,0,0,0,0,1,,,
r09c04,14.5,72.5,14.0,15.0,72.0,73.0,1,1,1,0,1,,,
r09c05,14.5,73.5,14.0,15.0,73.0,74.0,46,46,19,0,0,,,
r09c06,14.5,74.5,14.0,15.0,74.0,75.0,286615,278099,425,0,0,40.5259,68.2067,117.6481
r09c07,14.5,75.5,14.0,15.0,75.0,76.0,55245,53809,353,0,0,40.397,67.4301,113.4239
r09c08,14.5,76.5,14.0,15.0,76.0,77.0,20995,20446,267,0,0,38.3595,62.2306,101.5137
r09c09,14.5,77.5,14.0,15.0,77.0,78.0,30999,30033,259,0,0,37.8885,61.1976,99.8296
r09c10,14.5,78.5,14.0,15.0,78.0,79.0,24641,23882,272,0,0,37.7394,60.887,99.4851
r09c11,14.5,79.5,14.0,15.0,79.0,80.0,32820,31730,250,0,0,34.2,52.6241,82.436
r09c12,14.5,80.5,14.0,15.0,80.0,81.0,363,343,93,0,0,32.6364,50.2854,81.0827
r09c13,14.5,81.5,14.0,15.0,81.0,82.0,0,0,0,0,1,,,
r09c14,14.5,82.5,14.0,15.0,82.0,83.0,0,0,0,0,1,,,
r09c15,14.5,83.5,14.0,15.0,83.0,84.0,0,0,0,0,1,,,
r09c16,14.5,84.5,14.0,15.0,84.0,85.0,0,0,0,0,1,,,
r09c17,14.5,85.5,14.0,15.0,85.0,86.0,0,0,0,0,1,,,
r09c18,14.5,86.5,14.0,15.0,86.0,87.0,0,0,0,0,1,,,
r09c19,14.5,87.5,14.0,15.0,87.0,88.0,0,0,0,0,1,,,
r09c20,14.5,88.5,14.0,15.0,88.0,89.0,0,0,0,0,1,,,
r09c21,14.5,89.5,14.0,15.0,89.0,90.0,0,0,0,0,1,,,
r09c22,14.5,90.5,14.0,15.0,90.0,91.0,0,0,0,0,1,,,
r09c23,14.5,91.5,14.0,15.0,91.0,92.0,2,2,2,0,1,,,
r09c24,14.5,92.5,14.0,15.0,92.0,93.0,0,0,0,0,1,,,
r09c25,14.5,93.5,14.0,15.0,93.0,94.0,1,1,1,0,1,,,
r09c26,14.5,94.5,14.0,15.0,94.0,95.0,0,0,0,0,1,,,
r09c27,14.5,95.5,14.0,15.0,95.0,96.0,0,0,0,0,1,,,
r09c28,14.5,96.5,14.0,15.0,96.0,97.0,0,0,0,0,1,,,
r09c29,14.5,97.5,14.0,15.0,97.0,98.0,17,17,14,0,1,,,
r09c30,14.5,98.5,14.0,15.0,98.0,99.0,10610,10133,357,0,0,40.0114,66.741,113.8891
r09c31,14.5,99.5,14.0,15.0,99.0,100.0,83461,79275,403,0,0,39.356,64.4988,105.8079
r09c32,14.5,100.5,14.0,15.0,100.0,101.0,179720,172681,377,0,0,37.1641,59.1724,94.6762
r09c33,14.5,101.5,14.0,15.0,101.0,102.0,372097,361005,507,0,0,42.1893,72.7978,129.6925
r10c00,15.5,68.5,15.0,16.0,68.0,69.0,0,0,0,0,1,,,
r10c01,15.5,69.5,15.0,16.0,69.0,70.0,0,0,0,0,1,,,
r10c02,15.5,70.5,15.0,16.0,70.0,71.0,0,0,0,0,1,,,
r10c03,15.5,71.5,15.0,16.0,71.0,72.0,0,0,0,0,1,,,
r10c04,15.5,72.5,15.0,16.0,72.0,73.0,1,1,1,0,1,,,
r10c05,15.5,73.5,15.0,16.0,73.0,74.0,745268,726542,493,0,0,40.5564,68.4462,119.3337
r10c06,15.5,74.5,15.0,16.0,74.0,75.0,748225,730125,465,0,0,41.8327,71.621,125.3731
r10c07,15.5,75.5,15.0,16.0,75.0,76.0,109592,106765,356,0,0,39.4262,64.9959,108.2005
r10c08,15.5,76.5,15.0,16.0,76.0,77.0,196920,192369,307,0,0,40.2245,66.9026,111.2845
r10c09,15.5,77.5,15.0,16.0,77.0,78.0,6152,5903,208,0,0,38.5477,62.5113,101.3323
r10c10,15.5,78.5,15.0,16.0,78.0,79.0,33430,32396,301,0,0,41.1459,69.5357,118.7846
r10c11,15.5,79.5,15.0,16.0,79.0,80.0,4514,4331,225,0,0,37.9557,61.4053,101.405
r10c12,15.5,80.5,15.0,16.0,80.0,81.0,7493,7085,223,0,0,37.5454,60.996,101.3027
r10c13,15.5,81.5,15.0,16.0,81.0,82.0,888,837,114,0,0,38.6194,61.5847,92.2248
r10c14,15.5,82.5,15.0,16.0,82.0,83.0,0,0,0,0,1,,,
r10c15,15.5,83.5,15.0,16.0,83.0,84.0,0,0,0,0,1,,,
r10c16,15.5,84.5,15.0,16.0,84.0,85.0,0,0,0,0,1,,,
r10c17,15.5,85.5,15.0,16.0,85.0,86.0,0,0,0,0,1,,,
r10c18,15.5,86.5,15.0,16.0,86.0,87.0,1,0,0,0,1,,,
r10c19,15.5,87.5,15.0,16.0,87.0,88.0,0,0,0,0,1,,,
r10c20,15.5,88.5,15.0,16.0,88.0,89.0,1,1,1,0,1,,,
r10c21,15.5,89.5,15.0,16.0,89.0,90.0,0,0,0,0,1,,,
r10c22,15.5,90.5,15.0,16.0,90.0,91.0,0,0,0,0,1,,,
r10c23,15.5,91.5,15.0,16.0,91.0,92.0,0,0,0,0,1,,,
r10c24,15.5,92.5,15.0,16.0,92.0,93.0,0,0,0,0,1,,,
r10c25,15.5,93.5,15.0,16.0,93.0,94.0,0,0,0,0,1,,,
r10c26,15.5,94.5,15.0,16.0,94.0,95.0,65,62,62,0,0,50.0,,
r10c27,15.5,95.5,15.0,16.0,95.0,96.0,1025,984,171,0,0,40.0422,66.0473,107.409
r10c28,15.5,96.5,15.0,16.0,96.0,97.0,0,0,0,0,1,,,
r10c29,15.5,97.5,15.0,16.0,97.0,98.0,117,113,71,0,0,40.4132,66.0983,
r10c30,15.5,98.5,15.0,16.0,98.0,99.0,16272,15814,374,0,0,40.9159,69.3084,121.305
r10c31,15.5,99.5,15.0,16.0,99.0,100.0,44930,43668,464,0,0,41.4487,70.7262,125.0699
r10c32,15.5,100.5,15.0,16.0,100.0,101.0,83712,80499,359,0,0,39.3361,64.2341,103.424
r10c33,15.5,101.5,15.0,16.0,101.0,102.0,18749,17901,319,0,0,40.349,67.2821,113.0803
r11c00,16.5,68.5,16.0,17.0,68.0,69.0,0,0,0,0,1,,,
r11c01,16.5,69.5,16.0,17.0,69.0,70.0,0,0,0,0,1,,,
r11c02,16.5,70.5,16.0,17.0,70.0,71.0,0,0,0,0,1,,,
r11c03,16.5,71.5,16.0,17.0,71.0,72.0,0,0,0,0,1,,,
r11c04,16.5,72.5,16.0,17.0,72.0,73.0,2,2,2,0,1,,,
r11c05,16.5,73.5,16.0,17.0,73.0,74.0,60878,59612,379,0,0,39.1459,64.6537,109.4232
r11c06,16.5,74.5,16.0,17.0,74.0,75.0,223986,219850,349,0,0,38.0069,61.1173,98.0336
r11c07,16.5,75.5,16.0,17.0,75.0,76.0,116773,113590,268,0,0,38.5634,62.645,101.3846
r11c08,16.5,76.5,16.0,17.0,76.0,77.0,11640,11315,216,0,0,37.2639,59.3955,94.1519
r11c09,16.5,77.5,16.0,17.0,77.0,78.0,51607,49704,273,0,0,39.7691,65.7049,108.8325
r11c10,16.5,78.5,16.0,17.0,78.0,79.0,89371,87328,312,0,0,41.1402,69.4037,117.8866
r11c11,16.5,79.5,16.0,17.0,79.0,80.0,2797,2690,213,0,0,39.1302,64.1614,105.9245
r11c12,16.5,80.5,16.0,17.0,80.0,81.0,48840,46563,288,0,0,38.7552,63.1021,102.7718
r11c13,16.5,81.5,16.0,17.0,81.0,82.0,50761,46861,260,0,0,36.5072,56.958,87.2993
r11c14,16.5,82.5,16.0,17.0,82.0,83.0,23036,21868,247,0,0,38.2657,61.395,96.7502
r11c15,16.5,83.5,16.0,17.0,83.0,84.0,0,0,0,0,1,,,
r11c16,16.5,84.5,16.0,17.0,84.0,85.0,0,0,0,0,1,,,
r11c17,16.5,85.5,16.0,17.0,85.0,86.0,0,0,0,0,1,,,
r11c18,16.5,86.5,16.0,17.0,86.0,87.0,0,0,0,0,1,,,
r11c19,16.5,87.5,16.0,17.0,87.0,88.0,0,0,0,0,1,,,
r11c20,16.5,88.5,16.0,17.0,88.0,89.0,0,0,0,0,1,,,
r11c21,16.5,89.5,16.0,17.0,89.0,90.0,0,0,0,0,1,,,
r11c22,16.5,90.5,16.0,17.0,90.0,91.0,0,0,0,0,1,,,
r11c23,16.5,91.5,16.0,17.0,91.0,92.0,0,0,0,0,1,,,
r11c24,16.5,92.5,16.0,17.0,92.0,93.0,0,0,0,0,1,,,
r11c25,16.5,93.5,16.0,17.0,93.0,94.0,0,0,0,0,1,,,
r11c26,16.5,94.5,16.0,17.0,94.0,95.0,1347,1282,207,0,0,40.4674,67.7648,114.855
r11c27,16.5,95.5,16.0,17.0,95.0,96.0,9018,8646,243,0,0,39.1243,63.4814,100.387
r11c28,16.5,96.5,16.0,17.0,96.0,97.0,34237,32462,375,0,0,34.21,53.5247,86.761
r11c29,16.5,97.5,16.0,17.0,97.0,98.0,2595,2480,291,0,0,41.2289,70.0584,122.6455
r11c30,16.5,98.5,16.0,17.0,98.0,99.0,49840,48661,400,0,0,38.9055,63.5223,104.6352
r11c31,16.5,99.5,16.0,17.0,99.0,100.0,231079,218432,514,0,0,38.0143,61.855,104.6395
r11c32,16.5,100.5,16.0,17.0,100.0,101.0,45949,44177,453,0,0,39.7134,65.8035,111.4238
r11c33,16.5,101.5,16.0,17.0,101.0,102.0,80560,77751,458,0,0,42.0803,72.5525,129.5806
r12c00,17.5,68.5,17.0,18.0,68.0,69.0,0,0,0,0,1,,,
r12c01,17.5,69.5,17.0,18.0,69.0,70.0,1,1,1,0,1,,,
r12c02,17.5,70.5,17.0,18.0,70.0,71.0,0,0,0,0,1,,,
r12c03,17.5,71.5,17.0,18.0,71.0,72.0,0,0,0,0,1,,,
r12c04,17.5,72.5,17.0,18.0,72.0,73.0,23,23,17,0,0,,,
r12c05,17.5,73.5,17.0,18.0,73.0,74.0,245155,240561,385,0,0,38.2597,62.3121,103.2247
r12c06,17.5,74.5,17.0,18.0,74.0,75.0,55622,54137,299,0,0,38.1537,61.3905,98.1081
r12c07,17.5,75.5,17.0,18.0,75.0,76.0,36901,35770,264,0,0,39.1415,64.0924,105.1014
r12c08,17.5,76.5,17.0,18.0,76.0,77.0,16666,16197,238,0,0,36.8527,58.9346,95.7348
r12c09,17.5,77.5,17.0,18.0,77.0,78.0,175902,170638,322,0,0,41.0824,69.4362,119.3092
r12c10,17.5,78.5,17.0,18.0,78.0,79.0,868585,838649,375,0,0,39.8451,65.9691,109.6946
r12c11,17.5,79.5,17.0,18.0,79.0,80.0,34097,32894,281,0,0,41.166,69.5012,118.3179
r12c12,17.5,80.5,17.0,18.0,80.0,81.0,11960,11637,276,0,0,40.8463,68.6998,116.8708
r12c13,17.5,81.5,17.0,18.0,81.0,82.0,94932,92232,375,0,0,41.8674,71.7634,125.9738
r12c14,17.5,82.5,17.0,18.0,82.0,83.0,15705,14874,315,0,0,38.7625,63.7846,108.1038
r12c15,17.5,83.5,17.0,18.0,83.0,84.0,255782,241938,312,0,0,27.9639,41.2981,64.5611
r12c16,17.5,84.5,17.0,18.0,84.0,85.0,0,0,0,0,1,,,
r12c17,17.5,85.5,17.0,18.0,85.0,86.0,0,0,0,0,1,,,
r12c18,17.5,86.5,17.0,18.0,86.0,87.0,0,0,0,0,1,,,
r12c19,17.5,87.5,17.0,18.0,87.0,88.0,0,0,0,0,1,,,
r12c20,17.5,88.5,17.0,18.0,88.0,89.0,0,0,0,0,1,,,
r12c21,17.5,89.5,17.0,18.0,89.0,90.0,0,0,0,0,1,,,
r12c22,17.5,90.5,17.0,18.0,90.0,91.0,0,0,0,0,1,,,
r12c23,17.5,91.5,17.0,18.0,91.0,92.0,0,0,0,0,1,,,
r12c24,17.5,92.5,17.0,18.0,92.0,93.0,0,0,0,0,1,,,
r12c25,17.5,93.5,17.0,18.0,93.0,94.0,0,0,0,0,1,,,
r12c26,17.5,94.5,17.0,18.0,94.0,95.0,1634,1580,249,0,0,41.9838,72.1364,127.3523
r12c27,17.5,95.5,17.0,18.0,95.0,96.0,2363,2265,232,0,0,39.662,65.3881,108.2838
r12c28,17.5,96.5,17.0,18.0,96.0,97.0,14264,13574,370,0,0,41.2308,70.0204,121.961
r12c29,17.5,97.5,17.0,18.0,97.0,98.0,2670,2587,295,0,0,41.7596,71.6673,127.6316
r12c30,17.5,98.5,17.0,18.0,98.0,99.0,35126,34153,412,0,0,40.6947,68.6041,119.1165
r12c31,17.5,99.5,17.0,18.0,99.0,100.0,227617,215002,438,0,0,36.1075,56.5228,89.2267
r12c32,17.5,100.5,17.0,18.0,100.0,101.0,25776,24981,456,0,0,42.9398,75.0172,136.53
r12c33,17.5,101.5,17.0,18.0,101.0,102.0,13358,12946,368,0,0,41.8095,71.6494,126.271
r13c00,18.5,68.5,18.0,19.0,68.0,69.0,0,0,0,0,1,,,
r13c01,18.5,69.5,18.0,19.0,69.0,70.0,0,0,0,0,1,,,
r13c02,18.5,70.5,18.0,19.0,70.0,71.0,0,0,0,0,1,,,
r13c03,18.5,71.5,18.0,19.0,71.0,72.0,0,0,0,0,1,,,
r13c04,18.5,72.5,18.0,19.0,72.0,73.0,210931,204459,417,0,0,40.3697,67.9865,118.1797
r13c05,18.5,73.5,18.0,19.0,73.0,74.0,1472324,1442872,447,0,0,36.3015,57.5856,94.0752
r13c06,18.5,74.5,18.0,19.0,74.0,75.0,403032,391773,375,0,0,41.3455,70.0343,119.6661
r13c07,18.5,75.5,18.0,19.0,75.0,76.0,13896,13523,239,0,0,39.5658,65.1303,107.2968
r13c08,18.5,76.5,18.0,19.0,76.0,77.0,23303,22620,238,0,0,39.2925,64.4141,105.3115
r13c09,18.5,77.5,18.0,19.0,77.0,78.0,12413,11882,246,0,0,39.7294,65.7883,109.9995
r13c10,18.5,78.5,18.0,19.0,78.0,79.0,36087,34975,287,0,0,41.9784,71.7233,123.2934
r13c11,18.5,79.5,18.0,19.0,79.0,80.0,13881,13381,245,0,0,38.6571,62.6892,100.7712
r13c12,18.5,80.5,18.0,19.0,80.0,81.0,7709,7494,271,0,0,39.8042,66.3614,113.4703
r13c13,18.5,81.5,18.0,19.0,81.0,82.0,40801,40030,283,0,0,37.4457,60.3232,97.9661
r13c14,18.5,82.5,18.0,19.0,82.0,83.0,43683,42508,313,0,0,39.6287,65.5692,109.4345
r13c15,18.5,83.5,18.0,19.0,83.0,84.0,17653,16731,254,0,0,36.9441,58.5917,93.1013
r13c16,18.5,84.5,18.0,19.0,84.0,85.0,8396,8007,226,0,0,38.3356,61.9045,99.6549
r13c17,18.5,85.5,18.0,19.0,85.0,86.0,0,0,0,0,1,,,
r13c18,18.5,86.5,18.0,19.0,86.0,87.0,0,0,0,0,1,,,
r13c19,18.5,87.5,18.0,19.0,87.0,88.0,0,0,0,0,1,,,
r13c20,18.5,88.5,18.0,19.0,88.0,89.0,0,0,0,0,1,,,
r13c21,18.5,89.5,18.0,19.0,89.0,90.0,0,0,0,0,1,,,
r13c22,18.5,90.5,18.0,19.0,90.0,91.0,0,0,0,0,1,,,
r13c23,18.5,91.5,18.0,19.0,91.0,92.0,1,1,1,0,1,,,
r13c24,18.5,92.5,18.0,19.0,92.0,93.0,0,0,0,0,1,,,
r13c25,18.5,93.5,18.0,19.0,93.0,94.0,0,0,0,0,1,,,
r13c26,18.5,94.5,18.0,19.0,94.0,95.0,570,537,163,0,0,38.4311,63.9301,112.6587
r13c27,18.5,95.5,18.0,19.0,95.0,96.0,1167,1117,226,0,0,42.1207,72.5846,128.8456
r13c28,18.5,96.5,18.0,19.0,96.0,97.0,1870,1825,223,0,0,41.3651,70.0603,119.6489
r13c29,18.5,97.5,18.0,19.0,97.0,98.0,5554,5425,253,0,0,36.0027,57.597,96.1485
r13c30,18.5,98.5,18.0,19.0,98.0,99.0,494437,481598,648,0,0,43.5548,77.009,143.4966
r13c31,18.5,99.5,18.0,19.0,99.0,100.0,82383,78849,491,0,0,39.0195,64.4508,110.0924
r13c32,18.5,100.5,18.0,19.0,100.0,101.0,11423,10788,312,0,0,38.6034,62.9502,104.2651
r13c33,18.5,101.5,18.0,19.0,101.0,102.0,1326,1259,203,0,0,39.3449,64.7581,108.381
r14c00,19.5,68.5,19.0,20.0,68.0,69.0,2,2,2,0,1,,,
r14c01,19.5,69.5,19.0,20.0,69.0,70.0,0,0,0,0,1,,,
r14c02,19.5,70.5,19.0,20.0,70.0,71.0,1,1,1,0,1,,,
r14c03,19.5,71.5,19.0,20.0,71.0,72.0,0,0,0,0,1,,,
r14c04,19.5,72.5,19.0,20.0,72.0,73.0,1158058,1122195,450,0,0,37.7536,61.4792,104.1728
r14c05,19.5,73.5,19.0,20.0,73.0,74.0,622332,604747,429,0,0,40.4335,67.9829,117.9553
r14c06,19.5,74.5,19.0,20.0,74.0,75.0,111580,108477,272,0,0,36.0101,55.8958,86.0837
r14c07,19.5,75.5,19.0,20.0,75.0,76.0,34152,33029,279,0,0,38.6834,63.1575,104.0934
r14c08,19.5,76.5,19.0,20.0,76.0,77.0,11872,11493,224,0,0,38.7646,63.2556,103.8051
r14c09,19.5,77.5,19.0,20.0,77.0,78.0,9382,9086,249,0,0,39.592,65.3484,108.428
r14c10,19.5,78.5,19.0,20.0,78.0,79.0,29493,28851,288,0,0,39.995,66.6178,112.7232
r14c11,19.5,79.5,19.0,20.0,79.0,80.0,29642,28695,303,0,0,40.6323,68.4588,118.1611
r14c12,19.5,80.5,19.0,20.0,80.0,81.0,1046,1016,185,0,0,40.9816,69.1028,117.5403
r14c13,19.5,81.5,19.0,20.0,81.0,82.0,11209,10726,269,0,0,38.9539,64.2112,107.8062
r14c14,19.5,82.5,19.0,20.0,82.0,83.0,45692,43887,321,0,0,40.2988,67.7392,117.0862
r14c15,19.5,83.5,19.0,20.0,83.0,84.0,13348,12752,262,0,0,38.9209,63.8426,105.9801
r14c16,19.5,84.5,19.0,20.0,84.0,85.0,8175,7779,267,0,0,37.6439,60.9603,101.4938
r14c17,19.5,85.5,19.0,20.0,85.0,86.0,113026,108293,355,0,0,38.8597,63.0285,101.4625
r14c18,19.5,86.5,19.0,20.0,86.0,87.0,2097,1972,171,0,0,36.2287,57.0143,90.3159
r14c19,19.5,87.5,19.0,20.0,87.0,88.0,0,0,0,0,1,,,
r14c20,19.5,88.5,19.0,20.0,88.0,89.0,0,0,0,0,1,,,
r14c21,19.5,89.5,19.0,20.0,89.0,90.0,0,0,0,0,1,,,
r14c22,19.5,90.5,19.0,20.0,90.0,91.0,0,0,0,0,1,,,
r14c23,19.5,91.5,19.0,20.0,91.0,92.0,1,1,1,0,1,,,
r14c24,19.5,92.5,19.0,20.0,92.0,93.0,0,0,0,0,1,,,
r14c25,19.5,93.5,19.0,20.0,93.0,94.0,0,0,0,0,1,,,
r14c26,19.5,94.5,19.0,20.0,94.0,95.0,1827,1777,297,0,0,43.9859,78.1571,145.3416
r14c27,19.5,95.5,19.0,20.0,95.0,96.0,361,346,152,0,0,44.1341,78.1201,137.5112
r14c28,19.5,96.5,19.0,20.0,96.0,97.0,5402,5152,283,0,0,35.6734,56.901,94.9225
r14c29,19.5,97.5,19.0,20.0,97.0,98.0,2801,2754,274,0,0,39.3537,65.4866,112.6962
r14c30,19.5,98.5,19.0,20.0,98.0,99.0,146179,140770,566,0,0,42.9173,75.1789,138.205
r14c31,19.5,99.5,19.0,20.0,99.0,100.0,170919,167646,573,0,0,42.4892,74.0177,135.3968
r14c32,19.5,100.5,19.0,20.0,100.0,101.0,18408,17792,411,0,0,40.1514,67.4058,116.9897
r14c33,19.5,101.5,19.0,20.0,101.0,102.0,14181,13876,395,0,0,41.4329,70.7836,124.9969
r15c00,20.5,68.5,20.0,21.0,68.0,69.0,0,0,0,0,1,,,
r15c01,20.5,69.5,20.0,21.0,69.0,70.0,0,0,0,0,1,,,
r15c02,20.5,70.5,20.0,21.0,70.0,71.0,21601,20977,323,0,0,41.9068,71.8495,126.1887
r15c03,20.5,71.5,20.0,21.0,71.0,72.0,6174,6022,257,0,0,41.5357,70.5756,120.9099
r15c04,20.5,72.5,20.0,21.0,72.0,73.0,60889,58888,310,0,0,39.2529,64.5471,107.2043
r15c05,20.5,73.5,20.0,21.0,73.0,74.0,118697,114413,346,0,0,40.1398,67.0689,114.1525
r15c06,20.5,74.5,20.0,21.0,74.0,75.0,67688,65752,301,0,0,41.2034,69.5925,117.9586
r15c07,20.5,75.5,20.0,21.0,75.0,76.0,72035,69334,287,0,0,38.4558,62.6373,103.0856
r15c08,20.5,76.5,20.0,21.0,76.0,77.0,32318,31369,270,0,0,38.3896,62.9304,105.7871
r15c09,20.5,77.5,20.0,21.0,77.0,78.0,172409,166542,352,0,0,40.7056,68.5016,117.004
r15c10,20.5,78.5,20.0,21.0,78.0,79.0,97569,94045,346,0,0,38.0559,62.0274,103.6665
r15c11,20.5,79.5,20.0,21.0,79.0,80.0,250313,242782,337,0,0,40.2406,67.0901,112.834
r15c12,20.5,80.5,20.0,21.0,80.0,81.0,13695,13257,256,0,0,39.9793,66.4147,111.2755
r15c13,20.5,81.5,20.0,21.0,81.0,82.0,54045,51208,316,0,0,39.6687,65.6138,109.8941
r15c14,20.5,82.5,20.0,21.0,82.0,83.0,6953,6630,243,0,0,38.5602,62.5555,101.7878
r15c15,20.5,83.5,20.0,21.0,83.0,84.0,18165,17395,298,0,0,40.7617,68.7141,118.1665
r15c16,20.5,84.5,20.0,21.0,84.0,85.0,36541,35681,316,0,0,38.9641,63.9599,106.6441
r15c17,20.5,85.5,20.0,21.0,85.0,86.0,304339,290243,354,0,0,36.0825,56.4249,88.9879
r15c18,20.5,86.5,20.0,21.0,86.0,87.0,66186,63502,295,0,0,38.1566,61.4613,98.7893
r15c19,20.5,87.5,20.0,21.0,87.0,88.0,418,411,103,0,0,37.199,59.2292,90.6172
r15c20,20.5,88.5,20.0,21.0,88.0,89.0,0,0,0,0,1,,,
r15c21,20.5,89.5,20.0,21.0,89.0,90.0,0,0,0,0,1,,,
r15c22,20.5,90.5,20.0,21.0,90.0,91.0,0,0,0,0,1,,,
r15c23,20.5,91.5,20.0,21.0,91.0,92.0,0,0,0,0,1,,,
r15c24,20.5,92.5,20.0,21.0,92.0,93.0,1947,1851,183,0,0,36.7002,58.8586,96.5039
r15c25,20.5,93.5,20.0,21.0,93.0,94.0,71,69,62,0,0,46.0083,,
r15c26,20.5,94.5,20.0,21.0,94.0,95.0,2080,1999,292,0,0,40.9233,69.4291,122.2158
r15c27,20.5,95.5,20.0,21.0,95.0,96.0,2373,2319,229,0,0,37.9947,61.5932,102.0342
r15c28,20.5,96.5,20.0,21.0,96.0,97.0,38702,37765,610,0,0,43.6158,77.1842,144.1466
r15c29,20.5,97.5,20.0,21.0,97.0,98.0,2234,2205,315,0,0,43.5242,76.9114,143.1468
r15c30,20.5,98.5,20.0,21.0,98.0,99.0,18,18,18,0,1,,,
r15c31,20.5,99.5,20.0,21.0,99.0,100.0,232275,227474,584,0,0,43.691,77.3554,143.9063
r15c32,20.5,100.5,20.0,21.0,100.0,101.0,109982,107086,506,0,0,39.8134,65.7901,109.2341
r15c33,20.5,101.5,20.0,21.0,101.0,102.0,1708,1655,247,0,0,37.3796,60.7941,104.437
r16c00,21.5,68.5,21.0,22.0,68.0,69.0,8,8,5,0,1,,,
r16c01,21.5,69.5,21.0,22.0,69.0,70.0,78792,76906,342,0,0,41.6935,70.9463,121.5468
r16c02,21.5,70.5,21.0,22.0,70.0,71.0,145787,141225,350,0,0,39.768,65.8494,110.3215
r16c03,21.5,71.5,21.0,22.0,71.0,72.0,77433,75545,380,0,0,42.8381,74.533,133.326
r16c04,21.5,72.5,21.0,22.0,72.0,73.0,188337,182481,383,0,0,41.3543,70.3123,122.2315
r16c05,21.5,73.5,21.0,22.0,73.0,74.0,85335,82428,340,0,0,40.3917,67.5714,114.688
r16c06,21.5,74.5,21.0,22.0,74.0,75.0,15050,14487,284,0,0,41.5255,70.6099,121.5777
r16c07,21.5,75.5,21.0,22.0,75.0,76.0,395148,379012,313,0,0,35.2291,55.0029,87.9096
r16c08,21.5,76.5,21.0,22.0,76.0,77.0,46329,45161,307,0,0,40.9302,69.2132,119.3686
r16c09,21.5,77.5,21.0,22.0,77.0,78.0,94906,92199,353,0,0,41.7611,71.6253,126.65
r16c10,21.5,78.5,21.0,22.0,78.0,79.0,36009,34778,309,0,0,40.6337,68.4447,117.75
r16c11,21.5,79.5,21.0,22.0,79.0,80.0,461948,448279,389,0,0,39.7698,66.1441,112.4672
r16c12,21.5,80.5,21.0,22.0,80.0,81.0,106576,102602,342,0,0,40.365,67.6911,115.7239
r16c13,21.5,81.5,21.0,22.0,81.0,82.0,592267,560550,349,0,0,36.734,58.0613,91.6106
r16c14,21.5,82.5,21.0,22.0,82.0,83.0,40407,38558,288,0,0,39.1608,64.2933,106.5905
r16c15,21.5,83.5,21.0,22.0,83.0,84.0,52154,49716,318,0,0,38.0484,61.7503,102.429
r16c16,21.5,84.5,21.0,22.0,84.0,85.0,3515,3344,230,0,0,38.6915,63.3217,105.2549
r16c17,21.5,85.5,21.0,22.0,85.0,86.0,3221,3087,199,0,0,35.1914,55.6404,90.1722
r16c18,21.5,86.5,21.0,22.0,86.0,87.0,48701,47305,344,0,0,40.2782,67.2793,113.6081
r16c19,21.5,87.5,21.0,22.0,87.0,88.0,23468,22210,286,0,0,37.3117,59.5376,95.0223
r16c20,21.5,88.5,21.0,22.0,88.0,89.0,95657,91777,326,0,0,38.9366,63.2367,101.5034
r16c21,21.5,89.5,21.0,22.0,89.0,90.0,10160,9877,282,0,0,38.3648,62.2713,102.0815
r16c22,21.5,90.5,21.0,22.0,90.0,91.0,3298,3200,222,0,0,38.9505,63.5366,104.1548
r16c23,21.5,91.5,21.0,22.0,91.0,92.0,9648,9391,266,0,0,37.62,59.8615,94.2127
r16c24,21.5,92.5,21.0,22.0,92.0,93.0,10800,10574,374,0,0,40.6963,69.0709,122.7584
r16c25,21.5,93.5,21.0,22.0,93.0,94.0,21517,21336,445,0,0,41.3308,70.1923,121.9724
r16c26,21.5,94.5,21.0,22.0,94.0,95.0,38792,37358,567,0,0,41.7446,72.0216,131.6221
r16c27,21.5,95.5,21.0,22.0,95.0,96.0,3921,3750,241,0,0,39.5999,65.3422,108.5032
r16c28,21.5,96.5,21.0,22.0,96.0,97.0,9032,8743,445,0,0,40.9838,69.8273,124.7915
r16c29,21.5,97.5,21.0,22.0,97.0,98.0,208,206,61,0,0,34.5107,50.7036,
r16c30,21.5,98.5,21.0,22.0,98.0,99.0,182,178,113,0,0,42.9626,75.026,
r16c31,21.5,99.5,21.0,22.0,99.0,100.0,4,4,4,0,1,,,
r16c32,21.5,100.5,21.0,22.0,100.0,101.0,3095,3016,271,0,0,38.4954,63.4469,108.5488
r16c33,21.5,101.5,21.0,22.0,101.0,102.0,39228,38422,452,0,0,39.5042,65.6589,112.6557
r17c00,22.5,68.5,22.0,23.0,68.0,69.0,9664,9360,234,0,0,40.1413,66.4908,109.0521
r17c01,22.5,69.5,22.0,23.0,69.0,70.0,107485,104278,332,0,0,41.1765,69.5601,118.3085
r17c02,22.5,70.5,22.0,23.0,70.0,71.0,353876,343958,375,0,0,41.8514,71.5057,123.7497
r17c03,22.5,71.5,22.0,23.0,71.0,72.0,99506,96857,333,0,0,41.9019,71.6758,124.3006
r17c04,22.5,72.5,22.0,23.0,72.0,73.0,626175,608788,403,0,0,41.9516,71.8825,125.5209
r17c05,22.5,73.5,22.0,23.0,73.0,74.0,252167,244380,348,0,0,39.7581,66.1184,112.1296
r17c06,22.5,74.5,22.0,23.0,74.0,75.0,27241,26351,301,0,0,41.8137,71.5108,124.4617
r17c07,22.5,75.5,22.0,23.0,75.0,76.0,238527,230199,312,0,0,38.2261,62.1849,102.7462
r17c08,22.5,76.5,22.0,23.0,76.0,77.0,51353,50190,287,0,0,40.5246,67.8494,114.5609
r17c09,22.5,77.5,22.0,23.0,77.0,78.0,30403,29649,301,0,0,40.1421,67.0319,114.0367
r17c10,22.5,78.5,22.0,23.0,78.0,79.0,361240,355248,350,0,0,40.1797,67.1809,114.3202
r17c11,22.5,79.5,22.0,23.0,79.0,80.0,15043,14577,297,0,0,40.5753,68.5145,119.6598
r17c12,22.5,80.5,22.0,23.0,80.0,81.0,1026893,1008221,397,0,0,37.015,58.7439,93.8783
r17c13,22.5,81.5,22.0,23.0,81.0,82.0,39984,39091,315,0,0,39.3452,64.9379,108.8133
r17c14,22.5,82.5,22.0,23.0,82.0,83.0,58868,56043,333,0,0,38.3732,62.2893,102.1907
r17c15,22.5,83.5,22.0,23.0,83.0,84.0,5438,5228,266,0,0,39.6581,65.9223,112.1524
r17c16,22.5,84.5,22.0,23.0,84.0,85.0,8010,7725,215,0,0,34.7957,54.5141,87.935
r17c17,22.5,85.5,22.0,23.0,85.0,86.0,1794,1749,180,0,0,34.483,54.1659,88.9003
r17c18,22.5,86.5,22.0,23.0,86.0,87.0,55935,53868,347,0,0,39.0919,64.2113,106.8917
r17c19,22.5,87.5,22.0,23.0,87.0,88.0,82352,78363,366,0,0,38.0349,61.4434,100.5356
r17c20,22.5,88.5,22.0,23.0,88.0,89.0,1032165,995890,471,0,0,36.6732,58.2989,94.74
r17c21,22.5,89.5,22.0,23.0,89.0,90.0,35484,34953,313,0,0,38.1074,61.3723,98.4178
r17c22,22.5,90.5,22.0,23.0,90.0,91.0,34412,33733,281,0,0,33.6896,52.0838,82.883
r17c23,22.5,91.5,22.0,23.0,91.0,92.0,26783,26135,386,0,0,41.8584,72.0534,129.1294
r17c24,22.5,92.5,22.0,23.0,92.0,93.0,8468,8316,333,0,0,40.2575,68.1317,119.8286
r17c25,22.5,93.5,22.0,23.0,93.0,94.0,16969,16920,292,0,0,38.8396,63.5255,104.8605
r17c26,22.5,94.5,22.0,23.0,94.0,95.0,1131,1110,226,0,0,43.2087,75.7222,137.4221
r17c27,22.5,95.5,22.0,23.0,95.0,96.0,1739,1654,190,0,0,38.9454,63.5135,103.5294
r17c28,22.5,96.5,22.0,23.0,96.0,97.0,1880,1846,299,0,0,40.436,68.6913,124.0142
r17c29,22.5,97.5,22.0,23.0,97.0,98.0,884,873,219,0,0,41.3487,70.8217,126.3425
r17c30,22.5,98.5,22.0,23.0,98.0,99.0,156,154,76,0,0,40.6767,64.8307,
r17c31,22.5,99.5,22.0,23.0,99.0,100.0,167,163,86,0,0,39.2257,64.4341,
r17c32,22.5,100.5,22.0,23.0,100.0,101.0,10581,10453,383,0,0,40.0434,67.1733,116.9408
r17c33,22.5,101.5,22.0,23.0,101.0,102.0,2420,2381,280,0,0,41.8694,71.677,125.5761
r18c00,23.5,68.5,23.0,24.0,68.0,69.0,54222,52265,306,0,0,39.8307,66.2923,112.5422
r18c01,23.5,69.5,23.0,24.0,69.0,70.0,331804,322780,369,0,0,40.8695,69.0511,119.0511
r18c02,23.5,70.5,23.0,24.0,70.0,71.0,53329,52071,301,0,0,39.7216,65.9914,111.5432
r18c03,23.5,71.5,23.0,24.0,71.0,72.0,191785,187266,352,0,0,41.5992,70.6427,120.3681
r18c04,23.5,72.5,23.0,24.0,72.0,73.0,655468,637897,367,0,0,37.605,61.0847,102.7831
r18c05,23.5,73.5,23.0,24.0,73.0,74.0,52180,50576,292,0,0,41.0336,69.136,117.183
r18c06,23.5,74.5,23.0,24.0,74.0,75.0,7244,7020,259,0,0,41.1285,69.5836,119.4297
r18c07,23.5,75.5,23.0,24.0,75.0,76.0,11937,11486,240,0,0,38.348,62.2072,101.2
r18c08,23.5,76.5,23.0,24.0,76.0,77.0,7898,7689,227,0,0,38.6306,63.2611,104.434
r18c09,23.5,77.5,23.0,24.0,77.0,78.0,136962,132819,336,0,0,39.6549,65.6935,110.28
r18c10,23.5,78.5,23.0,24.0,78.0,79.0,4371,4262,245,0,0,38.0796,61.8386,102.9336
r18c11,23.5,79.5,23.0,24.0,79.0,80.0,113983,110897,362,0,0,41.2031,70.0683,122.5485
r18c12,23.5,80.5,23.0,24.0,80.0,81.0,81288,79182,340,0,0,41.5727,71.0016,124.4381
r18c13,23.5,81.5,23.0,24.0,81.0,82.0,114290,112599,339,0,0,39.0546,63.8699,105.1252
r18c14,23.5,82.5,23.0,24.0,82.0,83.0,8047,7781,262,0,0,38.5948,62.9337,104.4289
r18c15,23.5,83.5,23.0,24.0,83.0,84.0,3276,3161,264,0,0,40.8073,69.1845,121.1381
r18c16,23.5,84.5,23.0,24.0,84.0,85.0,3222,3137,234,0,0,39.2526,64.7218,108.3579
r18c17,23.5,85.5,23.0,24.0,85.0,86.0,56139,53883,316,0,0,38.4009,62.7016,104.4962
r18c18,23.5,86.5,23.0,24.0,86.0,87.0,109319,104417,365,0,0,39.3959,64.9515,108.6218
r18c19,23.5,87.5,23.0,24.0,87.0,88.0,153706,147171,368,0,0,39.355,64.7924,107.7719
r18c20,23.5,88.5,23.0,24.0,88.0,89.0,136129,131575,330,0,0,39.037,63.8981,105.3038
r18c21,23.5,89.5,23.0,24.0,89.0,90.0,19600,19089,264,0,0,36.8853,58.9408,96.2274
r18c22,23.5,90.5,23.0,24.0,90.0,91.0,249816,245136,396,0,0,33.6673,51.5932,81.4873
r18c23,23.5,91.5,23.0,24.0,91.0,92.0,240727,234661,393,0,0,38.0621,62.0777,104.2147
r18c24,23.5,92.5,23.0,24.0,92.0,93.0,31158,30874,383,0,0,40.8234,69.447,123.0082
r18c25,23.5,93.5,23.0,24.0,93.0,94.0,3541,3528,262,0,0,41.6548,71.0087,123.1313
r18c26,23.5,94.5,23.0,24.0,94.0,95.0,931,914,232,0,0,42.0898,72.9915,133.0588
r18c27,23.5,95.5,23.0,24.0,95.0,96.0,1673,1606,279,0,0,43.3976,76.5052,141.6902
r18c28,23.5,96.5,23.0,24.0,96.0,97.0,257,249,91,0,0,38.274,61.0186,
r18c29,23.5,97.5,23.0,24.0,97.0,98.0,3029,2949,380,0,0,43.0253,75.771,142.2904
r18c30,23.5,98.5,23.0,24.0,98.0,99.0,199,194,98,0,0,40.5368,67.2217,
r18c31,23.5,99.5,23.0,24.0,99.0,100.0,533,529,186,0,0,42.5149,73.4391,130.3286
r18c32,23.5,100.5,23.0,24.0,100.0,101.0,12,11,7,0,1,,,
r18c33,23.5,101.5,23.0,24.0,101.0,102.0,366,362,169,0,0,42.6238,74.6387,138.2329
r19c00,24.5,68.5,24.0,25.0,68.0,69.0,697,683,169,0,0,40.2769,67.2678,114.1505
r19c01,24.5,69.5,24.0,25.0,69.0,70.0,2078,2000,201,0,0,37.2817,59.9019,98.2416
r19c02,24.5,70.5,24.0,25.0,70.0,71.0,3140,3093,266,0,0,41.1816,69.8477,121.1748
r19c03,24.5,71.5,24.0,25.0,71.0,72.0,20982,20487,266,0,0,40.2127,66.9358,111.9281
r19c04,24.5,72.5,24.0,25.0,72.0,73.0,177248,173055,336,0,0,37.5434,60.4887,99.9311
r19c05,24.5,73.5,24.0,25.0,73.0,74.0,151444,147297,350,0,0,39.7679,65.9581,110.9682
r19c06,24.5,74.5,24.0,25.0,74.0,75.0,104708,102092,329,0,0,41.3036,70.6144,123.0801
r19c07,24.5,75.5,24.0,25.0,75.0,76.0,78529,77107,300,0,0,39.7948,66.06,111.1278
r19c08,24.5,76.5,24.0,25.0,76.0,77.0,5311,5173,257,0,0,39.8497,66.4622,113.5106
r19c09,24.5,77.5,24.0,25.0,77.0,78.0,1511,1466,195,0,0,39.2794,64.6889,107.8569
r19c10,24.5,78.5,24.0,25.0,78.0,79.0,3919,3793,231,0,0,38.0439,61.9007,103.3827
r19c11,24.5,79.5,24.0,25.0,79.0,80.0,85569,84447,301,0,0,38.3204,62.7491,105.3983
r19c12,24.5,80.5,24.0,25.0,80.0,81.0,65970,64970,289,0,0,38.5119,63.1545,105.7795
r19c13,24.5,81.5,24.0,25.0,81.0,82.0,17469,17143,273,0,0,38.2441,62.2422,103.3106
r19c14,24.5,82.5,24.0,25.0,82.0,83.0,6430,6293,245,0,0,38.7884,63.6158,106.1248
r19c15,24.5,83.5,24.0,25.0,83.0,84.0,1528,1474,180,0,0,38.9136,63.5219,104.0614
r19c16,24.5,84.5,24.0,25.0,84.0,85.0,4987,4801,218,0,0,35.0647,54.9842,88.956
r19c17,24.5,85.5,24.0,25.0,85.0,86.0,12664,12313,259,0,0,37.3806,60.0767,98.214
r19c18,24.5,86.5,24.0,25.0,86.0,87.0,22811,21938,264,0,0,37.7452,60.3283,95.1111
r19c19,24.5,87.5,24.0,25.0,87.0,88.0,22846,21924,306,0,0,40.9965,68.9761,116.4537
r19c20,24.5,88.5,24.0,25.0,88.0,89.0,138887,134274,396,0,0,39.8028,66.1384,112.0827
r19c21,24.5,89.5,24.0,25.0,89.0,90.0,9447,9217,237,0,0,35.1093,54.6285,85.9594
r19c22,24.5,90.5,24.0,25.0,90.0,91.0,17623,17462,235,0,0,32.098,48.0922,72.0656
r19c23,24.5,91.5,24.0,25.0,91.0,92.0,75321,73223,428,0,0,40.8684,69.3075,121.6987
r19c24,24.5,92.5,24.0,25.0,92.0,93.0,82487,79197,457,0,0,40.9152,69.2949,120.5851
r19c25,24.5,93.5,24.0,25.0,93.0,94.0,25829,25334,458,0,0,40.5255,68.9717,123.9914
r19c26,24.5,94.5,24.0,25.0,94.0,95.0,5895,5833,340,0,0,41.429,71.0339,126.993
r19c27,24.5,95.5,24.0,25.0,95.0,96.0,918,895,214,0,0,42.7878,74.5243,134.1
r19c28,24.5,96.5,24.0,25.0,96.0,97.0,1138,1103,215,0,0,39.4139,65.8709,114.5765
r19c29,24.5,97.5,24.0,25.0,97.0,98.0,123189,121452,643,0,0,44.3885,79.8344,154.2474
r19c30,24.5,98.5,24.0,25.0,98.0,99.0,10425,10142,495,0,0,42.1911,73.7495,137.9509
r19c31,24.5,99.5,24.0,25.0,99.0,100.0,227,223,97,0,0,35.5509,57.9538,
r19c32,24.5,100.5,24.0,25.0,100.0,101.0,2055,2004,299,0,0,43.1886,75.8889,139.932
r19c33,24.5,101.5,24.0,25.0,101.0,102.0,2834,2813,284,0,0,40.8264,69.1031,120.4496
r20c00,25.5,68.5,25.0,26.0,68.0,69.0,2905,2823,205,0,0,39.0173,63.5038,102.7273
r20c01,25.5,69.5,25.0,26.0,69.0,70.0,126,122,70,0,0,38.8917,62.5084,
r20c02,25.5,70.5,25.0,26.0,70.0,71.0,187,185,71,0,0,34.544,52.9754,
r20c03,25.5,71.5,25.0,26.0,71.0,72.0,2436,2383,229,0,0,37.9331,62.2089,106.3507
r20c04,25.5,72.5,25.0,26.0,72.0,73.0,7523,7269,232,0,0,38.3604,62.0386,100.5634
r20c05,25.5,73.5,25.0,26.0,73.0,74.0,60472,58587,309,0,0,38.3742,62.8511,106.0983
r20c06,25.5,74.5,25.0,26.0,74.0,75.0,37219,36299,286,0,0,34.0134,53.2704,87.4172
r20c07,25.5,75.5,25.0,26.0,75.0,76.0,82520,80263,325,0,0,38.0223,62.1785,105.1659
r20c08,25.5,76.5,25.0,26.0,76.0,77.0,33934,33136,321,0,0,40.6735,68.4468,117.3304
r20c09,25.5,77.5,25.0,26.0,77.0,78.0,21427,21168,268,0,0,37.4606,60.2909,99.1593
r20c10,25.5,78.5,25.0,26.0,78.0,79.0,11431,11101,268,0,0,37.4436,60.2415,98.4154
r20c11,25.5,79.5,25.0,26.0,79.0,80.0,3261,3170,194,0,0,38.135,61.8279,100.6329
r20c12,25.5,80.5,25.0,26.0,80.0,81.0,1080,1057,172,0,0,38.0008,61.2523,99.5752
r20c13,25.5,81.5,25.0,26.0,81.0,82.0,76980,74279,314,0,0,38.0871,61.3006,98.9004
r20c14,25.5,82.5,25.0,26.0,82.0,83.0,13624,13225,245,0,0,33.8467,51.6777,80.488
r20c15,25.5,83.5,25.0,26.0,83.0,84.0,13353,13036,239,0,0,32.5949,48.8538,74.4967
r20c16,25.5,84.5,25.0,26.0,84.0,85.0,5948,5713,186,0,0,31.2218,46.8684,72.8771
r20c17,25.5,85.5,25.0,26.0,85.0,86.0,24264,23304,260,0,0,34.1988,52.4424,81.1567
r20c18,25.5,86.5,25.0,26.0,86.0,87.0,21702,20766,252,0,0,37.115,59.3686,95.9972
r20c19,25.5,87.5,25.0,26.0,87.0,88.0,48147,46323,310,0,0,39.6337,65.502,109.1922
r20c20,25.5,88.5,25.0,26.0,88.0,89.0,20553,19916,275,0,0,36.9016,58.5689,93.6715
r20c21,25.5,89.5,25.0,26.0,89.0,90.0,4710,4585,245,0,0,36.8584,59.3017,98.5662
r20c22,25.5,90.5,25.0,26.0,90.0,91.0,63420,62808,409,0,0,38.7888,64.1669,110.2308
r20c23,25.5,91.5,25.0,26.0,91.0,92.0,66681,66032,505,0,0,41.6611,72.361,134.2806
r20c24,25.5,92.5,25.0,26.0,92.0,93.0,7485,7387,362,0,0,40.2633,68.2961,121.4334
r20c25,25.5,93.5,25.0,26.0,93.0,94.0,22176,21974,438,0,0,41.0905,70.6504,128.5605
r20c26,25.5,94.5,25.0,26.0,94.0,95.0,81118,80919,419,0,0,39.7014,66.4024,114.6894
r20c27,25.5,95.5,25.0,26.0,95.0,96.0,4108,4021,381,0,0,42.8758,75.3061,140.1755
r20c28,25.5,96.5,25.0,26.0,96.0,97.0,13241,12880,456,0,0,43.0693,75.4267,138.0278
r20c29,25.5,97.5,25.0,26.0,97.0,98.0,3102,3058,386,0,0,43.6095,77.2619,145.3002
r20c30,25.5,98.5,25.0,26.0,98.0,99.0,90103,89457,624,0,0,42.6266,74.2001,135.2599
r20c31,25.5,99.5,25.0,26.0,99.0,100.0,4186,4137,386,0,0,41.4594,71.2582,128.9212
r20c32,25.5,100.5,25.0,26.0,100.0,101.0,22358,22024,471,0,0,41.1343,70.1341,124.4504
r20c33,25.5,101.5,25.0,26.0,101.0,102.0,6817,6781,271,0,0,37.875,60.7641,97.6359
r21c00,26.5,68.5,26.0,27.0,68.0,69.0,27,27,22,0,0,,,
r21c01,26.5,69.5,26.0,27.0,69.0,70.0,310,298,96,0,0,37.9611,59.8132,90.3444
r21c02,26.5,70.5,26.0,27.0,70.0,71.0,114273,112919,305,0,0,36.2546,56.8769,89.4245
r21c03,26.5,71.5,26.0,27.0,71.0,72.0,10380,10180,241,0,0,37.1388,59.6999,98.0781
r21c04,26.5,72.5,26.0,27.0,72.0,73.0,17575,17119,280,0,0,38.994,64.0673,107.1429
r21c05,26.5,73.5,26.0,27.0,73.0,74.0,33436,32570,294,0,0,37.5619,60.3,98.2186
r21c06,26.5,74.5,26.0,27.0,74.0,75.0,84699,81689,302,0,0,39.5298,65.2305,108.6402
r21c07,26.5,75.5,26.0,27.0,75.0,76.0,212341,207147,362,0,0,39.4504,65.333,110.6161
r21c08,26.5,76.5,26.0,27.0,76.0,77.0,237458,232902,375,0,0,40.7614,68.6906,117.7431
r21c09,26.5,77.5,26.0,27.0,77.0,78.0,87426,85166,346,0,0,41.2846,69.9835,120.3046
r21c10,26.5,78.5,26.0,27.0,78.0,79.0,94768,92383,361,0,0,41.2934,69.9597,120.0069
r21c11,26.5,79.5,26.0,27.0,79.0,80.0,9356,9108,265,0,0,39.8862,66.1033,110.2727
r21c12,26.5,80.5,26.0,27.0,80.0,81.0,144285,138571,359,0,0,35.5446,55.701,89.9703
r21c13,26.5,81.5,26.0,27.0,81.0,82.0,34943,33183,276,0,0,38.9847,63.3647,102.0278
r21c14,26.5,82.5,26.0,27.0,82.0,83.0,43002,41331,310,0,0,40.9479,69.019,117.7687
r21c15,26.5,83.5,26.0,27.0,83.0,84.0,3781,3645,212,0,0,35.9497,56.5783,90.2157
r21c16,26.5,84.5,26.0,27.0,84.0,85.0,2414,2325,239,0,0,40.5589,68.4056,118.6443
r21c17,26.5,85.5,26.0,27.0,85.0,86.0,20314,19233,238,0,0,31.2177,46.0231,70.0279
r21c18,26.5,86.5,26.0,27.0,86.0,87.0,25115,24126,431,0,0,40.8241,69.4343,123.6191
r21c19,26.5,87.5,26.0,27.0,87.0,88.0,112469,108859,619,0,0,42.9303,75.1853,138.4925
r21c20,26.5,88.5,26.0,27.0,88.0,89.0,372377,364979,698,0,0,44.3416,79.7667,154.9498
r21c21,26.5,89.5,26.0,27.0,89.0,90.0,94063,92240,624,0,0,42.7773,74.9235,138.9808
r21c22,26.5,90.5,26.0,27.0,90.0,91.0,136875,134559,667,0,0,43.1179,76.3681,145.4835
r21c23,26.5,91.5,26.0,27.0,91.0,92.0,600631,584456,694,0,0,41.7295,72.2299,133.2607
r21c24,26.5,92.5,26.0,27.0,92.0,93.0,280897,274458,657,0,0,42.6244,74.5742,138.0838
r21c25,26.5,93.5,26.0,27.0,93.0,94.0,419518,411100,560,0,0,42.5284,73.6537,131.3155
r21c26,26.5,94.5,26.0,27.0,94.0,95.0,59022,57439,512,0,0,41.5239,71.3033,128.255
r21c27,26.5,95.5,26.0,27.0,95.0,96.0,500,494,180,0,0,39.6757,67.8037,125.1281
r21c28,26.5,96.5,26.0,27.0,96.0,97.0,3434,3374,395,0,0,42.8617,75.2569,140.8338
r21c29,26.5,97.5,26.0,27.0,97.0,98.0,41,41,36,0,0,,,
r21c30,26.5,98.5,26.0,27.0,98.0,99.0,1599,1591,336,0,0,44.5045,80.0489,154.1445
r21c31,26.5,99.5,26.0,27.0,99.0,100.0,9460,9328,389,0,0,41.6691,71.5821,127.9146
r21c32,26.5,100.5,26.0,27.0,100.0,101.0,12353,12204,421,0,0,41.1582,70.2322,124.377
r21c33,26.5,101.5,26.0,27.0,101.0,102.0,370,368,140,0,0,40.5739,68.226,117.1602
r22c00,27.5,68.5,27.0,28.0,68.0,69.0,6442,6257,241,0,0,40.5721,67.6389,111.9504
r22c01,27.5,69.5,27.0,28.0,69.0,70.0,80,78,29,0,0,23.8787,,
r22c02,27.5,70.5,27.0,28.0,70.0,71.0,15526,15170,256,0,0,39.0526,63.7075,103.351
r22c03,27.5,71.5,27.0,28.0,71.0,72.0,7950,7756,242,0,0,37.9878,61.5267,101.1878
r22c04,27.5,72.5,27.0,28.0,72.0,73.0,14801,14450,234,0,0,37.4206,60.6152,101.0969
r22c05,27.5,73.5,27.0,28.0,73.0,74.0,49436,48081,287,0,0,37.6988,60.3886,97.1383
r22c06,27.5,74.5,27.0,28.0,74.0,75.0,117496,115229,336,0,0,40.2651,66.9268,110.9893
r22c07,27.5,75.5,27.0,28.0,75.0,76.0,74589,73062,304,0,0,38.1189,61.5696,100.5621
r22c08,27.5,76.5,27.0,28.0,76.0,77.0,133155,129255,303,0,0,36.2704,56.3791,86.4687
r22c09,27.5,77.5,27.0,28.0,77.0,78.0,706559,689925,420,0,0,41.8766,71.4162,122.265
r22c10,27.5,78.5,27.0,28.0,78.0,79.0,102453,99408,352,0,0,39.1982,64.6119,107.775
r22c11,27.5,79.5,27.0,28.0,79.0,80.0,5407,5260,240,0,0,41.1529,69.298,116.4386
r22c12,27.5,80.5,27.0,28.0,80.0,81.0,7488,7082,252,0,0,39.2616,64.6022,107.3838
r22c13,27.5,81.5,27.0,28.0,81.0,82.0,6599,6344,268,0,0,40.2259,67.2482,114.5011
r22c14,27.5,82.5,27.0,28.0,82.0,83.0,8536,8354,347,0,0,40.7944,69.2589,122.7423
r22c15,27.5,83.5,27.0,28.0,83.0,84.0,46801,45468,499,0,0,41.1191,69.9661,123.4782
r22c16,27.5,84.5,27.0,28.0,84.0,85.0,263980,257706,685,0,0,42.6274,74.1225,134.1764
r22c17,27.5,85.5,27.0,28.0,85.0,86.0,669865,653595,678,0,0,38.7049,64.3509,113.3241
r22c18,27.5,86.5,27.0,28.0,86.0,87.0,17869,17800,429,0,0,39.0294,64.8999,112.4524
r22c19,27.5,87.5,27.0,28.0,87.0,88.0,10592,10540,420,0,0,42.8467,74.9605,137.845
r22c20,27.5,88.5,27.0,28.0,88.0,89.0,460637,459831,622,0,0,42.6002,74.4289,137.427
r22c21,27.5,89.5,27.0,28.0,89.0,90.0,193036,192033,624,0,0,41.4211,71.1239,128.6664
r22c22,27.5,90.5,27.0,28.0,90.0,91.0,211026,210344,615,0,0,43.8829,78.2012,148.4096
r22c23,27.5,91.5,27.0,28.0,91.0,92.0,146324,145869,586,0,0,43.4892,76.9358,143.975
r22c24,27.5,92.5,27.0,28.0,92.0,93.0,461053,459025,592,0,0,43.8808,78.1136,147.6352
r22c25,27.5,93.5,27.0,28.0,93.0,94.0,24790,24563,473,0,0,42.6537,74.5396,137.3641
r22c26,27.5,94.5,27.0,28.0,94.0,95.0,33111,31773,415,0,0,38.6394,63.9802,110.4114
r22c27,27.5,95.5,27.0,28.0,95.0,96.0,374004,364836,605,0,0,43.1242,76.0011,142.2346
r22c28,27.5,96.5,27.0,28.0,96.0,97.0,128240,127599,587,0,0,42.8416,74.9558,137.829
r22c29,27.5,97.5,27.0,28.0,97.0,98.0,15727,15657,499,0,0,42.5773,74.241,136.1543
r22c30,27.5,98.5,27.0,28.0,98.0,99.0,5903,5853,348,0,0,42.328,73.1451,130.5627
r22c31,27.5,99.5,27.0,28.0,99.0,100.0,11378,11286,420,0,0,40.9642,69.8893,124.8992
r22c32,27.5,100.5,27.0,28.0,100.0,101.0,3334,3317,328,0,0,40.971,69.9906,125.7725
r22c33,27.5,101.5,27.0,28.0,101.0,102.0,106,104,74,0,0,41.3017,71.8337,
r23c00,28.5,68.5,28.0,29.0,68.0,69.0,18,16,15,0,1,,,
r23c01,28.5,69.5,28.0,29.0,69.0,70.0,53,53,39,0,0,37.4498,,
r23c02,28.5,70.5,28.0,29.0,70.0,71.0,574,556,122,0,0,34.0945,53.0365,86.2379
r23c03,28.5,71.5,28.0,29.0,71.0,72.0,390,379,123,0,0,39.2916,64.2132,104.3012
r23c04,28.5,72.5,28.0,29.0,72.0,73.0,2544,2490,169,0,0,38.7438,62.8312,100.2736
r23c05,28.5,73.5,28.0,29.0,73.0,74.0,7872,7662,243,0,0,36.0351,57.9505,96.7874
r23c06,28.5,74.5,28.0,29.0,74.0,75.0,1270,1243,183,0,0,37.9951,61.4643,101.6007
r23c07,28.5,75.5,28.0,29.0,75.0,76.0,5238,5135,207,0,0,35.255,54.758,85.6156
r23c08,28.5,76.5,28.0,29.0,76.0,77.0,783145,762434,416,0,0,42.2428,72.5972,126.4992
r23c09,28.5,77.5,28.0,29.0,77.0,78.0,1263310,1231596,437,0,0,37.4939,60.8497,102.3046
r23c10,28.5,78.5,28.0,29.0,78.0,79.0,13641,13079,268,0,0,38.9307,64.0578,106.8999
r23c11,28.5,79.5,28.0,29.0,79.0,80.0,50729,48868,392,0,0,38.2327,61.8695,101.2904
r23c12,28.5,80.5,28.0,29.0,80.0,81.0,90508,88417,499,0,0,42.4531,73.578,132.189
r23c13,28.5,81.5,28.0,29.0,81.0,82.0,53403,52567,541,0,0,42.568,73.9537,133.7271
r23c14,28.5,82.5,28.0,29.0,82.0,83.0,3675,3634,357,0,0,40.1071,68.1064,122.414
r23c15,28.5,83.5,28.0,29.0,83.0,84.0,145597,143251,637,0,0,42.7881,75.1051,140.5836
r23c16,28.5,84.5,28.0,29.0,84.0,85.0,36459,35617,533,0,0,41.6309,71.5849,129.3674
r23c17,28.5,85.5,28.0,29.0,85.0,86.0,34657,34548,472,0,0,41.6881,71.4587,126.4614
r23c18,28.5,86.5,28.0,29.0,86.0,87.0,1247,1247,154,0,0,32.6968,50.4426,80.6974
r23c19,28.5,87.5,28.0,29.0,87.0,88.0,422,422,78,0,0,32.7413,48.0423,67.6393
r23c20,28.5,88.5,28.0,29.0,88.0,89.0,4773,4765,149,0,0,25.2176,34.9983,51.7681
r23c21,28.5,89.5,28.0,29.0,89.0,90.0,737,737,143,0,0,36.7725,59.2215,97.2731
r23c22,28.5,90.5,28.0,29.0,90.0,91.0,889,888,152,0,0,38.2705,61.9187,100.038
r23c23,28.5,91.5,28.0,29.0,91.0,92.0,967,965,171,0,0,37.7616,61.3556,102.207
r23c24,28.5,92.5,28.0,29.0,92.0,93.0,23,23,13,0,0,,,
r23c25,28.5,93.5,28.0,29.0,93.0,94.0,455,455,143,0,0,37.5959,62.0289,108.3147
r23c26,28.5,94.5,28.0,29.0,94.0,95.0,10703,10669,354,0,0,41.6955,71.2271,124.6081
r23c27,28.5,95.5,28.0,29.0,95.0,96.0,209380,208629,600,0,0,44.1009,78.7639,149.7992
r23c28,28.5,96.5,28.0,29.0,96.0,97.0,4817,4796,334,0,0,40.4178,68.3964,120.952
r23c29,28.5,97.5,28.0,29.0,97.0,98.0,28364,28314,332,0,0,39.0792,64.2869,107.6993
r23c30,28.5,98.5,28.0,29.0,98.0,99.0,2263,2232,263,0,0,40.4973,68.1862,118.2583
r23c31,28.5,99.5,28.0,29.0,99.0,100.0,1034,1013,194,0,0,39.8903,66.2667,112.2179
r23c32,28.5,100.5,28.0,29.0,100.0,101.0,715,713,129,0,0,33.1544,51.7219,83.7608
r23c33,28.5,101.5,28.0,29.0,101.0,102.0,215,214,110,0,0,41.3567,69.6616,
r24c00,29.5,68.5,29.0,30.0,68.0,69.0,0,0,0,0,1,,,
r24c01,29.5,69.5,29.0,30.0,69.0,70.0,56,54,38,0,0,35.8922,,
r24c02,29.5,70.5,29.0,30.0,70.0,71.0,100,94,62,0,0,39.8328,,
r24c03,29.5,71.5,29.0,30.0,71.0,72.0,427,413,88,0,0,32.7271,49.4387,74.8497
r24c04,29.5,72.5,29.0,30.0,72.0,73.0,45,45,33,0,0,,,
r24c05,29.5,73.5,29.0,30.0,73.0,74.0,642,630,184,0,0,42.1353,72.5202,127.9853
r24c06,29.5,74.5,29.0,30.0,74.0,75.0,4964,4833,235,0,0,40.4871,67.5812,112.7866
r24c07,29.5,75.5,29.0,30.0,75.0,76.0,9569,9329,251,0,0,40.4862,67.557,112.5779
r24c08,29.5,76.5,29.0,30.0,76.0,77.0,24489,23744,275,0,0,39.3624,64.6996,106.2457
r24c09,29.5,77.5,29.0,30.0,77.0,78.0,27694,26768,324,0,0,39.1089,64.0203,104.7395
r24c10,29.5,78.5,29.0,30.0,78.0,79.0,592290,582133,597,0,0,43.027,75.5682,140.3546
r24c11,29.5,79.5,29.0,30.0,79.0,80.0,1203170,1194119,659,0,0,42.9425,75.265,138.9841
r24c12,29.5,80.5,29.0,30.0,80.0,81.0,34445,34254,474,0,0,42.5725,74.2222,135.8757
r24c13,29.5,81.5,29.0,30.0,81.0,82.0,3448,3434,292,0,0,41.0077,70.2595,126.3908
r24c14,29.5,82.5,29.0,30.0,82.0,83.0,4277,4265,303,0,0,40.9587,69.6718,122.6042
r24c15,29.5,83.5,29.0,30.0,83.0,84.0,2295,2293,136,0,0,30.6698,44.7241,65.9248
r24c16,29.5,84.5,29.0,30.0,84.0,85.0,109,109,42,0,0,27.9006,40.3034,
r24c17,29.5,85.5,29.0,30.0,85.0,86.0,92,92,47,0,0,33.5107,,
r24c18,29.5,86.5,29.0,30.0,86.0,87.0,36,36,29,0,0,,,
r24c19,29.5,87.5,29.0,30.0,87.0,88.0,209,209,57,0,0,31.5436,45.0152,
r24c20,29.5,88.5,29.0,30.0,88.0,89.0,1022,1016,106,0,0,33.2473,50.0567,74.1749
r24c21,29.5,89.5,29.0,30.0,89.0,90.0,185,185,48,0,0,31.3564,42.9344,
r24c22,29.5,90.5,29.0,30.0,90.0,91.0,1727,1727,127,0,0,33.493,50.6149,76.5074
r24c23,29.5,91.5,29.0,30.0,91.0,92.0,8229,8218,203,0,0,33.6969,51.1963,78.0792
r24c24,29.5,92.5,29.0,30.0,92.0,93.0,309,309,66,0,0,27.7793,40.0947,60.5447
r24c25,29.5,93.5,29.0,30.0,93.0,94.0,60,60,34,0,0,30.1944,,
r24c26,29.5,94.5,29.0,30.0,94.0,95.0,5034,5019,309,0,0,37.1515,60.0106,99.924
r24c27,29.5,95.5,29.0,30.0,95.0,96.0,25159,25035,431,0,0,42.644,74.1704,134.0501
r24c28,29.5,96.5,29.0,30.0,96.0,97.0,1479,1474,140,0,0,31.0226,47.4255,74.6178
r24c29,29.5,97.5,29.0,30.0,97.0,98.0,172,172,51,0,0,33.1383,45.875,
r24c30,29.5,98.5,29.0,30.0,98.0,99.0,167,164,57,0,0,35.5168,50.5454,
r24c31,29.5,99.5,29.0,30.0,99.0,100.0,216,216,75,0,0,33.6181,51.3121,
r24c32,29.5,100.5,29.0,30.0,100.0,101.0,727,724,162,0,0,38.3616,62.6237,104.2478
r24c33,29.5,101.5,29.0,30.0,101.0,102.0,626,625,139,0,0,36.8946,59.0625,97.0081
r25c00,30.5,68.5,30.0,31.0,68.0,69.0,0,0,0,0,1,,,
r25c01,30.5,69.5,30.0,31.0,69.0,70.0,8,8,8,0,1,,,
r25c02,30.5,70.5,30.0,31.0,70.0,71.0,94,92,53,0,0,36.7487,,
r25c03,30.5,71.5,30.0,31.0,71.0,72.0,344,329,124,0,0,39.4286,65.5041,110.7356
r25c04,30.5,72.5,30.0,31.0,72.0,73.0,18,16,10,0,1,,,
r25c05,30.5,73.5,30.0,31.0,73.0,74.0,5273,5038,165,0,0,32.5647,48.8718,73.8606
r25c06,30.5,74.5,30.0,31.0,74.0,75.0,23467,22562,252,0,0,33.8314,53.0607,85.8499
r25c07,30.5,75.5,30.0,31.0,75.0,76.0,80962,78607,299,0,0,33.0034,51.3238,82.7657
r25c08,30.5,76.5,30.0,31.0,76.0,77.0,208284,201397,467,0,0,37.8522,61.5658,103.3313
r25c09,30.5,77.5,30.0,31.0,77.0,78.0,733018,723520,583,0,0,40.1659,67.5715,118.4082
r25c10,30.5,78.5,30.0,31.0,78.0,79.0,582611,576543,566,0,0,39.3642,65.3664,112.4678
r25c11,30.5,79.5,30.0,31.0,79.0,80.0,193786,193499,430,0,0,41.351,70.23,121.3705
r25c12,30.5,80.5,30.0,31.0,80.0,81.0,147424,147317,343,0,0,37.7415,61.0517,100.3334
r25c13,30.5,81.5,30.0,31.0,81.0,82.0,693,688,117,0,0,35.8202,55.6891,85.0214
r25c14,30.5,82.5,30.0,31.0,82.0,83.0,40,39,27,0,0,,,
r25c15,30.5,83.5,30.0,31.0,83.0,84.0,30,29,26,0,0,,,
r25c16,30.5,84.5,30.0,31.0,84.0,85.0,1,1,1,0,1,,,
r25c17,30.5,85.5,30.0,31.0,85.0,86.0,1,1,1,0,1,,,
r25c18,30.5,86.5,30.0,31.0,86.0,87.0,1,1,1,0,1,,,
r25c19,30.5,87.5,30.0,31.0,87.0,88.0,0,0,0,0,1,,,
r25c20,30.5,88.5,30.0,31.0,88.0,89.0,20,19,19,0,0,,,
r25c21,30.5,89.5,30.0,31.0,89.0,90.0,3,3,3,0,1,,,
r25c22,30.5,90.5,30.0,31.0,90.0,91.0,497,492,72,0,0,30.299,43.132,59.5446
r25c23,30.5,91.5,30.0,31.0,91.0,92.0,1533,1533,100,0,0,14.4299,25.176,47.5396
r25c24,30.5,92.5,30.0,31.0,92.0,93.0,45,45,19,0,0,,,
r25c25,30.5,93.5,30.0,31.0,93.0,94.0,352,352,105,0,0,35.5975,57.0322,91.8869
r25c26,30.5,94.5,30.0,31.0,94.0,95.0,79,79,55,0,0,38.208,,
r25c27,30.5,95.5,30.0,31.0,95.0,96.0,615,607,175,0,0,40.2484,67.3889,115.979
r25c28,30.5,96.5,30.0,31.0,96.0,97.0,3,3,3,0,1,,,
r25c29,30.5,97.5,30.0,31.0,97.0,98.0,4,4,4,0,1,,,
r25c30,30.5,98.5,30.0,31.0,98.0,99.0,0,0,0,0,1,,,
r25c31,30.5,99.5,30.0,31.0,99.0,100.0,285,284,90,0,0,35.2686,54.9069,85.7184
r25c32,30.5,100.5,30.0,31.0,100.0,101.0,81,80,39,0,0,30.4516,,
r25c33,30.5,101.5,30.0,31.0,101.0,102.0,2112,2103,219,0,0,37.7612,61.5157,103.1261
