cell_id,lat_c,lon_c,total_records,obs_richness,truncated,rarefied,gpp,temp_c,precip_mm_yr,natural_frac,wc_mode,log_effort
r00c00,6.0,69.0,0,0,0,,,,,,,0.0
r00c01,6.0,71.0,0,0,0,,,,,,,0.0
r00c02,6.0,73.0,2190,82,0,36.5374640898142,1.2629630839499029,,,0.0024858150691870187,80.0,3.3404441148401185
r00c03,6.0,75.0,3,2,0,,,,,,,0.47712125471966244
r00c04,6.0,77.0,2,2,0,,,,,,,0.3010299956639812
r00c05,6.0,79.0,384408,312,0,67.25490855034785,1.757306510359627,26.718312945527707,2946.104995715907,0.08831539109525556,80.0,5.584792417289178
r00c06,6.0,81.0,1260022,456,0,124.94607879779842,2.5231227467197574,25.18271774023118,2444.029286491675,0.6428737136736372,10.0,6.100378127970889
r00c07,6.0,83.0,1,1,0,,,,,0.0,80.0,0.0
r00c08,6.0,85.0,0,0,0,,,,,,,0.0
r00c09,6.0,87.0,0,0,0,,,,,,,0.0
r00c10,6.0,89.0,2,2,0,,,,,,,0.3010299956639812
r00c11,6.0,91.0,2,2,0,,,,,,,0.3010299956639812
r00c12,6.0,93.0,10056,130,0,57.80895668970008,2.578232986153473,26.98877757285858,2664.979020159466,0.10030629690116959,80.0,4.0024252646779015
r00c13,6.0,95.0,2170,236,0,103.64629236010177,2.4094193220834756,24.58454674747337,2642.854708484831,0.29547207625459143,80.0,3.3364597338485296
r00c14,6.0,97.0,198,65,0,,2.171187978362858,25.499099532630293,2853.008030714849,0.2776508768221798,80.0,2.296665190261531
r00c15,6.0,99.0,38251,389,0,100.42452575242378,2.1610381602364375,26.871585936571503,2259.0045489344966,0.08955790118098918,80.0,4.582642793445322
r00c16,6.0,101.0,431767,651,0,148.3679608341114,2.4879639256150967,25.251492890995177,2558.069722130432,0.7471916685749277,10.0,5.635249446090903
r01c00,8.0,69.0,1,1,0,,,,,,,0.0
r01c01,8.0,71.0,0,0,0,,,,,,,0.0
r01c02,8.0,73.0,66,18,0,,1.5597578947368422,,,0.0003637731720592635,80.0,1.8195439355418688
r01c03,8.0,75.0,3,3,0,,,,,,,0.47712125471966244
r01c04,8.0,77.0,845918,471,0,103.37826449756264,1.747264029011679,26.49621995432194,1689.994537217299,0.46346333184970795,80.0,5.9273282662618225
r01c05,8.0,79.0,341796,412,0,98.98765607986157,1.780364661320729,27.187284453999016,1694.2355395573072,0.2224424601808392,80.0,5.533766975915167
r01c06,8.0,81.0,385026,369,0,110.15147442567823,2.1569046183503287,26.471131522419075,1631.5526029217224,0.6985536139272459,10.0,5.585490057496215
r01c07,8.0,83.0,1,1,0,,,,,0.0,80.0,0.0
r01c08,8.0,85.0,3,3,0,,,,,,,0.47712125471966244
r01c09,8.0,87.0,0,0,0,,,,,,,0.0
r01c10,8.0,89.0,1,1,0,,,,,,,0.0
r01c11,8.0,91.0,0,0,0,,,,,,,0.0
r01c12,8.0,93.0,17254,142,0,62.724298617270136,2.496599748719417,27.059353189584645,2509.9675598147596,0.05249030074689548,80.0,4.236889793701861
r01c13,8.0,95.0,6,5,0,,,,,0.0,80.0,0.7781512503836436
r01c14,8.0,97.0,2718,123,0,52.84665995903647,1.5197161538461539,,,0.0008981353864074295,80.0,3.4342494523964757
r01c15,8.0,99.0,346953,606,0,129.96124992449896,2.301541551813369,26.135579548711895,2227.5036887168276,0.5980140020136202,10.0,5.540270647058504
r01c16,8.0,101.0,60168,428,0,103.70750622321432,1.7155817476988338,26.892958307019377,2138.6746458684966,0.2135595840794845,80.0,4.779365575669822
r02c00,10.0,69.0,2,2,0,,,,,,,0.3010299956639812
r02c01,10.0,71.0,0,0,0,,,,,0.0,80.0,0.0
r02c02,10.0,73.0,2983,95,0,44.55610238791269,1.788939230769231,,,0.00040561585350082087,80.0,3.474653253362063
r02c03,10.0,75.0,115342,289,0,92.20501969807964,2.056946777061815,26.985137688334632,2939.0357670152453,0.09804442957913811,80.0,5.061987477692472
r02c04,10.0,77.0,6764486,546,0,115.58450043359721,1.8227945671120522,25.386598552359064,2071.561114418045,0.6925945995628183,10.0,6.830234802287011
r02c05,10.0,79.0,676148,436,0,97.77975817437257,1.0280230941677573,27.92805676205098,1191.702309380642,0.3062349745229386,40.0,5.830041767758594
r02c06,10.0,81.0,26592,255,0,104.4093559902068,1.9609348477720472,27.551402038435196,1324.2081219642166,0.303031528984902,80.0,4.424751002104017
r02c07,10.0,83.0,1,1,0,,,,,,,0.0
r02c08,10.0,85.0,2,1,0,,,,,,,0.3010299956639812
r02c09,10.0,87.0,0,0,0,,,,,,,0.0
r02c10,10.0,89.0,0,0,0,,,,,,,0.0
r02c11,10.0,91.0,0,0,0,,,,,0.0,80.0,0.0
r02c12,10.0,93.0,30748,191,0,89.48664228260225,2.81828589039039,27.3453396063495,2210.8673650284836,0.07145249305072672,80.0,4.48781687239723
r02c13,10.0,95.0,0,0,0,,,,,,,0.0
r02c14,10.0,97.0,2814,146,0,64.84442285690409,2.2230928666494294,,,0.009842148340232558,80.0,3.449324093098727
r02c15,10.0,99.0,135373,530,0,123.23010834466938,2.356994396829927,26.02442622922185,2407.853455756324,0.4364987952671245,80.0,5.1315320534163495
r02c16,10.0,101.0,10932,248,0,65.93897541402663,2.336005573365104,27.454657140016536,1611.202251937015,0.03708714706144876,80.0,4.038699623020623
r03c00,12.0,69.0,0,0,0,,,,,,,0.0
r03c01,12.0,71.0,7,5,0,,,,,0.0,80.0,0.8450980400142568
r03c02,12.0,73.0,304,57,0,54.77058602002815,1.2036275,,,0.00012813815363272172,80.0,2.482873583608754
r03c03,12.0,75.0,2348705,521,0,112.17796828434625,2.4315553909801606,24.483970871339128,3086.5321905275455,0.6391823954402317,10.0,6.370828472325654
r03c04,12.0,77.0,7616992,526,0,111.99855493376292,1.523857748195852,24.01558538265731,1367.6789063543722,0.6410322121131734,10.0,6.881783499461354
r03c05,12.0,79.0,1672327,436,0,86.83828953778438,1.1788330451058435,26.76991236286133,1164.5207983919456,0.42726560724139173,40.0,6.223321201578015
r03c06,12.0,81.0,810176,385,0,93.4429884830952,1.0994544143549208,27.825002672305857,1244.5763701459002,0.11921262363607299,80.0,5.90857937384887
r03c07,12.0,83.0,0,0,0,,,,,,,0.0
r03c08,12.0,85.0,0,0,0,,,,,,,0.0
r03c09,12.0,87.0,0,0,0,,,,,,,0.0
r03c10,12.0,89.0,1,1,0,,,,,,,0.0
r03c11,12.0,91.0,3,3,0,,,,,0.0,80.0,0.47712125471966244
r03c12,12.0,93.0,554450,312,0,91.21434888128836,2.699903284264383,27.141697189681558,2307.846442111577,0.13603868196496716,80.0,5.7438623878103785
r03c13,12.0,95.0,2,2,0,,,,,0.0,80.0,0.3010299956639812
r03c14,12.0,97.0,3,3,0,,2.195141464139894,,,0.01499518480928928,80.0,0.47712125471966244
r03c15,12.0,99.0,591275,689,0,137.50302849102547,2.516907402726538,25.682888273930523,2410.427341955835,0.6022421256384453,10.0,5.771789516760687
r03c16,12.0,101.0,112319,431,0,115.2109148173827,1.6333131752617052,27.013119492059598,1820.2774413795794,0.2515338377209572,80.0,5.0504532281865915
r04c00,14.0,69.0,0,0,0,,,,,,,0.0
r04c01,14.0,71.0,2,2,0,,,,,,,0.3010299956639812
r04c02,14.0,73.0,47,20,0,,,26.661820485985118,3194.729460801704,0.0,80.0,1.6720978579357175
r04c03,14.0,75.0,1346176,495,0,117.05873222538975,1.8658585260642078,24.421936376221737,2082.355643143061,0.5985296098091106,10.0,6.1291018435669775
r04c04,14.0,77.0,2346620,416,0,97.60441989971474,0.9812668706439185,25.011772617456515,915.6051487755885,0.3125775495519497,40.0,6.370442767798582
r04c05,14.0,79.0,494718,372,0,104.3537027715385,1.0439885357542098,26.900060555673406,989.9579417125565,0.5080573964948935,40.0,5.69435771218035
r04c06,14.0,81.0,419209,333,0,80.36669113353733,0.9990090407561801,28.079790873477325,1155.424017755936,0.1268397742838731,80.0,5.622430597946041
r04c07,14.0,83.0,0,0,0,,,,,,,0.0
r04c08,14.0,85.0,0,0,0,,,,,,,0.0
r04c09,14.0,87.0,0,0,0,,,,,,,0.0
r04c10,14.0,89.0,0,0,0,,,,,,,0.0
r04c11,14.0,91.0,2,2,0,,,,,,,0.3010299956639812
r04c12,14.0,93.0,16084,170,0,82.89432353727607,2.7962656615962644,27.15728045524899,2171.0382334318656,0.0834860706664036,80.0,4.2063940644308735
r04c13,14.0,95.0,2766,86,0,38.24013461642376,2.2979673333333333,,,0.0021663594117697026,80.0,3.441852175773292
r04c14,14.0,97.0,20,15,0,,2.4134509657525633,25.827907887713582,3978.5389085299794,0.10476704352279423,80.0,1.3010299956639813
r04c15,14.0,99.0,279355,598,0,119.78442203611812,2.234168493956863,25.603723839965884,1981.0712327391443,0.702602371591913,10.0,5.446156448930393
r04c16,14.0,101.0,1992638,695,0,122.84029640904326,1.4626613139071678,27.146937332652016,1451.1329878491792,0.44547123873647476,10.0,6.299428408142498
r05c00,16.0,69.0,0,0,0,,,,,,,0.0
r05c01,16.0,71.0,0,0,0,,,,,,,0.0
r05c02,16.0,73.0,806146,509,0,119.74546885306225,1.5684889400495827,25.885135648623486,3126.422472968352,0.5155373473930944,10.0,5.906413703408359
r05c03,16.0,75.0,1198537,502,0,131.48285285990738,1.1484011551633293,25.104434270213623,1291.8096778960523,0.3467723069372197,40.0,6.078651445668627
r05c04,16.0,77.0,266319,330,0,111.82641208498836,0.8333051932288604,26.641613250957654,897.0166224863831,0.13523838377098313,40.0,5.4254021514213004
r05c05,16.0,79.0,130112,347,0,124.36381532999215,0.9907013605200926,27.162714082056052,982.2413020427152,0.4062109170442477,40.0,5.114317352621926
r05c06,16.0,81.0,107982,325,0,101.00489084522165,1.0411236235995769,27.950156744860486,1254.3410104356624,0.19684884552165963,40.0,5.033351367040761
r05c07,16.0,83.0,23036,247,0,96.75019108013441,1.322956904229952,27.690795890593794,1382.91008400522,0.1223395064753875,80.0,4.362407069857869
r05c08,16.0,85.0,0,0,0,,,,,,,0.0
r05c09,16.0,87.0,1,0,0,,,,,,,0.0
r05c10,16.0,89.0,1,1,0,,,,,,,0.0
r05c11,16.0,91.0,0,0,0,,,,,,,0.0
r05c12,16.0,93.0,0,0,0,,,,,0.0,80.0,0.0
r05c13,16.0,95.0,11455,341,0,115.08666020787194,1.3016922405059617,26.886299559712768,2450.7575903542456,0.21418783188530424,80.0,4.058995093525416
r05c14,16.0,97.0,36949,416,0,91.72544263282475,1.5216445124182092,26.775385303252772,3115.0103375748213,0.2643110669364222,80.0,4.567602688999889
r05c15,16.0,99.0,342120,567,0,123.09910651020277,2.108610843332948,25.17595610526061,1969.9462230936888,0.6864649706203588,10.0,5.534178463357085
r05c16,16.0,101.0,228961,613,0,136.96003903975003,1.4844210229842487,26.364851297894166,1490.5280139872443,0.392390809773387,40.0,5.359761513225334
r06c00,18.0,69.0,1,1,0,,,,,,,0.0
r06c01,18.0,71.0,0,0,0,,,,,,,0.0
r06c02,18.0,73.0,1928433,496,0,104.66577094846441,1.3462578492652653,24.857695032623287,2507.2555722284205,0.5599700127656143,10.0,6.28520455466913
r06c03,18.0,75.0,509451,393,0,117.89276940200584,0.8698045422756121,25.899041176222024,1006.6980424853884,0.22889956362693428,40.0,5.70710241905299
r06c04,18.0,77.0,228283,335,0,119.37245076913186,0.8640667872754911,26.177472523454583,1092.870034466792,0.09663132648063863,40.0,5.358473571231418
r06c05,18.0,79.0,952648,400,0,111.18501454419619,0.9514457091390268,26.722728736387015,1160.3432193007284,0.24453989473403542,40.0,5.978932460032959
r06c06,18.0,81.0,155402,400,0,123.54945591510344,1.3220054263682752,26.998325755073516,1641.0833702126006,0.7186057160451618,10.0,5.191456603804499
r06c07,18.0,83.0,332823,387,0,82.46254845613751,1.4388822579292806,25.156603330786265,1583.8301734715037,0.578637592932944,10.0,5.522213330923779
r06c08,18.0,85.0,8396,226,0,99.65485587609656,1.4171161105577017,26.099722019952612,1573.2194150060986,0.23131264220134723,80.0,3.9240724299103626
r06c09,18.0,87.0,0,0,0,,,,,,,0.0
r06c10,18.0,89.0,0,0,0,,,,,,,0.0
r06c11,18.0,91.0,1,1,0,,,,,,,0.0
r06c12,18.0,93.0,0,0,0,,1.7740389916175305,26.750210948906172,3386.2911396814943,0.07119844115291642,80.0,0.0
r06c13,18.0,95.0,5734,391,0,134.79837855186508,1.5764948673498258,25.992457672066635,2230.405107820266,0.46634416501385934,10.0,3.7584576886104655
r06c14,18.0,97.0,24358,470,0,133.63849801183815,1.9604133518427769,25.16852887797072,2385.24755121754,0.7676909073213221,10.0,4.386641626135628
r06c15,18.0,99.0,839562,700,0,138.77383650529788,2.120802799971905,24.701860711162844,1500.1535288376879,0.8619613004177645,10.0,5.924052773450397
r06c16,18.0,101.0,51874,506,0,135.3520784286879,2.0819654832115524,25.0245889322934,1501.3996289321203,0.8452528080309861,10.0,4.714949737697635
r07c00,20.0,69.0,2,2,0,,,,,0.0,80.0,0.3010299956639812
r07c01,20.0,71.0,27775,329,0,126.42751262588199,1.109364067853559,26.68055221161335,1046.1614778896403,0.08657641717633237,80.0,4.443654067612905
r07c02,20.0,73.0,1959976,510,0,113.02004908864627,1.0986622583193164,25.4664164424234,1726.815101084557,0.4749964526966213,10.0,6.2922507534323024
r07c03,20.0,75.0,285455,344,0,106.48084253658774,0.8937170970114875,25.616202733278914,985.7268829483406,0.21645175396881317,40.0,5.455537654466162
r07c04,20.0,77.0,225975,365,0,115.19592554110375,0.9150147161370558,26.538389634049658,1159.5112025796968,0.13775595056199838,40.0,5.354060395065058
r07c05,20.0,79.0,406910,398,0,115.04778935493906,0.9979510172395943,27.176182087010776,1409.281782029521,0.3719974244432926,40.0,5.609498362970645
r07c06,20.0,81.0,79995,349,0,114.41268865152902,1.2925022395049337,25.85471921068506,1614.741491080037,0.6831043007396655,10.0,4.903062842738558
r07c07,20.0,83.0,84158,361,0,120.1244125885587,1.280154228400237,25.54277249606938,1601.2596691892993,0.599648191467761,10.0,4.925095406000673
r07c08,20.0,85.0,462081,424,0,106.37641162963494,1.3295202485868698,25.92600075257585,1651.4505395499812,0.5612047527706142,10.0,5.664718111421108
r07c09,20.0,87.0,68701,301,0,99.07071182400166,1.0730273111528266,26.647053302785658,1570.4526925254772,0.14968299693384332,40.0,4.836963058621722
r07c10,20.0,89.0,0,0,0,,,,,,,0.0
r07c11,20.0,91.0,1,1,0,,,,,0.0,80.0,0.0
r07c12,20.0,93.0,2018,191,0,98.37614528285783,1.908726029706867,24.62685738164023,2726.332926993703,0.4686043926555429,10.0,3.3049211619008916
r07c13,20.0,95.0,6641,426,0,138.26367725627992,1.3942420563419273,25.730817832908873,1339.8738075806593,0.6623559723204838,40.0,3.822233480238844
r07c14,20.0,97.0,49139,667,0,146.55523552991352,1.9609562318550888,22.628564393141744,1387.5223093914087,0.7560076894659508,10.0,4.691426314152591
r07c15,20.0,99.0,549388,668,0,151.04672939453107,2.444409378369081,23.05485448998916,1373.4346525601788,0.9184901531404096,10.0,5.7398791691167625
r07c16,20.0,101.0,144279,612,0,126.07807902773875,2.5771399055510535,23.183365356049123,1561.6981851771657,0.9197445210693657,10.0,5.159203123554927
r08c00,22.0,69.0,195947,379,0,123.38387929830017,0.8029531132779231,26.38973578424163,898.232316827146,0.10911621337682911,80.0,5.292138618702515
r08c01,22.0,71.0,676597,447,0,130.3712537990657,0.8108815983837115,26.818714580907777,846.6335640250245,0.17272647747969536,40.0,5.830330067814459
r08c02,22.0,73.0,1152013,482,0,126.74261141176663,0.8319952327275774,26.94814986154456,1013.1006114695033,0.2703194355849251,40.0,6.061457379952132
r08c03,22.0,75.0,675966,375,0,99.24593869544356,0.8664942239221685,25.863056696090183,1104.5170366893544,0.3540862113765669,40.0,5.829924852178719
r08c04,22.0,77.0,222991,386,0,123.51727266339333,0.9470022180692688,25.653880687427293,1385.7341060914812,0.41560317290573684,40.0,5.348287335114469
r08c05,22.0,79.0,874240,419,0,118.03507340695496,1.0174288018896314,25.18252032547837,1464.0940264665946,0.4407636376890854,40.0,5.941630673329401
r08c06,22.0,81.0,1765720,440,0,109.63865323076008,1.079401433118918,25.03615524763135,1531.6903014437462,0.45293698136537125,40.0,6.246921836220026
r08c07,22.0,83.0,156867,372,0,107.39814449682099,1.0616574923568567,25.44779328141131,1548.87964833722,0.4811464901336634,40.0,5.195531590972062
r08c08,22.0,85.0,16540,290,0,96.83039878905232,1.1996597270533282,24.979597354107327,1510.9567958473917,0.6641608452843519,10.0,4.218535505216527
r08c09,22.0,87.0,210451,481,0,115.73163205018403,1.1925295607860258,25.674693081198367,1518.7946681573212,0.42298847317823246,40.0,5.323150993725999
r08c10,22.0,89.0,1173362,539,0,101.10910206135155,1.1736021221819675,26.01725532983067,1734.601806167605,0.3534785790239481,80.0,6.069432019232671
r08c11,22.0,91.0,74141,438,0,114.21840741049077,1.4592496829234025,25.705891324400987,1949.3605613832049,0.29721991117797947,80.0,4.8700584394161375
r08c12,22.0,93.0,57749,619,0,149.59324645869935,2.3390344093933875,22.013686484389325,1891.1481941013933,0.9604510067328598,10.0,4.761544468248302
r08c13,22.0,95.0,45583,608,0,133.69241956981165,1.1512616098449922,26.152805317505184,1086.6511162405113,0.5016331423964214,40.0,4.658802904446173
r08c14,22.0,97.0,12004,505,0,129.9523713224234,1.997450847437546,22.240706607772296,1382.4447102546435,0.7565987363643425,10.0,4.079325986752815
r08c15,22.0,99.0,509,183,0,133.10327270437213,2.5869171893289566,20.809407746220078,1541.0022471828531,0.934442864263715,10.0,2.7067177823367587
r08c16,22.0,101.0,55324,538,0,119.83995551548473,2.7844959042742574,20.67264007686456,1554.5766459879958,0.9566054836410112,10.0,4.742913572650685
r09c00,24.0,69.0,388800,390,0,119.07531299755397,0.437602133368791,26.87862055997637,458.818214793599,0.4707641970799233,20.0,5.589726256254237
r09c01,24.0,71.0,269232,377,0,121.9562907783672,0.4380860505324622,27.325799886551042,558.7561291361748,0.49681534054106447,40.0,5.430126677385104
r09c02,24.0,73.0,1036340,422,0,109.85910186881257,0.8530159088258071,25.501851863052966,799.9370885392057,0.40528182231162624,40.0,6.015502261103427
r09c03,24.0,75.0,202418,352,0,123.67951111481176,0.8647944697994105,25.109041429198435,1042.3632317149875,0.2989570512712749,40.0,5.306249129477483
r09c04,24.0,77.0,151681,352,0,111.33254014727295,0.8487976169568252,25.048932820390707,1219.3980204093305,0.20250596457391867,40.0,5.180931183212941
r09c05,24.0,79.0,207842,380,0,119.43871885510801,0.8943511762023724,24.94662841667815,1167.642945947934,0.3339076079152983,40.0,5.317733312832035
r09c06,24.0,81.0,279017,380,0,115.54611065661942,0.974936423965983,24.68083475363638,1126.208381445433,0.4615772490701904,40.0,5.445630664855215
r09c07,24.0,83.0,19281,321,0,114.5914835916609,1.0645137366776234,24.371512493717127,1199.1459806548842,0.5805529081720199,40.0,4.285129554630062
r09c08,24.0,85.0,77012,349,0,105.9457385511924,1.0608762005601493,24.158898164943363,1214.8650431328617,0.4745135775474476,40.0,4.886558402156008
r09c09,24.0,87.0,308682,437,0,114.79139723640641,0.9785545270591929,25.06385829864418,1386.3453960090912,0.36079360313557857,40.0,5.489511305450373
r09c10,24.0,89.0,304063,445,0,110.31727503008462,1.151008893969022,25.405306321013136,1666.9364843915523,0.31793935265030304,40.0,5.482963576101169
r09c11,24.0,91.0,583487,522,0,104.016157400177,1.39556605674678,25.10223721686566,2071.825700032383,0.47724396010078324,40.0,5.766031184475376
r09c12,24.0,93.0,143014,621,0,140.94483083994072,2.378073022470968,21.852485846023338,1700.5962845353406,0.8981459852325543,10.0,5.155378553724766
r09c13,24.0,95.0,9417,477,0,144.47086516682444,2.044552041346803,23.99649283366809,1512.0636931821016,0.8267217020081514,10.0,3.9739125704197047
r09c14,24.0,97.0,127611,666,0,154.8076026289998,2.422219617427534,22.53637325012226,1809.7373608741723,0.844359727730126,10.0,5.105888111950953
r09c15,24.0,99.0,11384,512,0,139.4057234444037,2.350400503899775,18.03495623662824,1542.8233563460299,0.889821237326066,10.0,4.056294887076228
r09c16,24.0,101.0,5267,386,0,138.73495343693176,2.114120278487042,18.069543785632973,1355.1396714162045,0.9170178056024202,10.0,3.721563318357481
r10c00,26.0,69.0,3368,215,0,104.59828048549359,0.36900616226238736,27.22986583538013,268.7734493976477,0.589173950676559,40.0,3.527372082827612
r10c01,26.0,71.0,127276,317,0,91.86961046178742,0.20621994435065474,27.00580508192259,322.27242754744344,0.7077300713478563,40.0,5.104746517948824
r10c02,26.0,73.0,119005,369,0,110.54419014426139,0.4693723672375227,26.01694138002039,468.87813879013345,0.3219206962017317,40.0,5.075565208676494
r10c03,26.0,75.0,416779,421,0,111.38675503984294,0.6828826384769572,25.029776663355104,666.0793480117554,0.32571733128782154,40.0,5.619905828300387
r10c04,26.0,77.0,380245,418,0,123.22043605723218,0.7435643939749124,24.996670526406046,832.4506546498513,0.41007017324706385,40.0,5.580063512043416
r10c05,26.0,79.0,118816,372,0,119.9724812661791,0.744834746125791,25.307234349846055,902.4954588259169,0.17350408972498949,40.0,5.074874927546065
r10c06,26.0,81.0,257288,390,0,98.83668261069009,0.7745740577205329,25.266657737602504,1072.3017087709916,0.16618248342471922,40.0,5.41041953104006
r10c07,26.0,83.0,73760,343,0,108.70807163007676,0.8455782182106961,25.218563166423714,1298.303071672775,0.10467794071355098,40.0,4.867820908045573
r10c08,26.0,85.0,52940,334,0,82.03956240015071,0.8744016013680425,25.123599671737242,1433.7448240719264,0.15344618956446604,40.0,4.723783936965329
r10c09,26.0,87.0,207427,648,0,131.08834234636345,1.0781243188729877,24.090471067417035,1704.38819969028,0.2746035298805437,40.0,5.316865286227644
r10c10,26.0,89.0,491699,759,0,154.06536604685817,1.3369965850047152,23.53437627735286,2729.816526024515,0.3906500125777677,40.0,5.691699325038334
r10c11,26.0,91.0,867606,787,0,140.47283779381002,1.8085190406715659,22.19650295042175,3095.9805877620847,0.6950503603673143,10.0,5.938322546751424
r10c12,26.0,93.0,730073,757,0,140.45182668798526,2.032811874796958,22.1373082771678,2354.5181487847663,0.7325349149412521,10.0,5.8633662873973185
r10c13,26.0,95.0,144743,667,0,148.97882133026596,2.3943738987253904,20.161539244802768,2440.961953408333,0.9376909891896857,10.0,5.160597569740522
r10c14,26.0,97.0,19818,615,0,155.8348777729225,2.739584282456476,21.0031677140609,2996.548480112108,0.9459467686004805,10.0,4.297059824075058
r10c15,26.0,99.0,105327,711,0,143.13640574545502,1.9053194923381835,12.476443673871993,1896.4434483320722,0.9287981259076583,10.0,5.022539714470779
r10c16,26.0,101.0,41897,568,0,132.49450667099816,1.6080368207700861,15.59126647169712,1234.5472408425474,0.8243838208623525,10.0,4.622182926782751
r11c00,28.0,69.0,6593,249,0,112.07583359889139,0.33675622541994854,26.874665097565625,253.81427219594,0.48665096503374083,40.0,3.819083075743703
r11c01,28.0,71.0,24440,293,0,106.20656811272181,0.39940114756686623,26.98703304640624,219.85845592325464,0.780936003490295,60.0,4.3881012015705165
r11c02,28.0,73.0,74649,307,0,102.9443971503863,0.23198436729504254,26.502263753594203,252.61503070395833,0.5543872607646382,60.0,4.87302399427952
r11c03,28.0,75.0,198593,376,0,113.99603545056489,0.42131297953788244,25.172343326528395,424.0758250745829,0.12091003351906694,40.0,5.297963936430507
r11c04,28.0,77.0,2886169,523,0,120.34420953698401,0.6930994681815605,24.49009778295582,714.1813982736346,0.12736184306021062,40.0,6.460321757671734
r11c05,28.0,79.0,172230,468,0,109.43486993429393,0.7643350394569699,24.128704107994793,968.9636576795341,0.088253246570366,40.0,5.236108801587282
r11c06,28.0,81.0,157998,587,0,135.4019313573039,0.9636236041417664,22.991636477234035,1424.0423705062005,0.3771095851586114,40.0,5.198651589521123
r11c07,28.0,83.0,204609,738,0,145.40344219023905,1.2160765260887245,15.914793559816673,2045.3661505851162,0.6714494984372469,10.0,5.310924732818821
r11c08,28.0,85.0,1004961,825,0,133.72718901358476,1.1340586174893248,9.537505585806281,2212.8174587632107,0.7986894306382537,10.0,6.0021492082107955
r11c09,28.0,87.0,30130,520,0,132.51240251720048,0.812013209724127,2.797184736415612,2005.6956727435804,0.9082532188999086,60.0,4.4789991316733575
r11c10,28.0,89.0,659183,730,0,143.23711306696222,0.6656969375244524,2.336287894341522,2167.39687117407,0.9410397859225769,30.0,5.819005998595926
r11c11,28.0,91.0,359198,672,0,149.9596641957757,0.8358553113116594,2.013491200070014,2211.510047641033,0.9337768893849385,10.0,5.555333909867811
r11c12,28.0,93.0,486321,646,0,150.02872883009763,1.2663791046781467,6.759751330297837,3479.720487356537,0.9522014274300398,10.0,5.686923023397513
r11c13,28.0,95.0,627197,755,0,164.78505055985275,1.7966491284564379,17.532163385806676,3742.820971957159,0.8176716383266172,10.0,5.7974039723700015
r11c14,28.0,97.0,177148,690,0,149.1844042685316,1.59238694304008,8.687732059700268,3369.9281793745577,0.9673767269711209,10.0,5.248336253514429
r11c15,28.0,99.0,20577,549,0,150.86323886552174,1.0633290032793157,5.286515016360642,1955.0798346290571,0.9806485351924609,10.0,4.313382057578149
r11c16,28.0,101.0,4370,348,0,128.62158533507073,1.1678502705200124,7.724256494836596,1541.4370637966028,0.9628652728038568,10.0,3.640481436970422
r12c00,30.0,69.0,64,44,0,,0.20756181468388735,20.297965166712753,393.8652298799363,0.9253442966772019,60.0,1.806179973983887
r12c01,30.0,71.0,965,168,0,100.22234452651897,0.39619015311974715,25.28986864766689,382.75921038410564,0.3366005567851589,40.0,2.9845273133437926
r12c02,30.0,73.0,5978,224,0,84.1772280735366,0.4682819446472981,25.295028405605308,317.78623661355186,0.18613532219801227,40.0,3.776555910703262
r12c03,30.0,75.0,118962,342,0,89.94183545407776,0.6082246009821197,24.463661662163506,555.2633326911211,0.044006748050517096,40.0,5.075408256973736
r12c04,30.0,77.0,993484,626,0,122.15904246685368,0.8517029787563941,22.189435518612548,1020.4804919985413,0.26620191822653416,40.0,5.9971608772156735
r12c05,30.0,79.0,2571857,734,0,143.71795122766582,1.1859993660625283,13.024679041391593,1630.948337011194,0.7788030915948816,10.0,6.4102468173480505
r12c06,30.0,81.0,186010,536,0,111.87062427731594,0.8950813118719819,2.095760995165438,1473.5474585632642,0.9132329791200816,10.0,5.269536292755967
r12c07,30.0,83.0,6642,345,0,121.72722794006883,0.18948576143574086,-5.365024087956267,723.1445845966988,0.934722875393975,60.0,3.8222988712623662
r12c08,30.0,85.0,203,68,0,,0.07615325329536926,-4.149533419807785,545.9495711777828,0.9502438758495386,60.0,2.307496037913213
r12c09,30.0,87.0,246,60,0,,0.09932137242601673,-1.8482184294375825,596.3437179955116,0.9662083237542239,30.0,2.3909351071033793
r12c10,30.0,89.0,1230,110,0,75.21932195385472,0.1489526085049631,-0.69054770960575,694.3770022514755,0.9711052045793263,30.0,3.089905111439398
r12c11,30.0,91.0,11986,209,0,79.12241689056366,0.250885686123606,-1.2262255722162003,895.043151042893,0.9059155540297547,30.0,4.078674273360466
r12c12,30.0,93.0,766,130,0,87.94530033649121,0.2322911087230376,-4.834275476715425,1127.2416053435716,0.9529430532794185,30.0,2.884228769632604
r12c13,30.0,95.0,30887,465,0,139.9207218762517,0.4875538907310494,-0.9966016859194369,2188.4132686615003,0.8342336917797522,10.0,4.489775728090475
r12c14,30.0,97.0,1658,162,0,83.52710667657034,0.23488650357015164,-2.7002628131932296,1119.415670529727,0.9185560191146633,30.0,3.2195845262142546
r12c15,30.0,99.0,668,124,0,89.08631462039394,0.47661359011146875,0.34530924673998087,1054.8145887061564,0.9925781689367409,30.0,2.824776462475546
r12c16,30.0,101.0,3537,271,0,105.78203454349705,0.5662461451013833,1.7142940217151732,1291.4463649044767,0.9875083213151118,30.0,3.5486350598147514
