cell_id,lat_c,lon_c,lat_min,lat_max,lon_min,lon_max,total_records,sp_resolved_records,obs_richness,facet_truncated,below_min_records,rarefied_50,rarefied_100,rarefied_250,gpp,npp,ndvi,evi,temp_c,precip_mm_yr,wc_mode,natural_frac,excluded_frac,water_frac,is_land,log_effort
r00c32,5.5,100.5,5.0,6.0,100.0,101.0,173040,166455,543,0,0,40.4139,68.3094,121.2815,2.464689508131907,0.845242367391344,0.7038010895517336,0.4695411887296298,25.635336507190868,2770.715957259836,10.0,0.5462121366308076,0.0969604611199686,0.3568274022492325,True,5.238146506431035
r00c33,5.5,101.5,5.0,6.0,101.0,102.0,76626,75317,431,0,0,41.9932,72.2101,127.8284,2.839105474944101,1.1853568979112237,0.7511414922668588,0.4998959989115405,23.759357156554294,2884.3362367965624,10.0,0.9836001282311756,0.0016320834907741,0.0147677882780502,True,4.884376155280442
r01c12,6.5,80.5,6.0,7.0,80.0,81.0,730438,712910,416,0,0,40.4114,67.6515,114.2433,2.6612554926952607,1.002322350023282,0.7125682575128909,0.4694411991217028,24.424720238993253,2922.0048497035427,10.0,0.9044214818734134,0.0372918495704716,0.058286668556118,True,5.863583358667846
r01c13,6.5,81.5,6.0,7.0,81.0,82.0,403235,386365,384,0,0,41.1956,69.5061,117.5936,2.300301550905615,0.941737725514618,0.6879570262230262,0.4346550962633947,26.385498674177192,1614.5625176235726,10.0,0.5587257676489595,0.054513327504391,0.3867609048466511,True,5.605558220975091
r01c32,6.5,100.5,6.0,7.0,100.0,101.0,133088,128930,505,0,0,44.0516,78.5341,148.3046,2.169057808663017,0.6155275172393783,0.6976379693496927,0.4808390917318049,26.149875156223565,2198.8523583401934,10.0,0.7448019552690949,0.1165368673494728,0.1386611773814295,True,5.12413889868484
r01c33,6.5,101.5,6.0,7.0,101.0,102.0,49036,46781,434,0,0,41.089,70.0846,125.2091,2.4060047155718136,0.7777653494034138,0.7031576136062493,0.4838170483454698,25.901733942866468,2314.062014539646,10.0,0.7128400968646037,0.0245041551787875,0.2626557479566113,True,4.690515036372128
r02c12,7.5,80.5,7.0,8.0,80.0,81.0,216144,210150,318,0,0,38.9128,63.568,103.4781,2.503575677287822,0.9918819202595796,0.6996949262885463,0.4575468489685747,25.394738758688337,1877.184014008404,10.0,0.9045390222046736,0.0814340886334496,0.0140268891618772,True,5.33474318433852
r02c13,7.5,81.5,7.0,8.0,81.0,82.0,37082,35633,275,0,0,40.787,68.4314,114.6022,1.8635077567531784,0.7266502931488128,0.6322876668437735,0.4028550823939748,26.95275245862303,1700.33639755275,10.0,0.5894289759320436,0.1484284657733205,0.2621425582946364,True,4.569163149570084
r02c31,7.5,99.5,7.0,8.0,99.0,100.0,58233,55592,440,0,0,41.7916,71.7033,127.1167,2.190421150853529,0.5396493972422164,0.6974020433195164,0.4924388638831879,26.268122096287986,2223.8866046254493,10.0,0.6768551990574038,0.0080283882060115,0.3151164127365938,True,4.765169164311781
r03c09,8.5,77.5,8.0,9.0,77.0,78.0,465847,451536,451,0,0,40.5704,68.4879,119.2559,1.6645585391115634,0.7228642966922898,0.5533151549970757,0.3487266709698355,26.571006223965902,1497.1285498393493,10.0,0.6103009173095509,0.1819611321635724,0.2077379505268836,True,5.668243303028469
r03c12,8.5,80.5,8.0,9.0,80.0,81.0,113651,109050,290,0,0,39.4843,64.6267,104.0347,2.096648383401367,0.7864862813600688,0.6587462563877262,0.422752347051296,26.98632375737966,1370.2277955039242,10.0,0.845023160991491,0.1322926949488579,0.0226841440596507,True,5.0555732613770585
r03c30,8.5,98.5,8.0,9.0,98.0,99.0,183283,176705,514,0,0,39.9484,67.0464,116.9846,2.5816617618282534,0.7646707171213756,0.7196200671379263,0.499984008876065,26.107666166890265,2344.340979725731,10.0,0.6216018585441716,0.0054097068942579,0.3729884345615673,True,5.263122184828126
r03c31,8.5,99.5,8.0,9.0,99.0,100.0,67373,65424,429,0,0,42.3633,73.1598,129.7401,2.2082783516169013,0.5762479236630811,0.7234979901228891,0.5191171514636622,25.992379711844155,2139.458686911079,10.0,0.952502628335102,0.016310432225742,0.0311869394391562,True,4.8284858861449855
r04c08,9.5,76.5,9.0,10.0,76.0,77.0,1774361,1729208,450,0,0,35.2579,55.3061,89.0954,2.4424659268691404,0.9720170805410826,0.6608929001472411,0.4181748197590793,25.43380115234022,3055.949271808432,10.0,0.6060762948551494,0.0440167127700165,0.3499069923748332,True,6.249041983228589
r04c09,9.5,77.5,9.0,10.0,77.0,78.0,518223,509364,385,0,0,39.6868,66.1992,113.1778,1.6214065556428523,0.761827587062317,0.5605566935343633,0.346281871721696,25.53853550252869,1486.383361489573,10.0,0.6334482511464501,0.3616986349573899,0.0048531138961632,True,5.714516684125332
r04c30,9.5,98.5,9.0,10.0,98.0,99.0,39942,38388,419,0,0,41.3322,70.431,123.8278,2.577047748163391,0.8725741898744845,0.6810156259427436,0.4595179044053172,25.482359183530598,2503.37495592127,10.0,0.5602780276040157,0.0023309527230286,0.4373910196729387,True,4.601429807335315
r05c08,10.5,76.5,10.0,11.0,76.0,77.0,3849369,3758648,509,0,0,39.8434,66.5506,114.6969,2.0616225195457805,0.8973874516155654,0.6372675928854429,0.4002272642413324,25.24942683487212,2616.4234881666325,10.0,0.8278991301402868,0.0801539366038199,0.0919469332558927,True,6.585389544501341
r05c09,10.5,77.5,10.0,11.0,77.0,78.0,622812,607804,419,0,0,40.897,69.1641,119.9414,1.4170769433099355,0.7012028705782178,0.5342968814848503,0.3292595122062015,25.330613384146982,1455.5493357512644,10.0,0.6994499099667808,0.2964066708376485,0.0041434191955713,True,5.794356971724561
r06c08,11.5,76.5,11.0,12.0,76.0,77.0,1918715,1882470,465,0,0,40.4963,68.2726,118.8261,2.0585377351015053,1.0057425453936393,0.6211704999074721,0.382208157396513,22.624475289386368,2068.1058719267617,10.0,0.8554074312732275,0.1374529109761779,0.0071396577505935,True,6.283010470764974
r06c09,11.5,77.5,11.0,12.0,77.0,78.0,1026316,993660,405,0,0,35.4427,56.2141,92.6054,1.3151319021875496,0.6645573564378926,0.5321032708393131,0.3342932457064963,25.827836972931657,1173.6863656018472,10.0,0.6012120260761104,0.3808466839391283,0.017941289984763,True,6.0112810994957275
r06c31,11.5,99.5,11.0,12.0,99.0,100.0,15149,14075,434,0,0,40.1645,67.6822,119.8155,2.6112466998357693,0.9839865921565584,0.6972597318825566,0.4715439323084144,25.439212397141198,2228.9558391967607,10.0,0.683971082854628,0.0065020938762167,0.3095268232691558,True,4.180383965589764
r07c07,12.5,75.5,12.0,13.0,75.0,76.0,1098270,1068305,477,0,0,39.5331,65.7033,112.1351,2.413738792757977,1.038972289671496,0.6662227976904941,0.4161143852803828,23.954053437137897,3035.287260264582,10.0,0.9156172723469408,0.0275126601386491,0.05687006751441,True,6.040709120710908
r07c09,12.5,77.5,12.0,13.0,77.0,78.0,3059700,2975348,427,0,0,37.9521,61.1111,98.9497,1.3557055839239285,0.7316454521908089,0.5192823610256125,0.3214872462200997,24.10160983020832,1075.8142737683302,10.0,0.6265353238519871,0.3667688574129314,0.0066958187350791,True,6.48567884650391
r07c31,12.5,99.5,12.0,13.0,99.0,100.0,574863,552124,658,0,0,42.9499,75.083,136.9246,2.445245463714321,1.0358438584602374,0.6743680361623061,0.4508728242665854,25.4069188452328,1832.9089030351856,10.0,0.9164448887518624,0.0491462074414059,0.0344089038067322,True,5.759564356979699
r08c07,13.5,75.5,13.0,14.0,75.0,76.0,287729,281526,398,0,0,40.8461,69.0208,119.0406,2.1032168821909143,1.0246322943171953,0.6125036113055461,0.3759953221937851,23.24002532262257,2137.505582527185,10.0,0.8825237232753689,0.1019060106875584,0.0155702660370733,True,5.458983636326393
r08c30,13.5,98.5,13.0,14.0,98.0,99.0,1489,1418,255,0,0,42.8718,74.8455,136.2955,2.8299063958548207,1.1955837726683378,0.6904502262210568,0.4483701435125062,24.65607716848957,3088.8405106206283,10.0,0.6306598279876402,0.0225899831427599,0.3467501888695974,True,3.1728946977521764
r08c31,13.5,99.5,13.0,14.0,99.0,100.0,183796,176350,516,0,0,39.5687,65.2287,108.7208,1.987579232207684,0.8479933909263373,0.6388287279412179,0.4304744998818107,26.221991067205625,1407.0502387111485,10.0,0.7334737697860103,0.2463713550775374,0.0201548751364503,True,5.264336055489533
r08c33,13.5,101.5,13.0,14.0,101.0,102.0,63663,60589,370,0,0,39.3,64.642,107.9227,1.5611506740047656,0.5581768439012682,0.6108421401349531,0.4007649386239977,27.12945936420995,1583.098672251631,10.0,0.6665896881730177,0.3036114068678078,0.0297989049591711,True,4.803887100083716
r09c06,14.5,74.5,14.0,15.0,74.0,75.0,286615,278099,425,0,0,40.5259,68.2067,117.6481,2.2614334913476686,1.03701105047056,0.6139734719897754,0.3645147148772192,24.99429598703739,2584.562847991436,10.0,0.6687892284382568,0.0292676790163348,0.3019430925454096,True,5.457298915463836
r09c30,14.5,98.5,14.0,15.0,98.0,99.0,10610,10133,357,0,0,40.0114,66.741,113.8891,2.7366027967396995,1.172462475666731,0.6999481645853023,0.467073020565917,24.65817335995041,2377.0914866500098,10.0,0.9470654639146716,0.0169283150634323,0.0360062210218961,True,4.025715383901341
r09c33,14.5,101.5,14.0,15.0,101.0,102.0,372097,361005,507,0,0,42.1893,72.7978,129.6925,1.7615674556212215,0.7486531519073397,0.6304213841109435,0.4086776223894178,25.70707381030375,1539.1365713307323,10.0,0.6362912973097777,0.3458307732578833,0.017877929432336,True,5.5706561685738105
r10c06,15.5,74.5,15.0,16.0,74.0,75.0,748225,730125,465,0,0,41.8327,71.621,125.3731,1.690710231354622,0.7644365910258512,0.5576587384476558,0.3362688708897388,24.315368849892472,1996.250368032732,10.0,0.6902258769400076,0.2893173719515594,0.0204567511084337,True,5.8740322149296285
r10c30,15.5,98.5,15.0,16.0,98.0,99.0,16272,15814,374,0,0,40.9159,69.3084,121.305,2.790053114070039,1.25184139034322,0.7111862029805992,0.4717708788539363,23.75335110140844,2602.130256088245,10.0,0.986414204224534,0.0090571971836434,0.0045285985918217,True,4.211440935578669
r10c31,15.5,99.5,15.0,16.0,99.0,100.0,44930,43668,464,0,0,41.4487,70.7262,125.0699,1.8282087444244817,0.8245460072095586,0.6119917216294155,0.4087960682885289,25.978963942638742,1435.3755772681463,10.0,0.5170958685103116,0.4794650209147303,0.0034391105749604,True,4.652536418593026
r11c05,16.5,73.5,16.0,17.0,73.0,74.0,60878,59612,379,0,0,39.1459,64.6537,109.4232,1.526317852166731,0.6353489172832455,0.5539010006552344,0.3336140342584289,25.686100741861104,3046.3800187978422,10.0,0.6262950653776734,0.0257499768616366,0.3479549577606906,True,4.784460376298139
r11c30,16.5,98.5,16.0,17.0,98.0,99.0,49840,48661,400,0,0,38.9055,63.5223,104.6352,2.2960186835075995,1.0609260714206432,0.6367007729413128,0.4157718526873747,24.211641565168957,2370.603713824198,10.0,0.8402910297039348,0.1570538381059251,0.0026551321901391,True,4.697578033651113
r11c33,16.5,101.5,16.0,17.0,101.0,102.0,80560,77751,458,0,0,42.0803,72.5525,129.5806,1.9782732001376688,0.8785291716704274,0.6574747194870862,0.4269070940470428,24.53073567010568,1528.575963857969,10.0,0.7313760913362086,0.2667073579329632,0.0019165507308407,True,4.906119457545562
r12c05,17.5,73.5,17.0,18.0,73.0,74.0,245155,240561,385,0,0,38.2597,62.3121,103.2247,1.5158020427210142,0.657082847899083,0.5310868738711647,0.3183369998055689,24.82142625069766,2906.966001219126,10.0,0.7199772845474469,0.0834995471787228,0.1965231682738314,True,5.389440755221461
r12c13,17.5,81.5,17.0,18.0,81.0,82.0,94932,92232,375,0,0,41.8674,71.7634,125.9738,1.4141750052929751,0.5017716944029523,0.6081692406371895,0.3825990885643886,26.788397183350376,1723.6970111532169,10.0,0.7879592235333152,0.1912603338748502,0.0207804425918352,True,4.977412630560722
r12c14,17.5,82.5,17.0,18.0,82.0,83.0,15705,14874,315,0,0,38.7625,63.7846,108.1038,1.5944851155551527,0.6277862483156474,0.6227015298952255,0.391862223440259,25.62414790197041,1490.8077529128166,10.0,0.626176770960932,0.1757707899806695,0.1980524390583969,True,4.196037940734524
r12c26,17.5,94.5,17.0,18.0,94.0,95.0,1634,1580,249,0,0,41.9838,72.1364,127.3523,2.1210141351714142,0.6988149799807127,0.6670485190148977,0.4541980021553204,25.7134401360006,2850.8849528800733,10.0,0.4872527222574916,0.0798420107184374,0.4329052670240736,True,3.2132520521963968
r12c29,17.5,97.5,17.0,18.0,97.0,98.0,2670,2587,295,0,0,41.7596,71.6673,127.6316,2.3137249545467773,0.9344879225376722,0.6320420252269996,0.4196368043189283,25.3829150774099,2924.435835414856,10.0,0.8702377501447612,0.1099765256265404,0.0197857242286982,True,3.4265112613645754
r12c30,17.5,98.5,17.0,18.0,98.0,99.0,35126,34153,412,0,0,40.6947,68.6041,119.1165,2.296159666501622,1.1486914513909967,0.6280017546964591,0.4015930020800986,23.62373835407541,1722.3961575441144,10.0,0.9563827860974952,0.0325584325305125,0.0110587813719916,True,4.545628696992849
r12c31,17.5,99.5,17.0,18.0,99.0,100.0,227617,215002,438,0,0,36.1075,56.5228,89.2267,1.7757607852064037,0.7378284930865234,0.6295165143746162,0.4141965864816877,26.60668122533092,1366.6982881936046,10.0,0.7037512993058633,0.2912558842184455,0.0049928164756929,True,5.357204695027422
r12c32,17.5,100.5,17.0,18.0,100.0,101.0,25776,24981,456,0,0,42.9398,75.0172,136.53,1.9190260429568504,0.8023852993785011,0.6361458986378833,0.4192793748068865,25.52880946520176,1520.155343588743,10.0,0.7172224559878491,0.2633175249382464,0.0194600190739034,True,4.411215523075143
r12c33,17.5,101.5,17.0,18.0,101.0,102.0,13358,12946,368,0,0,41.8095,71.6494,126.271,1.904429840278148,0.8432907754937078,0.6565758769553094,0.4365991210158589,24.9824194614904,1300.8699583681453,10.0,0.8348650839267288,0.1600851114665117,0.0050498046067629,True,4.125741439128715
r13c05,18.5,73.5,18.0,19.0,73.0,74.0,1472324,1442872,447,0,0,36.3015,57.5856,94.0752,1.2109436062065986,0.536570781896756,0.4622481004568697,0.2753670215033513,24.66321010989148,2131.346808381604,10.0,0.6802468002683847,0.2845692863743971,0.0351839133572179,True,6.16800339147465
r13c12,18.5,80.5,18.0,19.0,80.0,81.0,7709,7494,271,0,0,39.8042,66.3614,113.4703,1.3053732211841618,0.4717290076910908,0.5721834184636216,0.3492718411305207,27.39335453785778,1643.008388460752,10.0,0.817737540108408,0.163685101673893,0.0185773582177002,True,3.8869980456710995
r13c13,18.5,81.5,18.0,19.0,81.0,82.0,40801,40030,283,0,0,37.4457,60.3232,97.9661,1.3961354167527082,0.5601043693264327,0.5692733333176364,0.3484469793912151,26.18005440888766,1783.64564198013,10.0,0.8152766147729043,0.1808230466739941,0.0039003385530889,True,4.61067080743203
r13c14,18.5,82.5,18.0,19.0,82.0,83.0,43683,42508,313,0,0,39.6287,65.5692,109.4345,1.4341997201946712,0.6465310748863989,0.5515246887764235,0.3349571861387618,23.516675258601342,1766.719392924568,10.0,0.738695060362436,0.2372134420420382,0.0240914975955096,True,4.640312456590131
r13c15,18.5,83.5,18.0,19.0,83.0,84.0,17653,16731,254,0,0,36.9441,58.5917,93.1013,1.3226312272522298,0.56003720255124,0.5848629685302826,0.3677746634183663,26.202352186722724,1527.2141125704757,10.0,0.5473635659156924,0.3830373590919815,0.0695990749923149,True,4.246818521210052
r13c26,18.5,94.5,18.0,19.0,94.0,95.0,570,537,163,0,0,38.4311,63.9301,112.6587,2.2521059477596923,0.8431518047139,0.6782560120628056,0.4390956315810216,24.63905376269867,2770.083287858069,10.0,0.6881224824202558,0.0303386456263535,0.2815388719533909,True,2.7558748556724915
r13c28,18.5,96.5,18.0,19.0,96.0,97.0,1870,1825,223,0,0,41.3651,70.0603,119.6489,1.7838311684933168,0.6347141982204634,0.6316719891824898,0.4051601346398931,25.184266559788327,2469.078798534609,10.0,0.7022646465800311,0.2677395891399087,0.0299957642800483,True,3.271841606536499
r13c29,18.5,97.5,18.0,19.0,97.0,98.0,5554,5425,253,0,0,36.0027,57.597,96.1485,2.3851556371953726,1.0748035192573298,0.6421515351992185,0.4056463510993977,23.482419681490384,1678.1319220460753,10.0,0.9796117784513416,0.01650535732256,0.003882864226098,True,3.744605875414239
r13c30,18.5,98.5,18.0,19.0,98.0,99.0,494437,481598,648,0,0,43.5548,77.009,143.4966,2.3503969490663,1.2158264167724135,0.6379568784393035,0.4045217409201303,23.203627779367388,1523.8601841413165,10.0,0.9431757451320134,0.0555936059421779,0.0012306489258068,True,5.694110962676587
r13c31,18.5,99.5,18.0,19.0,99.0,100.0,82383,78849,491,0,0,39.0195,64.4508,110.0924,2.060863247063179,0.9645613622429514,0.6585037590140888,0.4240069667287364,25.37339548587762,1387.6594854717416,10.0,0.8441362651836014,0.151814168190517,0.0040495666258811,True,4.915837602863455
r13c32,18.5,100.5,18.0,19.0,100.0,101.0,11423,10788,312,0,0,38.6034,62.9502,104.2651,2.1159569535869287,0.9546493518070518,0.6651724078419364,0.432863058147592,25.380887554943925,1388.312183021064,10.0,0.9015084488340798,0.0952531762490995,0.0032383749168194,True,4.057780176794582
r13c33,18.5,101.5,18.0,19.0,101.0,102.0,1326,1259,203,0,0,39.3449,64.7581,108.381,2.383112658108231,1.0611123853846536,0.6852700526476649,0.4582508628940334,24.20623924753751,1796.261030750555,10.0,0.9269970992638678,0.0650742747467437,0.0079286259893772,True,3.1225435240687545
r14c12,19.5,80.5,19.0,20.0,80.0,81.0,1046,1016,185,0,0,40.9816,69.1028,117.5403,1.3799065507110206,0.5047101494966857,0.6009019147613945,0.3590148250589086,26.420773103979663,1842.948427325372,10.0,0.8923317274748038,0.1004882776336437,0.0071799948915531,True,3.0195316845312554
r14c13,19.5,81.5,19.0,20.0,81.0,82.0,11209,10726,269,0,0,38.9539,64.2112,107.8062,1.3765455896208618,0.6158810559589885,0.5384477873916249,0.3227868199934039,24.800694722692484,1578.952070014131,10.0,0.7131332439007271,0.2815287325788618,0.0053380235204114,True,4.049566869164652
r14c15,19.5,83.5,19.0,20.0,83.0,84.0,13348,12752,262,0,0,38.9209,63.8426,105.9801,1.4878285364599788,0.5788309038786896,0.617670409689577,0.3865741860466436,24.796726637927375,1670.482410251055,10.0,0.8122904119204354,0.184873359866719,0.0028362282128479,True,4.125416197982755
r14c16,19.5,84.5,19.0,20.0,84.0,85.0,8175,7779,267,0,0,37.6439,60.9603,101.4938,1.440702736438576,0.5499543683120834,0.6162588971948956,0.392573302496779,25.3547314157976,1653.6641488513976,10.0,0.6223350208016974,0.314170674987609,0.0634943042106893,True,3.912487761332324
r14c26,19.5,94.5,19.0,20.0,94.0,95.0,1827,1777,297,0,0,43.9859,78.1571,145.3416,1.9311982501418636,0.7458455336157473,0.6432847041393398,0.4216467968099949,24.84900285810803,1951.0778117955665,10.0,0.8756586288368201,0.1081071394891227,0.0162342316740581,True,3.2617385473525378
r14c27,19.5,95.5,19.0,20.0,95.0,96.0,361,346,152,0,0,44.1341,78.1201,137.5112,1.2968797360132156,0.5110767749819112,0.5219138734755171,0.3373874220122114,26.351567281630288,1285.069088647205,10.0,0.6610389169592886,0.3226631441508011,0.016297938889909,True,2.5575072019056577
r14c28,19.5,96.5,19.0,20.0,96.0,97.0,5402,5152,283,0,0,35.6734,56.901,94.9225,2.126003951822587,0.9417348249171608,0.63711804934015,0.4137203077488737,23.42938584051343,1715.9161761267162,10.0,0.8181639310956357,0.1731420100291975,0.0086940588751679,True,3.732554579851432
r14c29,19.5,97.5,19.0,20.0,97.0,98.0,2801,2754,274,0,0,39.3537,65.4866,112.6962,2.0778436750606435,1.0474059539585647,0.6044831412474541,0.3762689955483911,23.323917840634767,1350.8062747504453,10.0,0.8787895162485992,0.1096133492050508,0.0115971345463498,True,3.4473131088235682
r14c30,19.5,98.5,19.0,20.0,98.0,99.0,146179,140770,566,0,0,42.9173,75.1789,138.205,2.5461941411470512,1.292120288917371,0.6679509182026628,0.4092143704967539,22.43093500974388,1311.2031101715006,10.0,0.9723401730296808,0.0270928719208509,0.0005669550494681,True,5.164884986580876
r14c31,19.5,99.5,19.0,20.0,99.0,100.0,170919,167646,573,0,0,42.4892,74.0177,135.3968,2.1487445902850832,1.0600915862815723,0.6535701461223907,0.4162975768319157,24.24826296529117,1355.369525987929,10.0,0.804499261702788,0.1910570308489894,0.0044437074482258,True,5.232790343215178
r14c32,19.5,100.5,19.0,20.0,100.0,101.0,18408,17792,411,0,0,40.1514,67.4058,116.9897,2.274524858206798,1.0509789761160513,0.6668266523402131,0.4394173619421554,24.34421147856467,1545.0127123959749,10.0,0.8339105736404655,0.1634222216947734,0.0026672046647599,True,4.265006605660587
r14c33,19.5,101.5,19.0,20.0,101.0,102.0,14181,13876,395,0,0,41.4329,70.7836,124.9969,2.594679987400524,1.2545255789755967,0.6864658237592736,0.4494078426626549,22.69781388715783,1644.2782100092195,10.0,0.9649758344222988,0.0273852021329983,0.007638963444703,True,4.151706857022576
r15c05,20.5,73.5,20.0,21.0,73.0,74.0,118697,114413,346,0,0,40.1398,67.0689,114.1525,1.082747525895442,0.4460112310737245,0.4730294292659104,0.2873970302406849,25.251348597770143,1474.7794379508796,10.0,0.6280770567923384,0.3597059431834482,0.0122170000242111,True,5.074439742544226
r15c13,20.5,81.5,20.0,21.0,81.0,82.0,54045,51208,316,0,0,39.6687,65.6138,109.8941,1.1754923299568008,0.4966733227322554,0.4992331990579519,0.3041450570749786,25.789961112447063,1466.9457303122283,10.0,0.4788297496843201,0.5032489062639338,0.0179213440517476,True,4.73275552117825
r15c14,20.5,82.5,20.0,21.0,82.0,83.0,6953,6630,243,0,0,38.5602,62.5555,101.7878,1.2367944738639007,0.5083322001036001,0.5372448226893659,0.3289271042017385,25.97372657746499,1543.433954092485,10.0,0.6263267498919975,0.3660104851892334,0.0076627649187658,True,3.8421722293856155
r15c15,20.5,83.5,20.0,21.0,83.0,84.0,18165,17395,298,0,0,40.7617,68.7141,118.1665,1.18125162655237,0.4505703936335649,0.5496974041960487,0.3374373884279183,26.45192236176757,1601.0072921045078,10.0,0.5478817066484979,0.4415599983004699,0.0105582950510346,True,4.259235402198733
r15c16,20.5,84.5,20.0,21.0,84.0,85.0,36541,35681,316,0,0,38.9641,63.9599,106.6441,1.3916836843599432,0.4685995626176493,0.6146671914275252,0.3813553157340439,25.69103748964838,1646.5720676801925,10.0,0.7755385314501833,0.2108601693212293,0.0136012992285829,True,4.562780428307687
r15c26,20.5,94.5,20.0,21.0,94.0,95.0,2080,1999,292,0,0,40.9233,69.4291,122.2158,1.37366542646142,0.5458834462360121,0.5275204746514374,0.336280954974481,25.665263385976854,1160.7449163188796,10.0,0.6849442408594861,0.2808442817171351,0.0342114774233793,True,3.3180633349627615
r15c29,20.5,97.5,20.0,21.0,97.0,98.0,2234,2205,315,0,0,43.5242,76.9114,143.1468,1.9038201221923656,1.0766053283508483,0.5745678994519919,0.3529294634512477,21.42441824631789,1186.5928103821204,10.0,0.7079410256509664,0.2916428741596398,0.0004161001893932,True,3.34908316877959
r15c31,20.5,99.5,20.0,21.0,99.0,100.0,232275,227474,584,0,0,43.691,77.3554,143.9063,2.6041362240271986,1.2953652375168392,0.6967933444798831,0.445310981720721,22.27636389076545,1630.8353624971712,10.0,0.9280690911904422,0.0716081326306312,0.0003227761789281,True,5.366002468748487
r15c32,20.5,100.5,20.0,21.0,100.0,101.0,109982,107086,506,0,0,39.8134,65.7901,109.2341,2.640542542198089,1.266447852073187,0.706828392501334,0.470184657303028,23.409887738788505,1605.3064592685416,10.0,0.9098351537144808,0.0808776346549551,0.0092872116305636,True,5.041321612973303
r15c33,20.5,101.5,20.0,21.0,101.0,102.0,1708,1655,247,0,0,37.3796,60.7941,104.437,2.795808138017906,1.4079645502532854,0.7028818543882226,0.4695050925014811,22.28154831968541,1452.1953590349483,10.0,0.9702540118587394,0.0281190114868682,0.0016269766543922,True,3.232487866352986
r16c12,21.5,80.5,21.0,22.0,80.0,81.0,106576,102602,342,0,0,40.365,67.6911,115.7239,1.126271503260636,0.4392321777426984,0.5264038452939361,0.3190690436507433,25.52434173503876,1596.073864548784,10.0,0.5352050566624527,0.4549614892774719,0.0098334540600735,True,5.027659416312784
r16c16,21.5,84.5,21.0,22.0,84.0,85.0,3515,3344,230,0,0,38.6915,63.3217,105.2549,1.2524448882879835,0.4430596645175301,0.5538619591890368,0.3335541405940458,25.80572768333129,1649.3783845469827,10.0,0.7047846520876967,0.2769564937050514,0.0182588542072542,True,3.5459253293558426
r16c17,21.5,85.5,21.0,22.0,85.0,86.0,3221,3087,199,0,0,35.1914,55.6404,90.1722,1.250093652740467,0.4668120232269359,0.5607114302183741,0.3445296586577511,24.84399709854989,1579.1085195827382,10.0,0.6823096653298415,0.3002729326002304,0.0174174020699334,True,3.5079907248196913
r16c18,21.5,86.5,21.0,22.0,86.0,87.0,48701,47305,344,0,0,40.2782,67.2793,113.6081,1.286467814044762,0.4362816907350297,0.5691351340143307,0.3552908074090976,25.296924516420084,1649.3369001572996,10.0,0.5323971593252464,0.4088743435055667,0.058728497169191,True,4.687537878874246
r16c24,21.5,92.5,21.0,22.0,92.0,93.0,10800,10574,374,0,0,40.6963,69.0709,122.7584,2.3449040689879745,0.9668841036984022,0.7158880415351653,0.4743548422444115,24.511783159599744,1995.064474892021,10.0,0.9114848589711286,0.0437655568947021,0.0447495841341713,True,4.033423755486949
r16c25,21.5,93.5,21.0,22.0,93.0,94.0,21517,21336,445,0,0,41.3308,70.1923,121.9724,2.443424021848441,1.1078067736684276,0.7327708302929854,0.45868330924494,19.99434407281717,2230.1981903750725,10.0,0.9982239254309764,0.0012435449274316,0.0005325296415919,True,4.332781719862915
r16c26,21.5,94.5,21.0,22.0,94.0,95.0,38792,37358,567,0,0,41.7446,72.0216,131.6221,1.2671679347510965,0.544957723733658,0.5252035343060056,0.333231529303533,25.475466426693245,1202.296115373072,10.0,0.7001703623336427,0.288032595898236,0.0117970417681227,True,4.588742171107468
r16c28,21.5,96.5,21.0,22.0,96.0,97.0,9032,8743,445,0,0,40.9838,69.8273,124.7915,1.623115199645053,0.7213477663898582,0.5756397674545016,0.3557541761693144,23.36153817142985,1328.1313257518605,10.0,0.6669362053322904,0.3213668292284674,0.0116969654392412,True,3.9557839289169117
r16c32,21.5,100.5,21.0,22.0,100.0,101.0,3095,3016,271,0,0,38.4954,63.4469,108.5488,2.741677657556546,1.3931843740606238,0.7193937234084661,0.4690040884380972,21.23756749889906,1535.7226191067468,10.0,0.9542106033914012,0.0419510061692263,0.0038383904393729,True,3.490660653356137
r16c33,21.5,101.5,21.0,22.0,101.0,102.0,39228,38422,452,0,0,39.5042,65.6589,112.6557,2.9327077913518926,1.5044840591113722,0.7260087720034645,0.4754574230983662,21.46547420312069,1562.8694428294557,10.0,0.9651160840431098,0.0332721144655169,0.0016118014913732,True,4.593596166627994
r17c12,22.5,80.5,22.0,23.0,80.0,81.0,1026893,1008221,397,0,0,37.015,58.7439,93.8783,1.1489512863781777,0.4937471463031647,0.5098955465879119,0.2981642698600779,24.40091189540251,1508.1743699628482,10.0,0.6343626832822524,0.3496447880357651,0.0159925286819816,True,6.011525193421533
r17c14,22.5,82.5,22.0,23.0,82.0,83.0,58868,56043,333,0,0,38.3732,62.2893,102.1907,1.0950436997622888,0.4500830716384122,0.5017977579630288,0.3012209502471556,24.87508635648879,1541.7935111685103,10.0,0.5966509964543029,0.3813732593319138,0.0219757442137802,True,4.769879281205094
r17c15,22.5,83.5,22.0,23.0,83.0,84.0,5438,5228,266,0,0,39.6581,65.9223,112.1524,1.1581927250657726,0.5064036409502274,0.5096873469860667,0.3069022142505294,24.2955459174631,1542.6017803061943,10.0,0.6044011136287574,0.3890446759243331,0.0065542104469111,True,3.7354392032514814
r17c17,22.5,85.5,22.0,23.0,85.0,86.0,1794,1749,180,0,0,34.483,54.1659,88.9003,1.212262534255607,0.4759882893704885,0.558033400699551,0.3362346843941938,24.779539266158626,1335.62599453058,10.0,0.682623885117015,0.3130933978041731,0.0042827170788127,True,3.2538224387080734
r17c18,22.5,86.5,22.0,23.0,86.0,87.0,55935,53868,347,0,0,39.0919,64.2113,106.8917,1.116756406705656,0.410188683502091,0.552963453368502,0.3421559468355139,25.49903661883375,1357.001807830815,10.0,0.531675297670542,0.4552241208927563,0.0131005814366999,True,4.747683642416988
r17c22,22.5,90.5,22.0,23.0,90.0,91.0,34412,33733,281,0,0,33.6896,52.0838,82.883,1.3694761568508276,0.4916324621463411,0.4504892744965682,0.2834266849613064,25.81335423696365,1811.4537674799997,10.0,0.3927778503020276,0.3631982404297624,0.2440239092682043,True,4.536709914228673
r17c24,22.5,92.5,22.0,23.0,92.0,93.0,8468,8316,333,0,0,40.2575,68.1317,119.8286,2.295335151695242,0.9397996870840154,0.728381187290118,0.4699417885868039,23.829316863190712,1638.9586202408404,10.0,0.9377487059989608,0.0335179557255949,0.0287333382754441,True,3.9277808493473745
r17c25,22.5,93.5,22.0,23.0,93.0,94.0,16969,16920,292,0,0,38.8396,63.5255,104.8605,2.270639215668621,1.0688787487513798,0.694626287391846,0.4263306944373906,19.719595735676094,1700.3837163424605,10.0,0.9941806016732848,0.0054360747155869,0.0003833236111283,True,4.2296562496672125
r17c26,22.5,94.5,22.0,23.0,94.0,95.0,1131,1110,226,0,0,43.2087,75.7222,137.4221,1.4825272016716584,0.6227221950171922,0.5872887014783615,0.3693244294353995,25.0996182771294,1432.563068104691,10.0,0.7228087380775357,0.2671452148700289,0.0100460470524404,True,3.053462604925455
r17c28,22.5,96.5,22.0,23.0,96.0,97.0,1880,1846,299,0,0,40.436,68.6913,124.0142,2.078202451137854,0.9526758236910357,0.6337740916659055,0.4034744096159588,22.31374260767458,1447.3521867860431,10.0,0.7472797244534265,0.2411562563489421,0.0115640191976261,True,3.27415784926368
r17c29,22.5,97.5,22.0,23.0,97.0,98.0,884,873,219,0,0,41.3487,70.8217,126.3425,2.1955074524232807,1.1732841263136862,0.6397251419060014,0.3998585765565904,21.82966701336217,1356.1256581475004,10.0,0.7781778848234477,0.2210151322743864,0.0008069829021684,True,2.946452265013073
r17c32,22.5,100.5,22.0,23.0,100.0,101.0,10581,10453,383,0,0,40.0434,67.1733,116.9408,2.536460811882541,1.3800468945334416,0.6840981206417723,0.4242957959235043,20.08443678719737,1306.9326757356494,10.0,0.9302764811541294,0.0531803952560917,0.0165431235897826,True,4.024526714387152
r17c33,22.5,101.5,22.0,23.0,101.0,102.0,2420,2381,280,0,0,41.8694,71.677,125.5761,2.927133539280161,1.597567264417554,0.7123409268762712,0.4474536425989583,19.90308181824114,1812.7818462801545,10.0,0.976810555146482,0.0203851792684827,0.0028042655850353,True,3.383815365980431
r18c13,23.5,81.5,23.0,24.0,81.0,82.0,114290,112599,339,0,0,39.0546,63.8699,105.1252,1.0899699056775785,0.488376266399762,0.5010941689889525,0.3040764781555085,24.32344438322006,1138.190835306291,10.0,0.6147500081085303,0.3768100808400608,0.0084399110514112,True,5.058008232715403
r18c14,23.5,82.5,23.0,24.0,82.0,83.0,8047,7781,262,0,0,38.5948,62.9337,104.4289,1.1634504409147275,0.527548342278545,0.5158651813937889,0.3103619815728193,24.001773393340088,1222.5819710923583,10.0,0.7101040283092277,0.283277203842336,0.0066187678484304,True,3.9056340013269546
r18c15,23.5,83.5,23.0,24.0,83.0,84.0,3276,3161,264,0,0,40.8073,69.1845,121.1381,1.225970160634668,0.5597706708095257,0.5238566341314763,0.3187555657949945,23.451779782255933,1294.590428736842,10.0,0.6023249634469934,0.392878193587318,0.004796842965689,True,3.5153438930883807
r18c16,23.5,84.5,23.0,24.0,84.0,85.0,3222,3137,234,0,0,39.2526,64.7218,108.3579,1.198645899993805,0.5558177506669844,0.527816075924341,0.3258082055278404,23.17075294667248,1232.769347470196,10.0,0.5708022083294096,0.4244979325587767,0.0046998591118111,True,3.5081255360831993
r18c17,23.5,85.5,23.0,24.0,85.0,86.0,56139,53883,316,0,0,38.4009,62.7016,104.4962,1.0377338121112805,0.4639248927824648,0.4916244725235413,0.3039041976638312,23.76845280897471,1293.610373714983,10.0,0.5354604043902556,0.4508501871462241,0.0136894084635214,True,4.749264672310713
r18c23,23.5,91.5,23.0,24.0,91.0,92.0,240727,234661,393,0,0,38.0621,62.0777,104.2147,1.754809438001042,0.6693899878227766,0.6553566061167757,0.415856138231836,25.062340599513632,1683.4221950124522,10.0,0.7663836401071621,0.230065739283747,0.0035506206090882,True,5.381524803583688
r18c24,23.5,92.5,23.0,24.0,92.0,93.0,31158,30874,383,0,0,40.8234,69.447,123.0082,2.5883918606503085,1.0993065426009323,0.7655963737277852,0.5088194311721236,22.736194474255623,1617.1641381162874,10.0,0.98629168205942,0.0131636715730985,0.0005446463674816,True,4.4935695729787
r18c25,23.5,93.5,23.0,24.0,93.0,94.0,3541,3528,262,0,0,41.6548,71.0087,123.1313,2.523903568018305,1.239306749050845,0.6927345987642124,0.4314102250823334,19.52411160064325,1495.1709715890777,10.0,0.9884321743278424,0.0113661012846283,0.0002017243875291,True,3.5491259267581112
r18c26,23.5,94.5,23.0,24.0,94.0,95.0,931,914,232,0,0,42.0898,72.9915,133.0588,2.131338822239756,0.9125573480443008,0.6691542339744623,0.4195667726898169,24.24525552083232,1712.9312866623136,10.0,0.8799571346675313,0.1106831802773275,0.0093596850551412,True,2.9689496809813427
r18c27,23.5,95.5,23.0,24.0,95.0,96.0,1673,1606,279,0,0,43.3976,76.5052,141.6902,1.5552232731010576,0.664227706840955,0.5539736531466872,0.3537288877745797,25.372996842733,1180.4317691480082,10.0,0.6268195046771983,0.3504276438692507,0.0227528514535508,True,3.2234959409623944
r18c29,23.5,97.5,23.0,24.0,97.0,98.0,3029,2949,380,0,0,43.0253,75.771,142.2904,2.756575762763281,1.433304435066809,0.706098003064416,0.4520209449259241,20.463355576233955,1837.0687452698096,10.0,0.928043466686266,0.0703696018003633,0.0015869315133712,True,3.481299273332856
r18c31,23.5,99.5,23.0,24.0,99.0,100.0,533,529,186,0,0,42.5149,73.4391,130.3286,2.338582950920997,1.3029872769718167,0.6521996672290866,0.4064740266615475,17.96338293354877,1514.7594883173952,10.0,0.8688395817853521,0.1298089119674633,0.0013515062471863,True,2.7267272090265724
r18c33,23.5,101.5,23.0,24.0,101.0,102.0,366,362,169,0,0,42.6238,74.6387,138.2329,2.223311780859155,1.1006841077731642,0.656947107084252,0.3931146863057203,18.750130528445226,1642.810783827386,10.0,0.9213539347041384,0.0753339667105178,0.0033120985853433,True,2.5634810853944106
r19c01,24.5,69.5,24.0,25.0,69.0,70.0,2078,2000,201,0,0,37.2817,59.9019,98.2416,0.2886236313910155,0.0513388447614753,0.1921391167135808,0.1343198360048815,27.256333715324264,378.0894705443967,20.0,0.7823249535861411,0.1697145463586733,0.0479605000551862,True,3.3176455432211585
r19c02,24.5,70.5,24.0,25.0,70.0,71.0,3140,3093,266,0,0,41.1816,69.8477,121.1748,0.2394724423654121,0.0313863503859238,0.1485961659881745,0.1066130572857975,27.497828065901828,421.4826735345487,20.0,0.7671074869288914,0.1571485200845668,0.0757439929865431,True,3.496929648073215
r19c05,24.5,73.5,24.0,25.0,73.0,74.0,151444,147297,350,0,0,39.7679,65.9581,110.9682,0.9488921685167268,0.3956445429122298,0.4640720065041349,0.2949267174507261,24.080037496498964,823.3027294569987,30.0,0.7670618535780148,0.226328560873369,0.0066095855486134,True,5.18025207186822
r19c24,24.5,92.5,24.0,25.0,92.0,93.0,82487,79197,457,0,0,40.9152,69.2949,120.5851,1.8820517675914807,0.7388721944580321,0.6586124597877079,0.4085238525018112,24.283967736500248,2123.4344938242184,10.0,0.7457561599892656,0.2420235080448657,0.0122203319658664,True,4.91638550887557
r19c25,24.5,93.5,24.0,25.0,93.0,94.0,25829,25334,458,0,0,40.5255,68.9717,123.9914,2.512315121517937,1.1881497926327471,0.7103568424356366,0.4428256995301006,20.865669572694188,1566.6155346118005,10.0,0.8723280781736498,0.1186223199093051,0.0090496019170452,True,4.4121075922790505
r19c26,24.5,94.5,24.0,25.0,94.0,95.0,5895,5833,340,0,0,41.429,71.0339,126.993,2.275489874671157,1.000628693525498,0.6803300378407702,0.4251607626237643,22.374898185597203,1616.9328432632665,10.0,0.8610333502744024,0.1271296061296705,0.0118370435959283,True,3.770483809431108
r19c27,24.5,95.5,24.0,25.0,95.0,96.0,918,895,214,0,0,42.7878,74.5243,134.1,2.203456050419452,0.8555981307122197,0.6814355027677452,0.4209754799825368,23.992820785509807,1537.9588736548392,10.0,0.9377570275797584,0.0611019418485816,0.0011410305716601,True,2.9628426812012423
r19c28,24.5,96.5,24.0,25.0,96.0,97.0,1138,1103,215,0,0,39.4139,65.8709,114.5765,2.256919765928543,0.9096851734981336,0.6694855505295679,0.4307397938786571,24.31823394117125,1778.3172771959566,10.0,0.7936437135242247,0.1923145570185056,0.0140417294572676,True,3.056142262059052
r19c29,24.5,97.5,24.0,25.0,97.0,98.0,123189,121452,643,0,0,44.3885,79.8344,154.2474,2.5872641520820525,1.2655969699707166,0.6826252477810795,0.4421768938187204,20.897389152589835,2040.0350663265992,10.0,0.8558329792234348,0.1299538366221967,0.0142131841543684,True,5.090571929804192
r19c30,24.5,98.5,24.0,25.0,98.0,99.0,10425,10142,495,0,0,42.1911,73.7495,137.9509,2.456026290345884,1.3728279370715142,0.6695400409434279,0.410848082187054,17.302953908538296,1681.523260981394,10.0,0.9006622123589235,0.092742010134934,0.0065957775061414,True,4.018076063645795
r19c32,24.5,100.5,24.0,25.0,100.0,101.0,2055,2004,299,0,0,43.1886,75.8889,139.932,1.977897875638099,1.0634125799024898,0.6212924278994689,0.3577963339783386,17.01391550828682,1221.5790720231075,10.0,0.9028655595879904,0.086602812099987,0.0105316283120207,True,3.312811826212088
r19c33,24.5,101.5,24.0,25.0,101.0,102.0,2834,2813,284,0,0,40.8264,69.1031,120.4496,1.897946756343495,0.9770532261084958,0.614130158548831,0.3431258668981705,17.842575354211665,1112.6576121623286,10.0,0.9250134022465144,0.0740435353069285,0.0009430624465571,True,3.4523998459114416
r20c22,25.5,90.5,25.0,26.0,90.0,91.0,63420,62808,409,0,0,38.7888,64.1669,110.2308,1.7959922777413824,0.6733781532701704,0.6584087277838474,0.4115638038081663,23.27882355301366,2554.0701644562832,10.0,0.8022025021248277,0.190913264562206,0.0068842333129772,True,4.80222623769107
r20c23,25.5,91.5,25.0,26.0,91.0,92.0,66681,66032,505,0,0,41.6611,72.361,134.2806,2.1067234935596155,1.0076529441385442,0.6174600589492076,0.3706671677924687,20.54419377875777,3408.6867852599785,10.0,0.8373223880563948,0.1504427334142495,0.0122348785293557,True,4.824002104221735
r20c24,25.5,92.5,25.0,26.0,92.0,93.0,7485,7387,362,0,0,40.2633,68.2961,121.4334,2.238773720750016,1.054642625625945,0.6717227440280992,0.4148255153533689,21.33629325186353,2484.92157575198,10.0,0.8970567363374293,0.0985527192072093,0.0043905444553602,True,3.874191804679071
r20c25,25.5,93.5,25.0,26.0,93.0,94.0,22176,21974,438,0,0,41.0905,70.6504,128.5605,2.5233459444153987,1.207971115878789,0.7214091862908765,0.4586368750317003,20.84168021942313,1765.2519497131243,10.0,0.9233317267800296,0.0766279247867235,4.0348433246603e-05,True,4.345883212931713
r20c26,25.5,94.5,25.0,26.0,94.0,95.0,81118,80919,419,0,0,39.7014,66.4024,114.6894,2.3663133080468666,1.1192259580795207,0.6824364657288678,0.4103384756191998,18.07426150234762,1938.508185680787,10.0,0.9844391028151308,0.0151310036171503,0.0004298935677194,True,4.9091172343996226
r20c27,25.5,95.5,25.0,26.0,95.0,96.0,4108,4021,381,0,0,42.8758,75.3061,140.1755,2.510741842218509,1.0401093979805862,0.7169085177844577,0.4274168411675018,22.163374693326485,2719.5376085136068,10.0,0.9855610374040232,0.0076964234756028,0.0067425391203742,True,3.6136304349252404
r20c28,25.5,96.5,25.0,26.0,96.0,97.0,13241,12880,456,0,0,43.0693,75.4267,138.0278,2.5511611057280934,1.1339850002819925,0.6857194829368523,0.4340996955535983,22.63077547405039,2557.227549511741,10.0,0.8759946925469883,0.1116389450978306,0.012366362355184,True,4.121920785563038
r20c29,25.5,97.5,25.0,26.0,97.0,98.0,3102,3058,386,0,0,43.6095,77.2619,145.3002,2.6914616736746564,1.335456977177032,0.7108167057649581,0.4571546068034849,21.04773265905398,2609.6763997121384,10.0,0.9258515624616808,0.0616800412780964,0.0124683962602249,True,3.4916417934775863
r20c30,25.5,98.5,25.0,26.0,98.0,99.0,90103,89457,624,0,0,42.6266,74.2001,135.2599,2.197409645486424,1.2474245478378168,0.6509578413740421,0.3733870972467529,14.045891561309894,2072.421239458893,10.0,0.9293727630850152,0.066222295957,0.004404940957984,True,4.9547392511539305
r20c31,25.5,99.5,25.0,26.0,99.0,100.0,4186,4137,386,0,0,41.4594,71.2582,128.9212,1.8541096757426083,1.1146534752282564,0.6069433244335357,0.3426085405379169,13.906823159206594,1274.1330392804473,10.0,0.8643100366461716,0.1284267082098594,0.0072632551439684,True,3.6217992240026677
r20c32,25.5,100.5,25.0,26.0,100.0,101.0,22358,22024,471,0,0,41.1343,70.1341,124.4504,1.7012556739642926,1.021217664195169,0.5612705457435192,0.314643955445,15.288319701715611,1016.7385243363492,10.0,0.7682214499058038,0.2059969317787952,0.0257816183154023,True,4.349432951816721
r20c33,25.5,101.5,25.0,26.0,101.0,102.0,6817,6781,271,0,0,37.875,60.7641,97.6359,1.6924420081237406,0.951204179371852,0.5913380863412616,0.3256783910972997,16.44221443685533,1105.856776588304,10.0,0.8361102986625846,0.1585644341741476,0.0053252671632707,True,3.8335932939984563
r21c01,26.5,69.5,26.0,27.0,69.0,70.0,310,298,96,0,0,37.9611,59.8132,90.3444,0.1713363349453631,0.0121767248115508,0.1140372261446792,0.0811260566364269,27.61180546609564,240.85633157943795,60.0,0.9604215146242964,0.0180859402666992,0.0214925451090051,True,2.4913616938342726
r21c02,26.5,70.5,26.0,27.0,70.0,71.0,114273,112919,305,0,0,36.2546,56.8769,89.4245,0.1631948598824268,0.0097974691250821,0.144802057037995,0.1050321447118824,27.05314347452978,246.0791050741678,60.0,0.9016901501408678,0.0982493101440113,6.053971512146779e-05,True,5.0579436290288395
r21c03,26.5,71.5,26.0,27.0,71.0,72.0,10380,10180,241,0,0,37.1388,59.6999,98.0781,0.1853715401502437,0.0145894264741193,0.1770868204976586,0.1284996001447189,26.624021647209315,304.63392321932577,60.0,0.5692192345240361,0.4307404049600061,4.036051595617384e-05,True,4.016197353512439
r21c21,26.5,89.5,26.0,27.0,89.0,90.0,94063,92240,624,0,0,42.7773,74.9235,138.9808,1.6299404538295714,0.7052262911054099,0.5974933282371376,0.3626990217447445,22.02315482993798,3680.590768104693,10.0,0.5883213903907084,0.382221962653246,0.0294566469560432,True,4.973418825809898
r21c22,26.5,90.5,26.0,27.0,90.0,91.0,136875,134559,667,0,0,43.1179,76.3681,145.4835,1.7032126092315385,0.7816873229970636,0.5721003637413221,0.3439115321813634,22.438657336808426,3594.17673694207,10.0,0.5919566081718809,0.3340862284221607,0.0739571634059591,True,5.1363241321841935
r21c23,26.5,91.5,26.0,27.0,91.0,92.0,600631,584456,694,0,0,41.7295,72.2299,133.2607,1.6193690542723391,0.7450258860378566,0.5660562665975543,0.3338901427786935,22.5243371331072,2826.988664390021,10.0,0.5460960248979243,0.4015154920375468,0.0523884830645313,True,5.778607743416577
r21c25,26.5,93.5,26.0,27.0,93.0,94.0,419518,411100,560,0,0,42.5284,73.6537,131.3155,1.8195087091783,0.7275836786100757,0.6206907443040495,0.3870306398053738,23.078498971045832,2621.6826663933152,10.0,0.6613750069147052,0.2737208465484352,0.0649041465368575,True,5.622750599569882
r21c26,26.5,94.5,26.0,27.0,94.0,95.0,59022,57439,512,0,0,41.5239,71.3033,128.255,2.1569138401745818,0.985965288627764,0.6745831774063734,0.4196346877975331,21.42031938811053,2212.336828372546,10.0,0.7888288716618012,0.1832188150617301,0.0279523132764725,True,4.7710139217726715
r21c27,26.5,95.5,26.0,27.0,95.0,96.0,500,494,180,0,0,39.6757,67.8037,125.1281,2.542150489030115,1.217033503820133,0.7057130773006757,0.4407660829359134,18.988201395426408,2893.465191066401,10.0,0.9930852218185744,0.0054787980902018,0.0014359800912239,True,2.6989700043360187
r21c28,26.5,96.5,26.0,27.0,96.0,97.0,3434,3374,395,0,0,42.8617,75.2569,140.8338,2.797100096740334,1.3835876931602655,0.7269381584078297,0.439753718685116,21.26559310043834,3099.7528233743965,10.0,0.983816001765038,0.0105539040858917,0.0056300941490703,True,3.5358002908248976
r21c30,26.5,98.5,26.0,27.0,98.0,99.0,1599,1591,336,0,0,44.5045,80.0489,154.1445,2.0181643195044687,1.2095811176397095,0.6450433345683667,0.3432728006343126,11.630757104871618,2937.591005071901,10.0,0.9959523147588684,0.0014327984298333,0.0026148868112981,True,3.2038484637462346
r21c31,26.5,99.5,26.0,27.0,99.0,100.0,9460,9328,389,0,0,41.6691,71.5821,127.9146,1.543531966846041,0.9908931332898838,0.5902032585730798,0.3100319798082626,10.322302870099843,1301.628509517069,10.0,0.9248561138924144,0.0681620001397534,0.0069818859678312,True,3.975891136401793
r21c32,26.5,100.5,26.0,27.0,100.0,101.0,12353,12204,421,0,0,41.1582,70.2322,124.377,1.5396823921125258,0.946154363915983,0.5854939090807477,0.3138295239299117,13.866775456896187,1311.167057015933,10.0,0.8282007019406542,0.1528956179634699,0.0189036800958776,True,4.091772441419683
r21c33,26.5,101.5,26.0,27.0,101.0,102.0,370,368,140,0,0,40.5739,68.226,117.1602,1.5012150096417096,0.8168912614444881,0.5888750476561196,0.3174907128746342,16.767756291321312,1504.426605429628,10.0,0.8646762581615847,0.1206413189141724,0.0146824229242436,True,2.568201724066995
r22c02,27.5,70.5,27.0,28.0,70.0,71.0,15526,15170,256,0,0,39.0526,63.7075,103.351,0.1997723833496672,0.005627883014391,0.1315701946502881,0.094964105096351,27.21688695547288,213.7084339771018,60.0,0.9437289629383792,0.0541692790960679,0.0021017579655526,True,4.191059581827398
r22c03,27.5,71.5,27.0,28.0,71.0,72.0,7950,7756,242,0,0,37.9878,61.5267,101.1878,0.1766344818879089,0.0047695275319999,0.1465115104126514,0.1058967542069576,27.178745504671856,204.79953394696307,60.0,0.8530959622135752,0.1462537836224058,0.0006502541640119,True,3.9003671286564705
r22c16,27.5,84.5,27.0,28.0,84.0,85.0,263980,257706,685,0,0,42.6274,74.1225,134.1764,1.278134745224565,0.4088966805343859,0.6020976234729426,0.3531007035057147,22.06347015290052,2210.2137826322246,10.0,0.6724971212181651,0.3168513662494759,0.0106515125323428,True,5.421571024526401
r22c17,27.5,85.5,27.0,28.0,85.0,86.0,669865,653595,678,0,0,38.7049,64.3509,113.3241,1.5140186448452475,0.7063851257136968,0.6081975559669471,0.3471899841269462,17.624014650135308,2723.604398406219,10.0,0.8430509780882522,0.1546321129780662,0.0023169089336752,True,5.825987286786528
r22c18,27.5,86.5,27.0,28.0,86.0,87.0,17869,17800,429,0,0,39.0294,64.8999,112.4524,1.3672313847933113,0.7943380425554354,0.4787117214987557,0.261591943455967,8.885638226115974,2851.2420657935872,10.0,0.8805915216787279,0.029107875584113,0.0038331690885649,True,4.252100248832793
r22c19,27.5,87.5,27.0,28.0,87.0,88.0,10592,10540,420,0,0,42.8467,74.9605,137.845,1.4012196059411195,0.8444989287907585,0.4643203325855188,0.25677671227045,6.796529075081371,3603.626997942862,10.0,0.9085451191283732,0.0119869676122282,0.0027126809765967,True,4.024977972095625
r22c20,27.5,88.5,27.0,28.0,88.0,89.0,460637,459831,622,0,0,42.6002,74.4289,137.427,1.2376949136566702,0.7344545753685651,0.38119803380869,0.2041398314946725,4.937409398966935,3787.796704156453,10.0,0.8551487176119741,0.0013167830903658,0.0027891845620553,True,5.663358819104673
r22c21,27.5,89.5,27.0,28.0,89.0,90.0,193036,192033,624,0,0,41.4211,71.1239,128.6664,1.1452831637971204,0.7277439578344261,0.4951766626214863,0.2458497137468789,5.620973026841113,3082.684983586232,10.0,0.9796356694418742,0.0043183111885027,0.0026269996704877,True,5.285638309750678
r22c22,27.5,90.5,27.0,28.0,90.0,91.0,211026,210344,615,0,0,43.8829,78.2012,148.4096,1.376735123011219,0.8538627026924028,0.5348610626283588,0.2611469564656967,5.69815913156415,3320.9514001979733,10.0,0.9787045123714831,0.0016214818215629,0.003605552137306,True,5.324335966960689
r22c23,27.5,91.5,27.0,28.0,91.0,92.0,146324,145869,586,0,0,43.4892,76.9358,143.975,1.545506971530753,0.9461334809450244,0.5671962934873324,0.2859553327813376,7.022032518717492,3503.281376539804,10.0,0.984768890984158,0.001513039792274,0.0020753763592536,True,5.165315564763215
r22c24,27.5,92.5,27.0,28.0,92.0,93.0,461053,459025,592,0,0,43.8808,78.1136,147.6352,1.6426679128473771,0.9842828097290384,0.4766434651131589,0.2548351972513207,7.82742390162635,5128.7132145076575,10.0,0.9354370376840192,0.0009163842671465,0.0031171938625434,True,5.663750852254083
r22c25,27.5,93.5,27.0,28.0,93.0,94.0,24790,24563,473,0,0,42.6537,74.5396,137.3641,2.182788175114953,1.1686283657158745,0.6659999651880423,0.3731181686564734,15.660908851227662,4391.766774446902,10.0,0.9698931293554776,0.029078363024106,0.0010285076204107,True,4.394276526767821
r22c26,27.5,94.5,27.0,28.0,94.0,95.0,33111,31773,415,0,0,38.6394,63.9802,110.4114,1.7998141761081323,0.8425986444862049,0.5981829009583052,0.3439627531749377,21.65813752410177,2940.87236615474,10.0,0.613747879074213,0.3143667894846184,0.071885331441156,True,4.519972297270452
r22c27,27.5,95.5,27.0,28.0,95.0,96.0,374004,364836,605,0,0,43.1242,76.0011,142.2346,1.7945958394437926,0.7456217664488943,0.6189313038679043,0.3711006779278963,22.85862508674218,2344.185218939442,10.0,0.6871880061444545,0.2365835917261115,0.0762284021294214,True,5.572876247036411
r22c28,27.5,96.5,27.0,28.0,96.0,97.0,128240,127599,587,0,0,42.8416,74.9558,137.829,2.367946750740994,1.2896991999891163,0.6821944852994082,0.3814084783949775,15.894486273829155,3223.2842012899373,10.0,0.9760894618301398,0.0194419877600817,0.0044685504097786,True,5.108023509346088
r22c29,27.5,97.5,27.0,28.0,97.0,98.0,15727,15657,499,0,0,42.5773,74.241,136.1543,2.321329309383823,1.3594246779820645,0.6475973968538542,0.3687339340858789,13.915545967879392,5318.728563393642,10.0,0.98042626145233,0.0147675277365832,0.0021831668696614,True,4.1966458867870875
r22c30,27.5,98.5,27.0,28.0,98.0,99.0,5903,5853,348,0,0,42.328,73.1451,130.5627,1.544639325870023,0.9807859149667442,0.5616252272432722,0.2870309101969273,8.448773191270373,3706.713249697189,10.0,0.997177695973622,0.0004236660236384,0.0023337629066827,True,3.7710727832211948
r22c31,27.5,99.5,27.0,28.0,99.0,100.0,11378,11286,420,0,0,40.9642,69.8893,124.8992,1.29690083605549,0.8784871613421913,0.5722531706278217,0.2814790205812655,6.982718003174031,1364.537281759138,10.0,0.9657532442144326,0.0263294240077047,0.0079173317778624,True,4.056065929431753
r22c32,27.5,100.5,27.0,28.0,100.0,101.0,3334,3317,328,0,0,40.971,69.9906,125.7725,1.307666922621942,0.8752284566283106,0.5796382585101434,0.2777640246252896,9.783949584117662,1360.9188851928266,10.0,0.9573027686161474,0.0319244834834315,0.0098447174895042,True,3.5229655954919865
r23c03,28.5,71.5,28.0,29.0,71.0,72.0,390,379,123,0,0,39.2916,64.2132,104.3012,0.3992300716329376,0.0249700475282182,0.1488977201720565,0.1042257620895162,26.930064080870167,218.86174048384865,60.0,0.9212449417003284,0.0785408612021004,0.0002141970975699,True,2.591064607026499
r23c04,28.5,72.5,28.0,29.0,72.0,73.0,2544,2490,169,0,0,38.7438,62.8312,100.2736,0.2376186612571179,0.0266917237333294,0.1579214972423116,0.111809254012038,26.90652394851459,225.12851828252172,60.0,0.8371942447807816,0.1621197472420629,0.0006860079771571,True,3.4055171069763763
r23c05,28.5,73.5,28.0,29.0,73.0,74.0,7872,7662,243,0,0,36.0351,57.9505,96.7874,0.1791654950021955,0.0070163005194968,0.1788674297049546,0.1265945292175531,26.37729398440073,271.6589864138943,60.0,0.6953583181286644,0.304359202991776,0.0002824788795605,True,3.896085085423285
r23c13,28.5,81.5,28.0,29.0,81.0,82.0,53403,52567,541,0,0,42.568,73.9537,133.7271,1.2492859189014174,0.4786796552944813,0.6100000247729409,0.3565952114541353,20.17599532071057,1756.434570285701,10.0,0.7554547265117696,0.2259594221916582,0.0185858512965729,True,4.727565654909628
r23c14,28.5,82.5,28.0,29.0,82.0,83.0,3675,3634,357,0,0,40.1071,68.1064,122.414,1.5005252621004188,0.8664420212246333,0.5906901706451803,0.3229039281621295,12.3633545274904,2072.608485561795,10.0,0.9439639446173652,0.05216182194288,0.0018161730315277,True,3.5652573434202135
r23c15,28.5,83.5,28.0,29.0,83.0,84.0,145597,143251,637,0,0,42.7881,75.1051,140.5836,1.2545127064462644,0.7553043730600227,0.4082353288953386,0.2235006824142029,5.2140634121580645,2324.875466605691,10.0,0.8739160764019075,0.0174023592444252,0.0030174597253989,True,5.163152426509515
r23c16,28.5,84.5,28.0,29.0,84.0,85.0,36459,35617,533,0,0,41.6309,71.5849,129.3674,1.0211326030901744,0.6101347613157005,0.315813462743916,0.1680515676560183,1.750185454230729,2509.5093468366254,10.0,0.8394089497847541,0.0166548584701799,0.0019836029331591,True,4.561804752622913
r23c17,28.5,85.5,28.0,29.0,85.0,86.0,34657,34548,472,0,0,41.6881,71.4587,126.4614,0.4737988809609565,0.3127848706782989,0.1730304513329022,0.0881934142364407,-3.288899176482905,1407.8700799104329,60.0,0.8369413984862283,0.0004596395713754,0.0310624580559115,True,4.539790966345741
r23c18,28.5,86.5,28.0,29.0,86.0,87.0,1247,1247,154,0,0,32.6968,50.4426,80.6974,0.0944249294976876,0.0658332856798306,0.1022687282607498,0.0578318183699764,-3.317717389430201,737.5240888362073,60.0,0.8803229868347046,0.0,0.0037927527251806,True,3.0958664534785427
r23c19,28.5,87.5,28.0,29.0,87.0,88.0,422,422,78,0,0,32.7413,48.0423,67.6393,0.1023448153093936,0.071490048771142,0.1151070678490695,0.0688200229034468,-1.1757109661047134,830.3895384016816,60.0,0.9632432199796888,0.0008242803448733,0.0117570114263974,True,2.625312450961674
r23c20,28.5,88.5,28.0,29.0,88.0,89.0,4773,4765,149,0,0,25.2176,34.9983,51.7681,0.1127041315379689,0.0791758501603585,0.1280489007366981,0.0786585533828206,-0.3503088164674364,953.6863602656606,60.0,0.9821456557720162,0.0007839326170794,0.0093158947816701,True,3.678791434366244
r23c21,28.5,89.5,28.0,29.0,89.0,90.0,737,737,143,0,0,36.7725,59.2215,97.2731,0.1286336049198496,0.0901953220236632,0.1433392144681564,0.0840190445963537,-0.8629220319745272,845.4194366879569,30.0,0.9472651242073148,0.0089517367600315,0.0103246670897112,True,2.8674674878590514
r23c22,28.5,90.5,28.0,29.0,90.0,91.0,889,888,152,0,0,38.2705,61.9187,100.038,0.1318843019884066,0.0925632540729285,0.1243214983495198,0.0658236515666981,-2.529778900389046,942.9807391369126,30.0,0.8114933857050739,0.0004640069823359,0.0787580847184189,True,2.9489017609702137
r23c23,28.5,91.5,28.0,29.0,91.0,92.0,967,965,171,0,0,37.7616,61.3556,102.207,0.1666370465581603,0.1162947822841222,0.181236586191161,0.0975060244019262,-2.1364479496125512,1078.8266746894656,30.0,0.9606709092747364,0.0002565595951627,0.0111378350800429,True,2.9854264740830017
r23c25,28.5,93.5,28.0,29.0,93.0,94.0,455,455,143,0,0,37.5959,62.0289,108.3147,0.983273663983058,0.6275421043424992,0.4023545753292094,0.205077517130123,4.243272472817082,3014.027301361766,10.0,0.9445923447471396,2.017421662330122e-05,0.0018323726714207,True,2.6580113966571126
r23c26,28.5,94.5,28.0,29.0,94.0,95.0,10703,10669,354,0,0,41.6955,71.2271,124.6081,1.7704203653194868,0.999908405243794,0.6191216902958065,0.3295686832451718,12.600984193789118,4859.940815250039,10.0,0.9928220279535226,0.001845994794918,0.0029579902880769,True,4.029505525426577
r23c27,28.5,95.5,28.0,29.0,95.0,96.0,209380,208629,600,0,0,44.1009,78.7639,149.7992,1.8239647607553988,1.005002717631351,0.6454926022276022,0.3430583826676486,13.010906738593626,4826.285487484425,10.0,0.9756918094895723,0.0152822459931632,0.0090057703006417,True,5.3209351954685955
r23c28,28.5,96.5,28.0,29.0,96.0,97.0,4817,4796,334,0,0,40.4178,68.3964,120.952,1.0594367660039712,0.6621691754902355,0.4100502880723565,0.2066545590573428,4.638969158884327,3140.5010657820826,10.0,0.9570632559775492,0.0003631231725668,0.005137045770687,True,3.682776646314434
r23c29,28.5,97.5,28.0,29.0,97.0,98.0,28364,28314,332,0,0,39.0792,64.2869,107.6993,0.5525652136153825,0.3710787766596033,0.2892375154904194,0.1369697646243571,0.3019268382081959,1797.1988870325854,10.0,0.9562600567700442,0.0006657375086005,0.0044742465595848,True,4.452767476702499
r23c30,28.5,98.5,28.0,29.0,98.0,99.0,2263,2232,263,0,0,40.4973,68.1862,118.2583,0.6475266065721857,0.4422353580811944,0.3706863514851544,0.1715146220605288,2.2410522288622587,1552.3584572678924,10.0,0.9641702748187164,0.0002824390327262,0.0046486933120336,True,3.3546845539547285
r23c31,28.5,99.5,28.0,29.0,99.0,100.0,1034,1013,194,0,0,39.8903,66.2667,112.2179,0.7549333189139747,0.5235842455258305,0.4749344956631237,0.2119794741709511,3.4735166421359134,1196.710349792034,10.0,0.9954425272929784,0.0019452801068072,0.0022894164468215,True,3.0145205387579237
r23c32,28.5,100.5,28.0,29.0,100.0,101.0,715,713,129,0,0,33.1544,51.7219,83.7608,0.8336986870908191,0.5751965383039344,0.5206216811191556,0.2303568212209312,4.19165300113294,1336.552604756954,10.0,0.9955600112880668,0.0011701044715791,0.0023216961340745,True,2.8543060418010806
r24c10,29.5,78.5,29.0,30.0,78.0,79.0,592290,582133,597,0,0,43.027,75.5682,140.3546,0.9304778364224956,0.2679356507054859,0.5773366861809408,0.3517129671875443,21.67204200174789,1112.1910247264311,10.0,0.5228569599862247,0.4616435092901507,0.015499530723619,True,5.772534400239321
r24c11,29.5,79.5,29.0,30.0,79.0,80.0,1203170,1194119,659,0,0,42.9425,75.265,138.9841,1.314656239531174,0.568350567926183,0.6240788685186806,0.3491780476317743,18.115670420036487,2067.3388562209925,10.0,0.8741836095251359,0.1241619298401082,0.0016544606347558,True,6.080326994626484
r24c12,29.5,80.5,29.0,30.0,80.0,81.0,34445,34254,474,0,0,42.5725,74.2222,135.8757,1.448190976000742,0.7510923825939161,0.6152272000559301,0.3331212863082239,13.876274233096858,2307.09067936012,10.0,0.966355893233359,0.0246197406061426,0.0036392108112316,True,4.537126189088166
r24c13,29.5,81.5,29.0,30.0,81.0,82.0,3448,3434,292,0,0,41.0077,70.2595,126.3908,1.2123798371785903,0.7687986973090543,0.4854423494405472,0.2508546656708341,7.045578088172651,1846.2712648147772,10.0,0.9378835880036972,0.0164138161309516,0.0016727380334468,True,3.5375672571526753
r24c14,29.5,82.5,29.0,30.0,82.0,83.0,4277,4265,303,0,0,40.9587,69.6718,122.6042,0.4618842369317587,0.3162468380309376,0.2560000628624929,0.1241852457736806,-2.267384066670428,1254.3071203376132,30.0,0.895070022971362,0.0016176401822295,0.0042082381204326,True,3.631139250256811
r24c15,29.5,83.5,29.0,30.0,83.0,84.0,2295,2293,136,0,0,30.6698,44.7241,65.9248,0.0872697403579315,0.0609025515820625,0.1127104910228328,0.0665435890762167,-4.673003558948544,604.9125228062344,60.0,0.9576982214189456,2.0175993210738733e-05,0.0137811528214385,True,3.36078268987328
r24c20,29.5,88.5,29.0,30.0,88.0,89.0,1022,1016,106,0,0,33.2473,50.0567,74.1749,0.1519196566915829,0.1065937031711685,0.1792896408764586,0.1041240109420308,1.3379731357714555,761.8244326442717,30.0,0.970771869411794,0.0197451764145329,0.0069407790291201,True,3.009450895798694
r24c22,29.5,90.5,29.0,30.0,90.0,91.0,1727,1727,127,0,0,33.493,50.6149,76.5074,0.241117165944126,0.1687659099701466,0.222590471192253,0.1298695533595262,0.4887851014198812,931.6296294927846,30.0,0.9537009754275804,0.0118917028522236,0.0250033231633984,True,3.237292337567459
r24c23,29.5,91.5,29.0,30.0,91.0,92.0,8229,8218,203,0,0,33.6969,51.1963,78.0792,0.3241609886918347,0.2245629691696475,0.274260232402269,0.1538043926424461,1.3124086211214612,934.7260797964258,30.0,0.939518330678456,0.0362887800564647,0.0241928892650788,True,3.9153470623241917
r24c24,29.5,92.5,29.0,30.0,92.0,93.0,309,309,66,0,0,27.7793,40.0947,60.5447,0.2418287912374341,0.1664266211198599,0.2538038473660267,0.1313311035697051,-3.405158378156192,1128.365101932161,30.0,0.9872816067244456,0.0016407435463322,0.0049599716175182,True,2.4899584794248346
r24c26,29.5,94.5,29.0,30.0,94.0,95.0,5034,5019,309,0,0,37.1515,60.0106,99.924,0.5640782472420783,0.372991382391789,0.3423904105604923,0.1663137512505972,1.0798819134763749,2686.9274478688144,10.0,0.9040748856417103,0.0040553034040258,0.0202129835378655,True,3.701913211212344
r24c27,29.5,95.5,29.0,30.0,95.0,96.0,25159,25035,431,0,0,42.644,74.1704,134.0501,0.7900050047755264,0.5182715911631095,0.3626866323353358,0.1786921049563361,3.069130381606913,3514.908355375442,10.0,0.8632019787064358,0.0003228215872694,0.0085902982618273,True,4.4006933751232795
r24c28,29.5,96.5,29.0,30.0,96.0,97.0,1479,1474,140,0,0,31.0226,47.4255,74.6178,0.2347230487109643,0.1584599613882304,0.1291525078970053,0.0601461879860981,-4.450929650044834,1731.2581013084846,100.0,0.7520792973814003,2.017563882599938e-05,0.0083652154580206,True,3.1699681739968923
r24c32,29.5,100.5,29.0,30.0,100.0,101.0,727,724,162,0,0,38.3616,62.6237,104.2478,0.4883563433572028,0.3345166957095553,0.4234513802942922,0.209934555979282,1.4213352568964204,1196.90097624779,30.0,0.9940520117839384,0.0013518155036503,0.0045961727124112,True,2.8615344108590377
r24c33,29.5,101.5,29.0,30.0,101.0,102.0,626,625,139,0,0,36.8946,59.0625,97.0081,0.5508218004328362,0.3753917589401492,0.4278218102922123,0.1977369381430141,1.695981930899889,1423.059343240976,30.0,0.967737772962956,0.0008095937292048,0.0033657516298087,True,2.7965743332104296
r25c09,30.5,77.5,30.0,31.0,77.0,78.0,733018,723520,583,0,0,40.1659,67.5715,118.4082,1.0680835428676332,0.4414677324098881,0.589017666972415,0.3393088398952925,18.603045190561776,1446.5088402766085,10.0,0.699707242382436,0.297528804790778,0.0027639528267871,True,5.865114639313287
r25c10,30.5,78.5,30.0,31.0,78.0,79.0,582611,576543,566,0,0,39.3642,65.3664,112.4678,1.374453280024713,0.7592274386892842,0.5810662806244734,0.3029393813186264,11.483248036540454,1685.6090966629995,10.0,0.9317482665763644,0.0317009922853893,0.0063754227488635,True,5.765378680075724
r25c11,30.5,79.5,30.0,31.0,79.0,80.0,193786,193499,430,0,0,41.351,70.23,121.3705,1.102971869088908,0.7013859873013597,0.3285970519375306,0.1646667711563419,0.8284475019581042,1658.6187680165358,10.0,0.78497165235208,0.0027437418673726,0.0013315217885779,True,5.287322398399114
r25c12,30.5,80.5,30.0,31.0,80.0,81.0,147424,147317,343,0,0,37.7415,61.0517,100.3334,0.3528246460276666,0.2355769029699469,0.132631172347512,0.0681514557259039,-5.669730500484441,1025.751182839959,60.0,0.8679543077014261,4.034772779397575e-05,0.0014928659283771,True,5.168568190572586
r25c13,30.5,81.5,30.0,31.0,81.0,82.0,693,688,117,0,0,35.8202,55.6891,85.0214,0.1059811952305091,0.0744397851790917,0.0904458942791339,0.0503505112644723,-6.868271558204616,715.0953137438062,60.0,0.8804799776070159,6.0523717662632985e-05,0.0656582650516358,True,2.8407332346118066
r25c22,30.5,90.5,30.0,31.0,90.0,91.0,497,492,72,0,0,30.299,43.132,59.5446,0.1753045866332034,0.1235161570343067,0.1367077555896882,0.0834722127456392,-2.577639298629361,810.9347716523979,30.0,0.7526797568259869,9.090425045015098e-05,0.1911917341532509,True,2.696356388733332
r25c23,30.5,91.5,30.0,31.0,91.0,92.0,1533,1533,100,0,0,14.4299,25.176,47.5396,0.2464766237282545,0.1704503779327452,0.2307095398031653,0.1313204062185206,-4.128456712776783,902.882123229984,30.0,0.9773813011382728,0.0007568759054999,0.0121862796048486,True,3.185542154854375
r25c25,30.5,93.5,30.0,31.0,93.0,94.0,352,352,105,0,0,35.5975,57.0322,91.8869,0.1857256555888723,0.1265880029709168,0.1703528827003736,0.083060666769302,-6.935316832938296,1079.329246959814,60.0,0.8550576427095846,4.034914510842186e-05,0.0063386924645914,True,2.546542663478131
r25c27,30.5,95.5,30.0,31.0,95.0,96.0,615,607,175,0,0,40.2484,67.3889,115.979,0.2802448205491459,0.189575526500973,0.21438625247978,0.1031997372543634,-4.045846896089404,1257.67825682499,30.0,0.8328989207236616,0.001250823498361,0.003964659528771,True,2.788875115775417
r25c31,30.5,99.5,30.0,31.0,99.0,100.0,285,284,90,0,0,35.2686,54.9069,85.7184,0.4249052793926309,0.2874039031202882,0.3600992251490152,0.191151995388954,-1.5123321298139525,1075.9582566786885,30.0,0.9909720772363104,0.0002926396962939,0.0026831238982993,True,2.45484486000851
r25c33,30.5,101.5,30.0,31.0,101.0,102.0,2112,2103,219,0,0,37.7612,61.5157,103.1261,0.6375375100907289,0.4282588980204967,0.4749966085787384,0.2329691076444005,2.0274874951854995,1271.4837735798103,10.0,0.9915837901805188,0.0037101576959427,0.0038471050469252,True,3.3246939138617746
