case_id,their_cell_id,our_cell_id,west,south,overlap_area_km2,cell_overlap_fraction,region_area_fraction,center_in_region,in_our_model_221
western_ghats,g100_r098_c256,r03c08,76.0,8.0,277.073691,0.022753334403,0.002215011544,False,False
western_ghats,g100_r098_c257,r03c09,77.0,8.0,3140.055153,0.257861815098,0.025102558027,True,True
western_ghats,g100_r099_c256,r04c08,76.0,9.0,2792.085062,0.229904571865,0.022320779054,False,True
western_ghats,g100_r099_c257,r04c09,77.0,9.0,6205.07964,0.510935786833,0.049605298042,True,True
western_ghats,g100_r100_c256,r05c08,76.0,10.0,6598.550746,0.544965967897,0.052750826002,True,True
western_ghats,g100_r100_c257,r05c09,77.0,10.0,3549.308466,0.293132901107,0.028374253756,False,True
western_ghats,g100_r101_c255,r06c07,75.0,11.0,2389.541145,0.198002525518,0.019102720281,False,False
western_ghats,g100_r101_c256,r06c08,76.0,11.0,10731.415595,0.889228207952,0.085790207363,True,True
western_ghats,g100_r101_c257,r06c09,77.0,11.0,2769.591703,0.229494333256,0.022140960287,False,True
western_ghats,g100_r102_c255,r07c07,75.0,12.0,8887.170381,0.739076908085,0.071046748967,True,True
western_ghats,g100_r102_c256,r07c08,76.0,12.0,4478.988281,0.372482654005,0.035806397581,False,False
western_ghats,g100_r103_c254,r08c06,74.0,13.0,1567.793278,0.130894206885,0.012533417355,False,False
western_ghats,g100_r103_c255,r08c07,75.0,13.0,10299.190341,0.859873791943,0.082334866937,True,True
western_ghats,g100_r103_c256,r08c08,76.0,13.0,173.087832,0.014451008785,0.001383716886,False,False
western_ghats,g100_r104_c254,r09c06,74.0,14.0,7242.128691,0.607211704438,0.057895784267,True,True
western_ghats,g100_r104_c255,r09c07,75.0,14.0,5931.801419,0.497348142188,0.047420628646,False,False
western_ghats,g100_r105_c253,r10c05,73.0,15.0,417.225953,0.035141923532,0.003335431448,False,False
western_ghats,g100_r105_c254,r10c06,74.0,15.0,7812.7582,0.65804955096,0.062457570496,True,True
western_ghats,g100_r105_c255,r10c07,75.0,15.0,337.431854,0.028421061325,0.002697533094,False,False
western_ghats,g100_r106_c253,r11c05,73.0,16.0,5344.276891,0.452337839014,0.042723778486,False,True
western_ghats,g100_r106_c254,r11c06,74.0,16.0,1277.272535,0.108107927437,0.010210905978,False,False
western_ghats,g100_r107_c253,r12c05,73.0,17.0,7051.583614,0.599958646467,0.056372508838,True,True
western_ghats,g100_r107_c254,r12c06,74.0,17.0,0.734346,6.2479205e-05,5.870587e-06,False,False
western_ghats,g100_r108_c252,r13c04,72.0,18.0,30.993599,0.002651611527,0.000247772275,False,False
western_ghats,g100_r108_c253,r13c05,73.0,18.0,7299.199586,0.624472233851,0.058352026399,True,True
western_ghats,g100_r109_c252,r14c04,72.0,19.0,417.354954,0.035916249784,0.003336462715,False,False
western_ghats,g100_r109_c253,r14c05,73.0,19.0,6030.388143,0.518956166702,0.048208760969,True,False
western_ghats,g100_r110_c252,r15c04,72.0,20.0,789.556433,0.068369473989,0.006311954797,False,False
western_ghats,g100_r110_c253,r15c05,73.0,20.0,8045.625714,0.696688893635,0.064319184386,True,True
western_ghats,g100_r111_c253,r16c05,73.0,21.0,3201.787369,0.279070106333,0.025596064181,False,False
deccan_drylands,g100_r102_c256,r07c08,76.0,12.0,123.178055,0.010243761753,0.00039987917,False,False
deccan_drylands,g100_r102_c258,r07c10,78.0,12.0,2468.747686,0.2053065631,0.008014420877,False,False
deccan_drylands,g100_r102_c259,r07c11,79.0,12.0,4516.6427,0.375614079438,0.01466260637,True,False
deccan_drylands,g100_r103_c256,r08c08,76.0,13.0,8020.411711,0.669619805302,0.026037069493,True,False
deccan_drylands,g100_r103_c257,r08c09,77.0,13.0,10602.929276,0.885232790157,0.0344208273,True,False
deccan_drylands,g100_r103_c258,r08c10,78.0,13.0,11917.220454,0.994962244789,0.03868747744,True,False
deccan_drylands,g100_r103_c259,r08c11,79.0,13.0,7814.285568,0.652410445882,0.025367911736,True,False
deccan_drylands,g100_r104_c255,r09c07,75.0,14.0,4910.740927,0.411737970353,0.015941987442,True,False
deccan_drylands,g100_r104_c256,r09c08,76.0,14.0,11881.372198,0.996186145109,0.038571101425,True,False
deccan_drylands,g100_r104_c257,r09c09,77.0,14.0,11844.556527,0.993099358458,0.038451584845,True,False
deccan_drylands,g100_r104_c258,r09c10,78.0,14.0,8449.254702,0.708422422187,0.027429244255,True,False
deccan_drylands,g100_r104_c259,r09c11,79.0,14.0,9625.729442,0.807063203421,0.031248493897,True,False
deccan_drylands,g100_r104_c260,r09c12,80.0,14.0,553.2093,0.046383484272,0.001795911422,False,False
deccan_drylands,g100_r105_c254,r10c06,74.0,15.0,3346.6809,0.281882762408,0.010864500016,False,True
deccan_drylands,g100_r105_c255,r10c07,75.0,15.0,11535.16678,0.971578938647,0.037447197211,True,False
deccan_drylands,g100_r105_c256,r10c08,76.0,15.0,11872.598634,0.999999999971,0.038542619359,True,False
deccan_drylands,g100_r105_c257,r10c09,77.0,15.0,9494.331025,0.799684325032,0.030821928548,True,False
deccan_drylands,g100_r105_c259,r10c11,79.0,15.0,9060.474657,0.763141662236,0.029413478606,True,False
deccan_drylands,g100_r105_c260,r10c12,80.0,15.0,2726.461363,0.229643184907,0.008851049865,False,False
deccan_drylands,g100_r105_c261,r10c13,81.0,15.0,6.401598,0.000539191011,2.0781834e-05,False,False
deccan_drylands,g100_r106_c254,r11c06,74.0,16.0,7424.433348,0.628401597624,0.024102314694,True,False
deccan_drylands,g100_r106_c255,r11c07,75.0,16.0,11814.790695,1,0.038354954516,True,False
deccan_drylands,g100_r106_c256,r11c08,76.0,16.0,11814.790695,1,0.038354954516,True,False
deccan_drylands,g100_r106_c257,r11c09,77.0,16.0,8157.214979,0.690423993955,0.026481180884,True,False
deccan_drylands,g100_r106_c258,r11c10,78.0,16.0,595.022455,0.050362504949,0.001931651587,False,False
deccan_drylands,g100_r106_c259,r11c11,79.0,16.0,2728.251943,0.230918347476,0.008856862714,False,False
deccan_drylands,g100_r106_c260,r11c12,80.0,16.0,5676.683609,0.48047263433,0.018428506035,True,False
deccan_drylands,g100_r106_c261,r11c13,81.0,16.0,80.252586,0.006792552483,0.000260528042,False,False
deccan_drylands,g100_r107_c253,r12c05,73.0,17.0,59.056795,0.005024635175,0.000191719072,False,True
deccan_drylands,g100_r107_c254,r12c06,74.0,17.0,10311.090508,0.877282074987,0.033473416299,True,False
deccan_drylands,g100_r107_c255,r12c07,75.0,17.0,11753.449434,0.999999999965,0.038155819266,True,False
deccan_drylands,g100_r107_c256,r12c08,76.0,17.0,11753.449434,0.999999999965,0.038155819266,True,False
deccan_drylands,g100_r107_c257,r12c09,77.0,17.0,3346.47125,0.284722478152,0.010863819418,False,False
deccan_drylands,g100_r108_c253,r13c05,73.0,18.0,463.757959,0.039676126848,0.001505520994,False,True
deccan_drylands,g100_r108_c254,r13c06,74.0,18.0,11650.925128,0.996777681575,0.037822989409,True,False
deccan_drylands,g100_r108_c255,r13c07,75.0,18.0,11688.589485,0.999999999984,0.037945261123,True,False
deccan_drylands,g100_r108_c256,r13c08,76.0,18.0,10882.000694,0.930993487923,0.035326791004,True,False
deccan_drylands,g100_r108_c257,r13c09,77.0,18.0,1328.066554,0.11362077137,0.004311369839,False,False
deccan_drylands,g100_r109_c253,r14c05,73.0,19.0,2329.431843,0.200463550839,0.007562152789,False,False
deccan_drylands,g100_r109_c254,r14c06,74.0,19.0,11502.196659,0.98984273401,0.037340164634,True,False
deccan_drylands,g100_r109_c255,r14c07,75.0,19.0,9351.400673,0.804752021142,0.030357926493,True,False
deccan_drylands,g100_r109_c256,r14c08,76.0,19.0,4389.257475,0.377725642217,0.014249069253,False,False
deccan_drylands,g100_r110_c253,r15c05,73.0,20.0,592.098064,0.051271108027,0.001922157988,False,True
deccan_drylands,g100_r110_c254,r15c06,74.0,20.0,7764.227631,0.672321998337,0.025205406114,True,False
deccan_drylands,g100_r110_c255,r15c07,75.0,20.0,3559.857126,0.30825606491,0.011556544814,False,False
deccan_drylands,g100_r111_c254,r16c06,74.0,21.0,5587.59036,0.487018423177,0.018139278098,True,False
deccan_drylands,g100_r111_c255,r16c07,75.0,21.0,663.437229,0.057825669424,0.002153749938,False,False
eastern_himalaya_foothills,g100_r116_c268,r21c20,88.0,26.0,435.242396,0.039405945067,0.089255706063,False,False
eastern_himalaya_foothills,g100_r116_c269,r21c21,89.0,26.0,702.264101,0.063581537087,0.144014183028,False,True
eastern_himalaya_foothills,g100_r116_c270,r21c22,90.0,26.0,1090.566903,0.098737668512,0.223643927408,False,True
eastern_himalaya_foothills,g100_r116_c271,r21c23,91.0,26.0,1022.966946,0.092617308481,0.209781119272,False,True
eastern_himalaya_foothills,g100_r116_c272,r21c24,92.0,26.0,113.273397,0.010255538742,0.023229118092,False,False
eastern_himalaya_foothills,g100_r117_c268,r22c20,88.0,27.0,236.639538,0.021612147312,0.048527967937,False,True
eastern_himalaya_foothills,g100_r117_c269,r22c21,89.0,27.0,42.171405,0.003851489174,0.008648143123,False,True
eastern_himalaya_foothills,g100_r117_c270,r22c22,90.0,27.0,574.225449,0.052443666378,0.117757135545,False,True
eastern_himalaya_foothills,g100_r117_c271,r22c23,91.0,27.0,648.385857,0.059216692024,0.132965303741,False,True
eastern_himalaya_foothills,g100_r117_c272,r22c24,92.0,27.0,10.617727,0.00096971067,0.002177390689,False,True
