case_id,cell_id,resolution_deg,overlap_area_km2,cell_overlap_fraction,region_area_fraction,center_in_region,selection_rule
western_ghats,g100_r098_c256,1,277.073691,0.022753334403,0.002215011544,False,positive_area_overlap_gt_1m2
western_ghats,g100_r098_c257,1,3140.055153,0.257861815098,0.025102558027,True,positive_area_overlap_gt_1m2
western_ghats,g100_r099_c256,1,2792.085062,0.229904571865,0.022320779054,False,positive_area_overlap_gt_1m2
western_ghats,g100_r099_c257,1,6205.07964,0.510935786833,0.049605298042,True,positive_area_overlap_gt_1m2
western_ghats,g100_r100_c256,1,6598.550746,0.544965967897,0.052750826002,True,positive_area_overlap_gt_1m2
western_ghats,g100_r100_c257,1,3549.308466,0.293132901107,0.028374253756,False,positive_area_overlap_gt_1m2
western_ghats,g100_r101_c255,1,2389.541145,0.198002525518,0.019102720281,False,positive_area_overlap_gt_1m2
western_ghats,g100_r101_c256,1,10731.415595,0.889228207952,0.085790207363,True,positive_area_overlap_gt_1m2
western_ghats,g100_r101_c257,1,2769.591703,0.229494333256,0.022140960287,False,positive_area_overlap_gt_1m2
western_ghats,g100_r102_c255,1,8887.170381,0.739076908085,0.071046748967,True,positive_area_overlap_gt_1m2
western_ghats,g100_r102_c256,1,4478.988281,0.372482654005,0.035806397581,False,positive_area_overlap_gt_1m2
western_ghats,g100_r103_c254,1,1567.793278,0.130894206885,0.012533417355,False,positive_area_overlap_gt_1m2
western_ghats,g100_r103_c255,1,10299.190341,0.859873791943,0.082334866937,True,positive_area_overlap_gt_1m2
western_ghats,g100_r103_c256,1,173.087832,0.014451008785,0.001383716886,False,positive_area_overlap_gt_1m2
western_ghats,g100_r104_c254,1,7242.128691,0.607211704438,0.057895784267,True,positive_area_overlap_gt_1m2
western_ghats,g100_r104_c255,1,5931.801419,0.497348142188,0.047420628646,False,positive_area_overlap_gt_1m2
western_ghats,g100_r105_c253,1,417.225953,0.035141923532,0.003335431448,False,positive_area_overlap_gt_1m2
western_ghats,g100_r105_c254,1,7812.7582,0.65804955096,0.062457570496,True,positive_area_overlap_gt_1m2
western_ghats,g100_r105_c255,1,337.431854,0.028421061325,0.002697533094,False,positive_area_overlap_gt_1m2
western_ghats,g100_r106_c253,1,5344.276891,0.452337839014,0.042723778486,False,positive_area_overlap_gt_1m2
western_ghats,g100_r106_c254,1,1277.272535,0.108107927437,0.010210905978,False,positive_area_overlap_gt_1m2
western_ghats,g100_r107_c253,1,7051.583614,0.599958646467,0.056372508838,True,positive_area_overlap_gt_1m2
western_ghats,g100_r107_c254,1,0.734346,6.2479205e-05,5.870587e-06,False,positive_area_overlap_gt_1m2
western_ghats,g100_r108_c252,1,30.993599,0.002651611527,0.000247772275,False,positive_area_overlap_gt_1m2
western_ghats,g100_r108_c253,1,7299.199586,0.624472233851,0.058352026399,True,positive_area_overlap_gt_1m2
western_ghats,g100_r109_c252,1,417.354954,0.035916249784,0.003336462715,False,positive_area_overlap_gt_1m2
western_ghats,g100_r109_c253,1,6030.388143,0.518956166702,0.048208760969,True,positive_area_overlap_gt_1m2
western_ghats,g100_r110_c252,1,789.556433,0.068369473989,0.006311954797,False,positive_area_overlap_gt_1m2
western_ghats,g100_r110_c253,1,8045.625714,0.696688893635,0.064319184386,True,positive_area_overlap_gt_1m2
western_ghats,g100_r111_c253,1,3201.787369,0.279070106333,0.025596064181,False,positive_area_overlap_gt_1m2
deccan_drylands,g100_r102_c256,1,123.178055,0.010243761753,0.00039987917,False,positive_area_overlap_gt_1m2
deccan_drylands,g100_r102_c258,1,2468.747686,0.2053065631,0.008014420877,False,positive_area_overlap_gt_1m2
deccan_drylands,g100_r102_c259,1,4516.6427,0.375614079438,0.01466260637,True,positive_area_overlap_gt_1m2
deccan_drylands,g100_r103_c256,1,8020.411711,0.669619805302,0.026037069493,True,positive_area_overlap_gt_1m2
deccan_drylands,g100_r103_c257,1,10602.929276,0.885232790157,0.0344208273,True,positive_area_overlap_gt_1m2
deccan_drylands,g100_r103_c258,1,11917.220454,0.994962244789,0.03868747744,True,positive_area_overlap_gt_1m2
deccan_drylands,g100_r103_c259,1,7814.285568,0.652410445882,0.025367911736,True,positive_area_overlap_gt_1m2
deccan_drylands,g100_r104_c255,1,4910.740927,0.411737970353,0.015941987442,True,positive_area_overlap_gt_1m2
deccan_drylands,g100_r104_c256,1,11881.372198,0.996186145109,0.038571101425,True,positive_area_overlap_gt_1m2
deccan_drylands,g100_r104_c257,1,11844.556527,0.993099358458,0.038451584845,True,positive_area_overlap_gt_1m2
deccan_drylands,g100_r104_c258,1,8449.254702,0.708422422187,0.027429244255,True,positive_area_overlap_gt_1m2
deccan_drylands,g100_r104_c259,1,9625.729442,0.807063203421,0.031248493897,True,positive_area_overlap_gt_1m2
deccan_drylands,g100_r104_c260,1,553.2093,0.046383484272,0.001795911422,False,positive_area_overlap_gt_1m2
deccan_drylands,g100_r105_c254,1,3346.6809,0.281882762408,0.010864500016,False,positive_area_overlap_gt_1m2
deccan_drylands,g100_r105_c255,1,11535.16678,0.971578938647,0.037447197211,True,positive_area_overlap_gt_1m2
deccan_drylands,g100_r105_c256,1,11872.598634,0.999999999971,0.038542619359,True,positive_area_overlap_gt_1m2
deccan_drylands,g100_r105_c257,1,9494.331025,0.799684325032,0.030821928548,True,positive_area_overlap_gt_1m2
deccan_drylands,g100_r105_c259,1,9060.474657,0.763141662236,0.029413478606,True,positive_area_overlap_gt_1m2
deccan_drylands,g100_r105_c260,1,2726.461363,0.229643184907,0.008851049865,False,positive_area_overlap_gt_1m2
deccan_drylands,g100_r105_c261,1,6.401598,0.000539191011,2.0781834e-05,False,positive_area_overlap_gt_1m2
deccan_drylands,g100_r106_c254,1,7424.433348,0.628401597624,0.024102314694,True,positive_area_overlap_gt_1m2
deccan_drylands,g100_r106_c255,1,11814.790695,1,0.038354954516,True,positive_area_overlap_gt_1m2
deccan_drylands,g100_r106_c256,1,11814.790695,1,0.038354954516,True,positive_area_overlap_gt_1m2
deccan_drylands,g100_r106_c257,1,8157.214979,0.690423993955,0.026481180884,True,positive_area_overlap_gt_1m2
deccan_drylands,g100_r106_c258,1,595.022455,0.050362504949,0.001931651587,False,positive_area_overlap_gt_1m2
deccan_drylands,g100_r106_c259,1,2728.251943,0.230918347476,0.008856862714,False,positive_area_overlap_gt_1m2
deccan_drylands,g100_r106_c260,1,5676.683609,0.48047263433,0.018428506035,True,positive_area_overlap_gt_1m2
deccan_drylands,g100_r106_c261,1,80.252586,0.006792552483,0.000260528042,False,positive_area_overlap_gt_1m2
deccan_drylands,g100_r107_c253,1,59.056795,0.005024635175,0.000191719072,False,positive_area_overlap_gt_1m2
deccan_drylands,g100_r107_c254,1,10311.090508,0.877282074987,0.033473416299,True,positive_area_overlap_gt_1m2
deccan_drylands,g100_r107_c255,1,11753.449434,0.999999999965,0.038155819266,True,positive_area_overlap_gt_1m2
deccan_drylands,g100_r107_c256,1,11753.449434,0.999999999965,0.038155819266,True,positive_area_overlap_gt_1m2
deccan_drylands,g100_r107_c257,1,3346.47125,0.284722478152,0.010863819418,False,positive_area_overlap_gt_1m2
deccan_drylands,g100_r108_c253,1,463.757959,0.039676126848,0.001505520994,False,positive_area_overlap_gt_1m2
deccan_drylands,g100_r108_c254,1,11650.925128,0.996777681575,0.037822989409,True,positive_area_overlap_gt_1m2
deccan_drylands,g100_r108_c255,1,11688.589485,0.999999999984,0.037945261123,True,positive_area_overlap_gt_1m2
deccan_drylands,g100_r108_c256,1,10882.000694,0.930993487923,0.035326791004,True,positive_area_overlap_gt_1m2
deccan_drylands,g100_r108_c257,1,1328.066554,0.11362077137,0.004311369839,False,positive_area_overlap_gt_1m2
deccan_drylands,g100_r109_c253,1,2329.431843,0.200463550839,0.007562152789,False,positive_area_overlap_gt_1m2
deccan_drylands,g100_r109_c254,1,11502.196659,0.98984273401,0.037340164634,True,positive_area_overlap_gt_1m2
deccan_drylands,g100_r109_c255,1,9351.400673,0.804752021142,0.030357926493,True,positive_area_overlap_gt_1m2
deccan_drylands,g100_r109_c256,1,4389.257475,0.377725642217,0.014249069253,False,positive_area_overlap_gt_1m2
deccan_drylands,g100_r110_c253,1,592.098064,0.051271108027,0.001922157988,False,positive_area_overlap_gt_1m2
deccan_drylands,g100_r110_c254,1,7764.227631,0.672321998337,0.025205406114,True,positive_area_overlap_gt_1m2
deccan_drylands,g100_r110_c255,1,3559.857126,0.30825606491,0.011556544814,False,positive_area_overlap_gt_1m2
deccan_drylands,g100_r111_c254,1,5587.59036,0.487018423177,0.018139278098,True,positive_area_overlap_gt_1m2
deccan_drylands,g100_r111_c255,1,663.437229,0.057825669424,0.002153749938,False,positive_area_overlap_gt_1m2
eastern_himalaya_foothills,g100_r116_c268,1,435.242396,0.039405945067,0.089255706063,False,positive_area_overlap_gt_1m2
eastern_himalaya_foothills,g100_r116_c269,1,702.264101,0.063581537087,0.144014183028,False,positive_area_overlap_gt_1m2
eastern_himalaya_foothills,g100_r116_c270,1,1090.566903,0.098737668512,0.223643927408,False,positive_area_overlap_gt_1m2
eastern_himalaya_foothills,g100_r116_c271,1,1022.966946,0.092617308481,0.209781119272,False,positive_area_overlap_gt_1m2
eastern_himalaya_foothills,g100_r116_c272,1,113.273397,0.010255538742,0.023229118092,False,positive_area_overlap_gt_1m2
eastern_himalaya_foothills,g100_r117_c268,1,236.639538,0.021612147312,0.048527967937,False,positive_area_overlap_gt_1m2
eastern_himalaya_foothills,g100_r117_c269,1,42.171405,0.003851489174,0.008648143123,False,positive_area_overlap_gt_1m2
eastern_himalaya_foothills,g100_r117_c270,1,574.225449,0.052443666378,0.117757135545,False,positive_area_overlap_gt_1m2
eastern_himalaya_foothills,g100_r117_c271,1,648.385857,0.059216692024,0.132965303741,False,positive_area_overlap_gt_1m2
eastern_himalaya_foothills,g100_r117_c272,1,10.617727,0.00096971067,0.002177390689,False,positive_area_overlap_gt_1m2
